abr 30, 2025 12:12:30 P. M. Log info
INFO: H0000 está en la zona común.
abr 30, 2025 12:12:30 P. M. Log info
INFO: H0001 está en la zona común.
abr 30, 2025 12:12:32 P. M. Log info
INFO: H0002 está en la zona común.
abr 30, 2025 12:12:32 P. M. Log info
INFO: H0000 está esperando para salir en el túnel 0
abr 30, 2025 12:14:20 P. M. Log info
INFO: H0000 está en la zona común.
abr 30, 2025 12:14:21 P. M. Log info
INFO: H0001 está en la zona común.
abr 30, 2025 12:14:22 P. M. Log info
INFO: H0000 está esperando para salir en el túnel 1
abr 30, 2025 12:19:33 P. M. Log info
INFO: H0000 está en la zona común.
abr 30, 2025 12:19:35 P. M. Log info
INFO: H0000 está esperando para salir en el túnel 1
abr 30, 2025 12:22:17 P. M. Log info
INFO: H0000 está en la zona común.
abr 30, 2025 12:22:18 P. M. Log info
INFO: H0001 está en la zona común.
abr 30, 2025 12:22:19 P. M. Log info
INFO: H0000 está esperando para salir en el túnel 3
abr 30, 2025 12:27:09 P. M. Log info
INFO: H0000 está en la zona común.
abr 30, 2025 12:27:10 P. M. Log info
INFO: H0001 está en la zona común.
abr 30, 2025 12:27:10 P. M. Log info
INFO: H0000 está esperando para salir en el túnel 3
abr 30, 2025 12:33:43 P. M. Log info
INFO: H0000 está en la zona común.
abr 30, 2025 12:33:45 P. M. Log info
INFO: H0000 está esperando para salir en el túnel 1
abr 30, 2025 12:35:52 P. M. Log info
INFO: H0000 está en la zona común.
abr 30, 2025 12:53:52 P. M. Log info
INFO: H0000 está en la zona común.
abr 30, 2025 12:53:52 P. M. Log info
INFO: H0001 está en la zona común.
abr 30, 2025 12:53:53 P. M. Log info
INFO: H0000 está esperando para salir en el túnel 0
may 01, 2025 11:30:59 A. M. Log info
INFO: H0000 está en la zona común.
may 01, 2025 11:31:00 A. M. Log info
INFO: H0000 está esperando para salir en el túnel 3
may 01, 2025 11:38:22 A. M. Log info
INFO: H0000 está en la zona común.
may 01, 2025 11:38:22 A. M. Log info
INFO: H0001 está en la zona común.
may 01, 2025 11:38:23 A. M. Log info
INFO: H0000 está en la zona común.
may 01, 2025 11:38:23 A. M. Log info
INFO: H0001 está esperando para salir en el túnel 0
may 01, 2025 11:38:24 A. M. Log info
INFO: H0000 está esperando para salir en el túnel 1
may 01, 2025 11:43:29 A. M. Log info
INFO: H0000 está en la zona común.
may 01, 2025 11:43:29 A. M. Log info
INFO: H0000 está en la zona común.
may 01, 2025 11:43:30 A. M. Log info
INFO: H0001 está en la zona común.
may 01, 2025 11:43:30 A. M. Log info
INFO: H0000 está esperando para salir en el túnel 0
may 01, 2025 11:43:31 A. M. Log info
INFO: H0000 está esperando para salir en el túnel 0
may 01, 2025 11:46:44 A. M. Log info
INFO: H0000 está en la zona común.
may 01, 2025 11:46:45 A. M. Log info
INFO: H0000 está en la zona común.
may 01, 2025 11:46:45 A. M. Log info
INFO: H0001 está en la zona común.
may 01, 2025 11:46:46 A. M. Log info
INFO: H0000 está esperando para salir en el túnel 3
may 01, 2025 11:46:46 A. M. Log info
INFO: H0001 está en la zona común.
may 01, 2025 11:46:47 A. M. Log info
INFO: H0002 está en la zona común.
may 01, 2025 11:46:47 A. M. Log info
INFO: H0000 está esperando para salir en el túnel 3
may 01, 2025 3:26:24 P. M. Log info
INFO: H0000 está en la zona común.
may 01, 2025 3:26:25 P. M. Log info
INFO: H0000 está esperando para salir en el túnel 0
may 02, 2025 11:30:16 A. M. Log info
INFO: H0000 está en la zona común.
may 02, 2025 11:30:17 A. M. Log info
INFO: H0001 está en la zona común.
may 02, 2025 11:30:18 A. M. Log info
INFO: H0000 está esperando para salir en el túnel 0
may 02, 2025 11:41:40 A. M. Log info
INFO: H0000 está en la zona común.
may 02, 2025 11:42:47 A. M. Log info
INFO: H0000 está en la zona común.
may 02, 2025 11:42:48 A. M. Log info
INFO: H0000 está esperando para salir en el túnel 3
may 02, 2025 12:25:52 P. M. Log info
INFO: H0037 está en la zona común.
may 02, 2025 12:25:53 P. M. Log info
INFO: H0058 está en la zona común.
may 02, 2025 12:25:53 P. M. Log info
INFO: H0034 está en la zona común.
may 02, 2025 12:25:53 P. M. Log info
INFO: H0094 está en la zona común.
may 02, 2025 12:25:53 P. M. Log info
INFO: H0564 está en la zona común.
may 02, 2025 12:25:53 P. M. Log info
INFO: H0527 está en la zona común.
may 02, 2025 12:25:53 P. M. Log info
INFO: H0006 está en la zona común.
may 02, 2025 12:25:53 P. M. Log info
INFO: H0039 está en la zona común.
may 02, 2025 12:25:53 P. M. Log info
INFO: H0109 está en la zona común.
may 02, 2025 12:25:53 P. M. Log info
INFO: H0092 está en la zona común.
may 02, 2025 12:25:53 P. M. Log info
INFO: H0082 está en la zona común.
may 02, 2025 12:25:53 P. M. Log info
INFO: H0589 está en la zona común.
may 02, 2025 12:25:53 P. M. Log info
INFO: H0031 está en la zona común.
may 02, 2025 12:25:53 P. M. Log info
INFO: H0072 está en la zona común.
may 02, 2025 12:25:53 P. M. Log info
INFO: H0068 está en la zona común.
may 02, 2025 12:25:53 P. M. Log info
INFO: H0086 está en la zona común.
may 02, 2025 12:25:53 P. M. Log info
INFO: H0163 está en la zona común.
may 02, 2025 12:25:53 P. M. Log info
INFO: H0511 está en la zona común.
may 02, 2025 12:25:53 P. M. Log info
INFO: H0519 está en la zona común.
may 02, 2025 12:25:53 P. M. Log info
INFO: H0452 está en la zona común.
may 02, 2025 12:25:53 P. M. Log info
INFO: H0403 está en la zona común.
may 02, 2025 12:25:53 P. M. Log info
INFO: H0085 está en la zona común.
may 02, 2025 12:25:53 P. M. Log info
INFO: H0424 está en la zona común.
may 02, 2025 12:25:53 P. M. Log info
INFO: H0484 está en la zona común.
may 02, 2025 12:25:53 P. M. Log info
INFO: H0206 está en la zona común.
may 02, 2025 12:25:53 P. M. Log info
INFO: H0241 está en la zona común.
may 02, 2025 12:25:53 P. M. Log info
INFO: H0346 está en la zona común.
may 02, 2025 12:25:53 P. M. Log info
INFO: H0211 está en la zona común.
may 02, 2025 12:25:53 P. M. Log info
INFO: H0613 está en la zona común.
may 02, 2025 12:25:53 P. M. Log info
INFO: H0023 está en la zona común.
may 02, 2025 12:25:53 P. M. Log info
INFO: H0000 está en la zona común.
may 02, 2025 12:25:53 P. M. Log info
INFO: H0463 está en la zona común.
may 02, 2025 12:25:53 P. M. Log info
INFO: H0391 está en la zona común.
may 02, 2025 12:25:53 P. M. Log info
INFO: H0321 está en la zona común.
may 02, 2025 12:25:53 P. M. Log info
INFO: H0466 está en la zona común.
may 02, 2025 12:25:53 P. M. Log info
INFO: H0017 está en la zona común.
may 02, 2025 12:25:53 P. M. Log info
INFO: H0594 está en la zona común.
may 02, 2025 12:25:53 P. M. Log info
INFO: H0666 está en la zona común.
may 02, 2025 12:25:53 P. M. Log info
INFO: H0453 está en la zona común.
may 02, 2025 12:25:53 P. M. Log info
INFO: H0302 está en la zona común.
may 02, 2025 12:25:53 P. M. Log info
INFO: H0075 está en la zona común.
may 02, 2025 12:25:53 P. M. Log info
INFO: H0551 está en la zona común.
may 02, 2025 12:25:53 P. M. Log info
INFO: H0076 está en la zona común.
may 02, 2025 12:25:53 P. M. Log info
INFO: H0141 está en la zona común.
may 02, 2025 12:25:53 P. M. Log info
INFO: H0390 está en la zona común.
may 02, 2025 12:25:53 P. M. Log info
INFO: H0327 está en la zona común.
may 02, 2025 12:25:53 P. M. Log info
INFO: H0725 está en la zona común.
may 02, 2025 12:25:53 P. M. Log info
INFO: H0834 está en la zona común.
may 02, 2025 12:25:53 P. M. Log info
INFO: H0746 está en la zona común.
may 02, 2025 12:25:53 P. M. Log info
INFO: H0533 está en la zona común.
may 02, 2025 12:25:53 P. M. Log info
INFO: H0846 está en la zona común.
may 02, 2025 12:25:53 P. M. Log info
INFO: H0937 está en la zona común.
may 02, 2025 12:25:53 P. M. Log info
INFO: H0189 está en la zona común.
may 02, 2025 12:25:53 P. M. Log info
INFO: H0247 está en la zona común.
may 02, 2025 12:25:53 P. M. Log info
INFO: H0254 está en la zona común.
may 02, 2025 12:25:53 P. M. Log info
INFO: H0386 está en la zona común.
may 02, 2025 12:25:53 P. M. Log info
INFO: H0518 está en la zona común.
may 02, 2025 12:25:53 P. M. Log info
INFO: H0245 está en la zona común.
may 02, 2025 12:25:53 P. M. Log info
INFO: H0628 está en la zona común.
may 02, 2025 12:25:53 P. M. Log info
INFO: H0862 está en la zona común.
may 02, 2025 12:25:53 P. M. Log info
INFO: H0335 está en la zona común.
may 02, 2025 12:25:53 P. M. Log info
INFO: H0739 está en la zona común.
may 02, 2025 12:25:53 P. M. Log info
INFO: H0150 está en la zona común.
may 02, 2025 12:25:53 P. M. Log info
INFO: H0745 está en la zona común.
may 02, 2025 12:25:53 P. M. Log info
INFO: H0038 está en la zona común.
may 02, 2025 12:25:53 P. M. Log info
INFO: H0468 está en la zona común.
may 02, 2025 12:25:53 P. M. Log info
INFO: H0641 está en la zona común.
may 02, 2025 12:25:53 P. M. Log info
INFO: H0523 está en la zona común.
may 02, 2025 12:25:53 P. M. Log info
INFO: H0393 está en la zona común.
may 02, 2025 12:25:53 P. M. Log info
INFO: H0936 está en la zona común.
may 02, 2025 12:25:53 P. M. Log info
INFO: H0192 está en la zona común.
may 02, 2025 12:25:53 P. M. Log info
INFO: H0860 está en la zona común.
may 02, 2025 12:25:53 P. M. Log info
INFO: H0182 está en la zona común.
may 02, 2025 12:25:53 P. M. Log info
INFO: H0366 está en la zona común.
may 02, 2025 12:25:53 P. M. Log info
INFO: H0611 está en la zona común.
may 02, 2025 12:25:53 P. M. Log info
INFO: H0836 está en la zona común.
may 02, 2025 12:25:53 P. M. Log info
INFO: H0451 está en la zona común.
may 02, 2025 12:25:53 P. M. Log info
INFO: H0263 está en la zona común.
may 02, 2025 12:25:53 P. M. Log info
INFO: H0174 está en la zona común.
may 02, 2025 12:25:53 P. M. Log info
INFO: H0063 está en la zona común.
may 02, 2025 12:25:53 P. M. Log info
INFO: H0404 está en la zona común.
may 02, 2025 12:25:53 P. M. Log info
INFO: H0814 está en la zona común.
may 02, 2025 12:25:53 P. M. Log info
INFO: H0773 está en la zona común.
may 02, 2025 12:25:53 P. M. Log info
INFO: H0149 está en la zona común.
may 02, 2025 12:25:53 P. M. Log info
INFO: H0429 está en la zona común.
may 02, 2025 12:25:53 P. M. Log info
INFO: H0940 está en la zona común.
may 02, 2025 12:25:53 P. M. Log info
INFO: H0310 está en la zona común.
may 02, 2025 12:25:53 P. M. Log info
INFO: H0387 está en la zona común.
may 02, 2025 12:25:53 P. M. Log info
INFO: H0090 está en la zona común.
may 02, 2025 12:25:53 P. M. Log info
INFO: H0604 está en la zona común.
may 02, 2025 12:25:53 P. M. Log info
INFO: H0458 está en la zona común.
may 02, 2025 12:25:53 P. M. Log info
INFO: H0543 está en la zona común.
may 02, 2025 12:25:53 P. M. Log info
INFO: H0706 está en la zona común.
may 02, 2025 12:25:53 P. M. Log info
INFO: H0514 está en la zona común.
may 02, 2025 12:25:53 P. M. Log info
INFO: H0512 está en la zona común.
may 02, 2025 12:25:53 P. M. Log info
INFO: H0534 está en la zona común.
may 02, 2025 12:25:53 P. M. Log info
INFO: H0961 está en la zona común.
may 02, 2025 12:25:53 P. M. Log info
INFO: H0905 está en la zona común.
may 02, 2025 12:25:53 P. M. Log info
INFO: H0153 está en la zona común.
may 02, 2025 12:25:53 P. M. Log info
INFO: H0730 está en la zona común.
may 02, 2025 12:25:53 P. M. Log info
INFO: H0103 está en la zona común.
may 02, 2025 12:25:53 P. M. Log info
INFO: H0261 está en la zona común.
may 02, 2025 12:25:53 P. M. Log info
INFO: H0065 está en la zona común.
may 02, 2025 12:25:53 P. M. Log info
INFO: H0864 está en la zona común.
may 02, 2025 12:25:53 P. M. Log info
INFO: H0234 está en la zona común.
may 02, 2025 12:25:53 P. M. Log info
INFO: H0165 está en la zona común.
may 02, 2025 12:25:53 P. M. Log info
INFO: H0116 está en la zona común.
may 02, 2025 12:25:53 P. M. Log info
INFO: H0164 está en la zona común.
may 02, 2025 12:25:53 P. M. Log info
INFO: H0308 está en la zona común.
may 02, 2025 12:25:53 P. M. Log info
INFO: H0207 está en la zona común.
may 02, 2025 12:25:53 P. M. Log info
INFO: H0212 está en la zona común.
may 02, 2025 12:25:53 P. M. Log info
INFO: H0859 está en la zona común.
may 02, 2025 12:25:53 P. M. Log info
INFO: H0712 está en la zona común.
may 02, 2025 12:25:53 P. M. Log info
INFO: H0190 está en la zona común.
may 02, 2025 12:25:53 P. M. Log info
INFO: H0590 está en la zona común.
may 02, 2025 12:25:53 P. M. Log info
INFO: H0996 está en la zona común.
may 02, 2025 12:25:53 P. M. Log info
INFO: H0676 está en la zona común.
may 02, 2025 12:25:53 P. M. Log info
INFO: H0612 está en la zona común.
may 02, 2025 12:25:53 P. M. Log info
INFO: H0865 está en la zona común.
may 02, 2025 12:25:53 P. M. Log info
INFO: H0091 está en la zona común.
may 02, 2025 12:25:53 P. M. Log info
INFO: H0402 está en la zona común.
may 02, 2025 12:25:53 P. M. Log info
INFO: H0827 está en la zona común.
may 02, 2025 12:25:53 P. M. Log info
INFO: H0984 está en la zona común.
may 02, 2025 12:25:53 P. M. Log info
INFO: H0129 está en la zona común.
may 02, 2025 12:25:53 P. M. Log info
INFO: H0626 está en la zona común.
may 02, 2025 12:25:53 P. M. Log info
INFO: H0921 está en la zona común.
may 02, 2025 12:25:53 P. M. Log info
INFO: H0420 está en la zona común.
may 02, 2025 12:25:53 P. M. Log info
INFO: H0631 está en la zona común.
may 02, 2025 12:25:53 P. M. Log info
INFO: H0838 está en la zona común.
may 02, 2025 12:25:53 P. M. Log info
INFO: H0688 está en la zona común.
may 02, 2025 12:25:53 P. M. Log info
INFO: H0962 está en la zona común.
may 02, 2025 12:25:53 P. M. Log info
INFO: H0284 está en la zona común.
may 02, 2025 12:25:53 P. M. Log info
INFO: H0440 está en la zona común.
may 02, 2025 12:25:53 P. M. Log info
INFO: H0701 está en la zona común.
may 02, 2025 12:25:53 P. M. Log info
INFO: H0265 está en la zona común.
may 02, 2025 12:25:53 P. M. Log info
INFO: H0669 está en la zona común.
may 02, 2025 12:25:53 P. M. Log info
INFO: H0532 está en la zona común.
may 02, 2025 12:25:53 P. M. Log info
INFO: H0051 está en la zona común.
may 02, 2025 12:25:53 P. M. Log info
INFO: H0459 está en la zona común.
may 02, 2025 12:25:53 P. M. Log info
INFO: H0181 está en la zona común.
may 02, 2025 12:25:53 P. M. Log info
INFO: H0655 está en la zona común.
may 02, 2025 12:25:53 P. M. Log info
INFO: H0896 está en la zona común.
may 02, 2025 12:25:53 P. M. Log info
INFO: H0257 está en la zona común.
may 02, 2025 12:25:53 P. M. Log info
INFO: H0055 está en la zona común.
may 02, 2025 12:25:53 P. M. Log info
INFO: H0811 está en la zona común.
may 02, 2025 12:25:53 P. M. Log info
INFO: H0625 está en la zona común.
may 02, 2025 12:25:53 P. M. Log info
INFO: H0371 está en la zona común.
may 02, 2025 12:25:53 P. M. Log info
INFO: H0606 está en la zona común.
may 02, 2025 12:25:53 P. M. Log info
INFO: H0314 está en la zona común.
may 02, 2025 12:25:53 P. M. Log info
INFO: H0952 está en la zona común.
may 02, 2025 12:25:53 P. M. Log info
INFO: H0019 está en la zona común.
may 02, 2025 12:25:53 P. M. Log info
INFO: H0151 está en la zona común.
may 02, 2025 12:25:53 P. M. Log info
INFO: H0433 está en la zona común.
may 02, 2025 12:25:53 P. M. Log info
INFO: H0112 está en la zona común.
may 02, 2025 12:25:53 P. M. Log info
INFO: H0771 está en la zona común.
may 02, 2025 12:25:53 P. M. Log info
INFO: H0529 está en la zona común.
may 02, 2025 12:25:53 P. M. Log info
INFO: H0252 está en la zona común.
may 02, 2025 12:25:53 P. M. Log info
INFO: H0218 está en la zona común.
may 02, 2025 12:25:53 P. M. Log info
INFO: H0471 está en la zona común.
may 02, 2025 12:25:53 P. M. Log info
INFO: H0790 está en la zona común.
may 02, 2025 12:25:53 P. M. Log info
INFO: H0413 está en la zona común.
may 02, 2025 12:25:53 P. M. Log info
INFO: H0923 está en la zona común.
may 02, 2025 12:25:53 P. M. Log info
INFO: H0030 está en la zona común.
may 02, 2025 12:25:53 P. M. Log info
INFO: H0444 está en la zona común.
may 02, 2025 12:25:53 P. M. Log info
INFO: H0806 está en la zona común.
may 02, 2025 12:25:53 P. M. Log info
INFO: H0183 está en la zona común.
may 02, 2025 12:25:53 P. M. Log info
INFO: H0592 está en la zona común.
may 02, 2025 12:25:53 P. M. Log info
INFO: H0169 está en la zona común.
may 02, 2025 12:25:53 P. M. Log info
INFO: H0224 está en la zona común.
may 02, 2025 12:25:53 P. M. Log info
INFO: H0975 está en la zona común.
may 02, 2025 12:25:53 P. M. Log info
INFO: H0945 está en la zona común.
may 02, 2025 12:25:53 P. M. Log info
INFO: H0128 está en la zona común.
may 02, 2025 12:25:53 P. M. Log info
INFO: H0922 está en la zona común.
may 02, 2025 12:25:53 P. M. Log info
INFO: H0528 está en la zona común.
may 02, 2025 12:25:53 P. M. Log info
INFO: H0829 está en la zona común.
may 02, 2025 12:25:53 P. M. Log info
INFO: H0336 está en la zona común.
may 02, 2025 12:25:53 P. M. Log info
INFO: H0870 está en la zona común.
may 02, 2025 12:25:53 P. M. Log info
INFO: H0873 está en la zona común.
may 02, 2025 12:25:53 P. M. Log info
INFO: H0145 está en la zona común.
may 02, 2025 12:25:53 P. M. Log info
INFO: H0199 está en la zona común.
may 02, 2025 12:25:53 P. M. Log info
INFO: H0653 está en la zona común.
may 02, 2025 12:25:53 P. M. Log info
INFO: H0062 está en la zona común.
may 02, 2025 12:25:53 P. M. Log info
INFO: H0762 está en la zona común.
may 02, 2025 12:25:53 P. M. Log info
INFO: H0711 está en la zona común.
may 02, 2025 12:25:53 P. M. Log info
INFO: H0173 está en la zona común.
may 02, 2025 12:25:53 P. M. Log info
INFO: H0359 está en la zona común.
may 02, 2025 12:25:53 P. M. Log info
INFO: H0395 está en la zona común.
may 02, 2025 12:25:53 P. M. Log info
INFO: H0548 está en la zona común.
may 02, 2025 12:25:53 P. M. Log info
INFO: H0832 está en la zona común.
may 02, 2025 12:25:53 P. M. Log info
INFO: H0810 está en la zona común.
may 02, 2025 12:25:53 P. M. Log info
INFO: H0231 está en la zona común.
may 02, 2025 12:25:53 P. M. Log info
INFO: H0792 está en la zona común.
may 02, 2025 12:25:53 P. M. Log info
INFO: H0319 está en la zona común.
may 02, 2025 12:25:53 P. M. Log info
INFO: H0275 está en la zona común.
may 02, 2025 12:25:53 P. M. Log info
INFO: H0266 está en la zona común.
may 02, 2025 12:25:53 P. M. Log info
INFO: H0880 está en la zona común.
may 02, 2025 12:25:53 P. M. Log info
INFO: H0088 está en la zona común.
may 02, 2025 12:25:53 P. M. Log info
INFO: H0782 está en la zona común.
may 02, 2025 12:25:53 P. M. Log info
INFO: H0208 está en la zona común.
may 02, 2025 12:25:53 P. M. Log info
INFO: H0467 está en la zona común.
may 02, 2025 12:25:53 P. M. Log info
INFO: H0751 está en la zona común.
may 02, 2025 12:25:53 P. M. Log info
INFO: H0954 está en la zona común.
may 02, 2025 12:25:53 P. M. Log info
INFO: H0986 está en la zona común.
may 02, 2025 12:25:53 P. M. Log info
INFO: H0884 está en la zona común.
may 02, 2025 12:25:53 P. M. Log info
INFO: H0089 está en la zona común.
may 02, 2025 12:25:53 P. M. Log info
INFO: H0981 está en la zona común.
may 02, 2025 12:25:53 P. M. Log info
INFO: H0545 está en la zona común.
may 02, 2025 12:25:53 P. M. Log info
INFO: H0041 está en la zona común.
may 02, 2025 12:25:53 P. M. Log info
INFO: H0456 está en la zona común.
may 02, 2025 12:25:53 P. M. Log info
INFO: H0111 está en la zona común.
may 02, 2025 12:25:53 P. M. Log info
INFO: H0269 está en la zona común.
may 02, 2025 12:25:53 P. M. Log info
INFO: H0236 está en la zona común.
may 02, 2025 12:25:53 P. M. Log info
INFO: H0114 está en la zona común.
may 02, 2025 12:25:53 P. M. Log info
INFO: H0685 está en la zona común.
may 02, 2025 12:25:53 P. M. Log info
INFO: H0447 está en la zona común.
may 02, 2025 12:25:53 P. M. Log info
INFO: H0421 está en la zona común.
may 02, 2025 12:25:53 P. M. Log info
INFO: H0167 está en la zona común.
may 02, 2025 12:25:53 P. M. Log info
INFO: H0723 está en la zona común.
may 02, 2025 12:25:53 P. M. Log info
INFO: H0788 está en la zona común.
may 02, 2025 12:25:53 P. M. Log info
INFO: H0472 está en la zona común.
may 02, 2025 12:25:53 P. M. Log info
INFO: H0185 está en la zona común.
may 02, 2025 12:25:53 P. M. Log info
INFO: H0054 está en la zona común.
may 02, 2025 12:25:53 P. M. Log info
INFO: H0654 está en la zona común.
may 02, 2025 12:25:53 P. M. Log info
INFO: H0828 está en la zona común.
may 02, 2025 12:25:53 P. M. Log info
INFO: H0749 está en la zona común.
may 02, 2025 12:25:53 P. M. Log info
INFO: H0431 está en la zona común.
may 02, 2025 12:25:53 P. M. Log info
INFO: H0597 está en la zona común.
may 02, 2025 12:25:53 P. M. Log info
INFO: H0750 está en la zona común.
may 02, 2025 12:25:53 P. M. Log info
INFO: H0537 está en la zona común.
may 02, 2025 12:25:53 P. M. Log info
INFO: H0012 está en la zona común.
may 02, 2025 12:25:53 P. M. Log info
INFO: H0972 está en la zona común.
may 02, 2025 12:25:53 P. M. Log info
INFO: H0624 está en la zona común.
may 02, 2025 12:25:53 P. M. Log info
INFO: H0904 está en la zona común.
may 02, 2025 12:25:53 P. M. Log info
INFO: H0546 está en la zona común.
may 02, 2025 12:25:53 P. M. Log info
INFO: H0430 está en la zona común.
may 02, 2025 12:25:53 P. M. Log info
INFO: H0238 está en la zona común.
may 02, 2025 12:25:53 P. M. Log info
INFO: H0248 está en la zona común.
may 02, 2025 12:25:53 P. M. Log info
INFO: H0379 está en la zona común.
may 02, 2025 12:25:53 P. M. Log info
INFO: H0699 está en la zona común.
may 02, 2025 12:25:53 P. M. Log info
INFO: H0965 está en la zona común.
may 02, 2025 12:25:53 P. M. Log info
INFO: H0616 está en la zona común.
may 02, 2025 12:25:53 P. M. Log info
INFO: H0800 está en la zona común.
may 02, 2025 12:25:53 P. M. Log info
INFO: H0401 está en la zona común.
may 02, 2025 12:25:53 P. M. Log info
INFO: H0620 está en la zona común.
may 02, 2025 12:25:53 P. M. Log info
INFO: H0350 está en la zona común.
may 02, 2025 12:25:53 P. M. Log info
INFO: H0135 está en la zona común.
may 02, 2025 12:25:53 P. M. Log info
INFO: H0410 está en la zona común.
may 02, 2025 12:25:53 P. M. Log info
INFO: H0645 está en la zona común.
may 02, 2025 12:25:53 P. M. Log info
INFO: H0159 está en la zona común.
may 02, 2025 12:25:53 P. M. Log info
INFO: H0525 está en la zona común.
may 02, 2025 12:25:53 P. M. Log info
INFO: H0127 está en la zona común.
may 02, 2025 12:25:53 P. M. Log info
INFO: H0479 está en la zona común.
may 02, 2025 12:25:53 P. M. Log info
INFO: H0490 está en la zona común.
may 02, 2025 12:25:53 P. M. Log info
INFO: H0441 está en la zona común.
may 02, 2025 12:25:53 P. M. Log info
INFO: H0622 está en la zona común.
may 02, 2025 12:25:53 P. M. Log info
INFO: H0634 está en la zona común.
may 02, 2025 12:25:53 P. M. Log info
INFO: H0796 está en la zona común.
may 02, 2025 12:25:53 P. M. Log info
INFO: H0789 está en la zona común.
may 02, 2025 12:25:53 P. M. Log info
INFO: H0069 está en la zona común.
may 02, 2025 12:25:53 P. M. Log info
INFO: H0888 está en la zona común.
may 02, 2025 12:25:53 P. M. Log info
INFO: H0765 está en la zona común.
may 02, 2025 12:25:53 P. M. Log info
INFO: H0868 está en la zona común.
may 02, 2025 12:25:53 P. M. Log info
INFO: H0630 está en la zona común.
may 02, 2025 12:25:53 P. M. Log info
INFO: H0123 está en la zona común.
may 02, 2025 12:25:53 P. M. Log info
INFO: H0973 está en la zona común.
may 02, 2025 12:25:53 P. M. Log info
INFO: H0966 está en la zona común.
may 02, 2025 12:25:53 P. M. Log info
INFO: H0288 está en la zona común.
may 02, 2025 12:25:53 P. M. Log info
INFO: H0850 está en la zona común.
may 02, 2025 12:25:53 P. M. Log info
INFO: H0680 está en la zona común.
may 02, 2025 12:25:53 P. M. Log info
INFO: H0738 está en la zona común.
may 02, 2025 12:25:53 P. M. Log info
INFO: H0299 está en la zona común.
may 02, 2025 12:25:53 P. M. Log info
INFO: H0170 está en la zona común.
may 02, 2025 12:25:53 P. M. Log info
INFO: H0733 está en la zona común.
may 02, 2025 12:25:53 P. M. Log info
INFO: H0326 está en la zona común.
may 02, 2025 12:25:53 P. M. Log info
INFO: H0851 está en la zona común.
may 02, 2025 12:25:53 P. M. Log info
INFO: H0881 está en la zona común.
may 02, 2025 12:25:53 P. M. Log info
INFO: H0555 está en la zona común.
may 02, 2025 12:25:53 P. M. Log info
INFO: H0879 está en la zona común.
may 02, 2025 12:25:53 P. M. Log info
INFO: H0442 está en la zona común.
may 02, 2025 12:25:53 P. M. Log info
INFO: H0253 está en la zona común.
may 02, 2025 12:25:53 P. M. Log info
INFO: H0675 está en la zona común.
may 02, 2025 12:25:53 P. M. Log info
INFO: H0475 está en la zona común.
may 02, 2025 12:25:53 P. M. Log info
INFO: H0759 está en la zona común.
may 02, 2025 12:25:53 P. M. Log info
INFO: H0304 está en la zona común.
may 02, 2025 12:25:53 P. M. Log info
INFO: H0279 está en la zona común.
may 02, 2025 12:25:53 P. M. Log info
INFO: H0538 está en la zona común.
may 02, 2025 12:25:53 P. M. Log info
INFO: H0000 está en la zona común.
may 02, 2025 12:25:53 P. M. Log info
INFO: H0646 está en la zona común.
may 02, 2025 12:25:53 P. M. Log info
INFO: H0596 está en la zona común.
may 02, 2025 12:25:53 P. M. Log info
INFO: H0853 está en la zona común.
may 02, 2025 12:25:53 P. M. Log info
INFO: H0258 está en la zona común.
may 02, 2025 12:25:53 P. M. Log info
INFO: H0695 está en la zona común.
may 02, 2025 12:25:53 P. M. Log info
INFO: H0175 está en la zona común.
may 02, 2025 12:25:53 P. M. Log info
INFO: H0959 está en la zona común.
may 02, 2025 12:25:53 P. M. Log info
INFO: H0958 está en la zona común.
may 02, 2025 12:25:53 P. M. Log info
INFO: H0801 está en la zona común.
may 02, 2025 12:25:53 P. M. Log info
INFO: H0943 está en la zona común.
may 02, 2025 12:25:53 P. M. Log info
INFO: H0146 está en la zona común.
may 02, 2025 12:25:53 P. M. Log info
INFO: H0251 está en la zona común.
may 02, 2025 12:25:53 P. M. Log info
INFO: H0184 está en la zona común.
may 02, 2025 12:25:53 P. M. Log info
INFO: H0152 está en la zona común.
may 02, 2025 12:25:53 P. M. Log info
INFO: H0909 está en la zona común.
may 02, 2025 12:25:53 P. M. Log info
INFO: H0808 está en la zona común.
may 02, 2025 12:25:53 P. M. Log info
INFO: H0799 está en la zona común.
may 02, 2025 12:25:53 P. M. Log info
INFO: H0361 está en la zona común.
may 02, 2025 12:25:53 P. M. Log info
INFO: H0980 está en la zona común.
may 02, 2025 12:25:53 P. M. Log info
INFO: H0760 está en la zona común.
may 02, 2025 12:25:53 P. M. Log info
INFO: H0990 está en la zona común.
may 02, 2025 12:25:53 P. M. Log info
INFO: H0225 está en la zona común.
may 02, 2025 12:25:53 P. M. Log info
INFO: H0852 está en la zona común.
may 02, 2025 12:25:53 P. M. Log info
INFO: H0260 está en la zona común.
may 02, 2025 12:25:53 P. M. Log info
INFO: H0166 está en la zona común.
may 02, 2025 12:25:53 P. M. Log info
INFO: H0198 está en la zona común.
may 02, 2025 12:25:53 P. M. Log info
INFO: H0427 está en la zona común.
may 02, 2025 12:25:53 P. M. Log info
INFO: H0178 está en la zona común.
may 02, 2025 12:25:53 P. M. Log info
INFO: H0059 está en la zona común.
may 02, 2025 12:25:53 P. M. Log info
INFO: H0272 está en la zona común.
may 02, 2025 12:25:53 P. M. Log info
INFO: H0414 está en la zona común.
may 02, 2025 12:25:53 P. M. Log info
INFO: H0021 está en la zona común.
may 02, 2025 12:25:53 P. M. Log info
INFO: H0821 está en la zona común.
may 02, 2025 12:25:53 P. M. Log info
INFO: H0100 está en la zona común.
may 02, 2025 12:25:53 P. M. Log info
INFO: H0405 está en la zona común.
may 02, 2025 12:25:53 P. M. Log info
INFO: H0515 está en la zona común.
may 02, 2025 12:25:53 P. M. Log info
INFO: H0668 está en la zona común.
may 02, 2025 12:25:53 P. M. Log info
INFO: H0374 está en la zona común.
may 02, 2025 12:25:53 P. M. Log info
INFO: H0982 está en la zona común.
may 02, 2025 12:25:53 P. M. Log info
INFO: H0005 está en la zona común.
may 02, 2025 12:25:53 P. M. Log info
INFO: H0406 está en la zona común.
may 02, 2025 12:25:53 P. M. Log info
INFO: H0053 está en la zona común.
may 02, 2025 12:25:53 P. M. Log info
INFO: H0171 está en la zona común.
may 02, 2025 12:25:53 P. M. Log info
INFO: H0520 está en la zona común.
may 02, 2025 12:25:53 P. M. Log info
INFO: H0979 está en la zona común.
may 02, 2025 12:25:53 P. M. Log info
INFO: H0449 está en la zona común.
may 02, 2025 12:25:53 P. M. Log info
INFO: H0581 está en la zona común.
may 02, 2025 12:25:53 P. M. Log info
INFO: H0043 está en la zona común.
may 02, 2025 12:25:53 P. M. Log info
INFO: H0099 está en la zona común.
may 02, 2025 12:25:53 P. M. Log info
INFO: H0633 está en la zona común.
may 02, 2025 12:25:53 P. M. Log info
INFO: H0136 está en la zona común.
may 02, 2025 12:25:53 P. M. Log info
INFO: H0305 está en la zona común.
may 02, 2025 12:25:53 P. M. Log info
INFO: H0702 está en la zona común.
may 02, 2025 12:25:53 P. M. Log info
INFO: H0908 está en la zona común.
may 02, 2025 12:25:53 P. M. Log info
INFO: H0837 está en la zona común.
may 02, 2025 12:25:53 P. M. Log info
INFO: H0930 está en la zona común.
may 02, 2025 12:25:53 P. M. Log info
INFO: H0671 está en la zona común.
may 02, 2025 12:25:53 P. M. Log info
INFO: H0443 está en la zona común.
may 02, 2025 12:25:53 P. M. Log info
INFO: H0809 está en la zona común.
may 02, 2025 12:25:53 P. M. Log info
INFO: H0157 está en la zona común.
may 02, 2025 12:25:53 P. M. Log info
INFO: H0464 está en la zona común.
may 02, 2025 12:25:53 P. M. Log info
INFO: H0499 está en la zona común.
may 02, 2025 12:25:53 P. M. Log info
INFO: H0289 está en la zona común.
may 02, 2025 12:25:53 P. M. Log info
INFO: H0187 está en la zona común.
may 02, 2025 12:25:53 P. M. Log info
INFO: H0950 está en la zona común.
may 02, 2025 12:25:53 P. M. Log info
INFO: H0487 está en la zona común.
may 02, 2025 12:25:53 P. M. Log info
INFO: H0562 está en la zona común.
may 02, 2025 12:25:53 P. M. Log info
INFO: H0204 está en la zona común.
may 02, 2025 12:25:53 P. M. Log info
INFO: H0087 está en la zona común.
may 02, 2025 12:25:53 P. M. Log info
INFO: H0658 está en la zona común.
may 02, 2025 12:25:53 P. M. Log info
INFO: H0895 está en la zona común.
may 02, 2025 12:25:53 P. M. Log info
INFO: H0869 está en la zona común.
may 02, 2025 12:25:53 P. M. Log info
INFO: H0558 está en la zona común.
may 02, 2025 12:25:53 P. M. Log info
INFO: H0380 está en la zona común.
may 02, 2025 12:25:53 P. M. Log info
INFO: H0595 está en la zona común.
may 02, 2025 12:25:53 P. M. Log info
INFO: H0737 está en la zona común.
may 02, 2025 12:25:53 P. M. Log info
INFO: H0997 está en la zona común.
may 02, 2025 12:25:53 P. M. Log info
INFO: H0418 está en la zona común.
may 02, 2025 12:25:53 P. M. Log info
INFO: H0230 está en la zona común.
may 02, 2025 12:25:53 P. M. Log info
INFO: H0585 está en la zona común.
may 02, 2025 12:25:53 P. M. Log info
INFO: H0409 está en la zona común.
may 02, 2025 12:25:53 P. M. Log info
INFO: H0343 está en la zona común.
may 02, 2025 12:25:53 P. M. Log info
INFO: H0110 está en la zona común.
may 02, 2025 12:25:53 P. M. Log info
INFO: H0820 está en la zona común.
may 02, 2025 12:25:53 P. M. Log info
INFO: H0259 está en la zona común.
may 02, 2025 12:25:53 P. M. Log info
INFO: H0080 está en la zona común.
may 02, 2025 12:25:53 P. M. Log info
INFO: H0787 está en la zona común.
may 02, 2025 12:25:53 P. M. Log info
INFO: H0078 está en la zona común.
may 02, 2025 12:25:53 P. M. Log info
INFO: H0874 está en la zona común.
may 02, 2025 12:25:53 P. M. Log info
INFO: H0826 está en la zona común.
may 02, 2025 12:25:53 P. M. Log info
INFO: H0670 está en la zona común.
may 02, 2025 12:25:53 P. M. Log info
INFO: H0425 está en la zona común.
may 02, 2025 12:25:53 P. M. Log info
INFO: H0491 está en la zona común.
may 02, 2025 12:25:53 P. M. Log info
INFO: H0461 está en la zona común.
may 02, 2025 12:25:53 P. M. Log info
INFO: H0095 está en la zona común.
may 02, 2025 12:25:53 P. M. Log info
INFO: H0437 está en la zona común.
may 02, 2025 12:25:53 P. M. Log info
INFO: H0052 está en la zona común.
may 02, 2025 12:25:53 P. M. Log info
INFO: H0741 está en la zona común.
may 02, 2025 12:25:53 P. M. Log info
INFO: H0307 está en la zona común.
may 02, 2025 12:25:53 P. M. Log info
INFO: H0687 está en la zona común.
may 02, 2025 12:25:53 P. M. Log info
INFO: H0322 está en la zona común.
may 02, 2025 12:25:53 P. M. Log info
INFO: H0480 está en la zona común.
may 02, 2025 12:25:53 P. M. Log info
INFO: H0803 está en la zona común.
may 02, 2025 12:25:53 P. M. Log info
INFO: H0481 está en la zona común.
may 02, 2025 12:25:53 P. M. Log info
INFO: H0995 está en la zona común.
may 02, 2025 12:25:53 P. M. Log info
INFO: H0713 está en la zona común.
may 02, 2025 12:25:53 P. M. Log info
INFO: H0292 está en la zona común.
may 02, 2025 12:25:53 P. M. Log info
INFO: H0298 está en la zona común.
may 02, 2025 12:25:53 P. M. Log info
INFO: H0422 está en la zona común.
may 02, 2025 12:25:53 P. M. Log info
INFO: H0003 está en la zona común.
may 02, 2025 12:25:53 P. M. Log info
INFO: H0642 está en la zona común.
may 02, 2025 12:25:53 P. M. Log info
INFO: H0385 está en la zona común.
may 02, 2025 12:25:53 P. M. Log info
INFO: H0946 está en la zona común.
may 02, 2025 12:25:53 P. M. Log info
INFO: H0705 está en la zona común.
may 02, 2025 12:25:53 P. M. Log info
INFO: H0438 está en la zona común.
may 02, 2025 12:25:53 P. M. Log info
INFO: H0584 está en la zona común.
may 02, 2025 12:25:53 P. M. Log info
INFO: H0047 está en la zona común.
may 02, 2025 12:25:53 P. M. Log info
INFO: H0362 está en la zona común.
may 02, 2025 12:25:53 P. M. Log info
INFO: H0423 está en la zona común.
may 02, 2025 12:25:53 P. M. Log info
INFO: H0764 está en la zona común.
may 02, 2025 12:25:53 P. M. Log info
INFO: H0835 está en la zona común.
may 02, 2025 12:25:53 P. M. Log info
INFO: H0629 está en la zona común.
may 02, 2025 12:25:53 P. M. Log info
INFO: H0955 está en la zona común.
may 02, 2025 12:25:53 P. M. Log info
INFO: H0726 está en la zona común.
may 02, 2025 12:25:53 P. M. Log info
INFO: H0758 está en la zona común.
may 02, 2025 12:25:53 P. M. Log info
INFO: H0002 está en la zona común.
may 02, 2025 12:25:53 P. M. Log info
INFO: H0477 está en la zona común.
may 02, 2025 12:25:53 P. M. Log info
INFO: H0578 está en la zona común.
may 02, 2025 12:25:53 P. M. Log info
INFO: H0121 está en la zona común.
may 02, 2025 12:25:53 P. M. Log info
INFO: H0570 está en la zona común.
may 02, 2025 12:25:53 P. M. Log info
INFO: H0450 está en la zona común.
may 02, 2025 12:25:53 P. M. Log info
INFO: H0118 está en la zona común.
may 02, 2025 12:25:53 P. M. Log info
INFO: H0818 está en la zona común.
may 02, 2025 12:25:53 P. M. Log info
INFO: H0593 está en la zona común.
may 02, 2025 12:25:53 P. M. Log info
INFO: H0202 está en la zona común.
may 02, 2025 12:25:53 P. M. Log info
INFO: H0516 está en la zona común.
may 02, 2025 12:25:53 P. M. Log info
INFO: H0509 está en la zona común.
may 02, 2025 12:25:53 P. M. Log info
INFO: H0469 está en la zona común.
may 02, 2025 12:25:53 P. M. Log info
INFO: H0974 está en la zona común.
may 02, 2025 12:25:53 P. M. Log info
INFO: H0967 está en la zona común.
may 02, 2025 12:25:53 P. M. Log info
INFO: H0293 está en la zona común.
may 02, 2025 12:25:53 P. M. Log info
INFO: H0233 está en la zona común.
may 02, 2025 12:25:53 P. M. Log info
INFO: H0470 está en la zona común.
may 02, 2025 12:25:53 P. M. Log info
INFO: H0134 está en la zona común.
may 02, 2025 12:25:53 P. M. Log info
INFO: H0539 está en la zona común.
may 02, 2025 12:25:53 P. M. Log info
INFO: H0377 está en la zona común.
may 02, 2025 12:25:53 P. M. Log info
INFO: H0084 está en la zona común.
may 02, 2025 12:25:53 P. M. Log info
INFO: H0587 está en la zona común.
may 02, 2025 12:25:53 P. M. Log info
INFO: H0598 está en la zona común.
may 02, 2025 12:25:53 P. M. Log info
INFO: H0541 está en la zona común.
may 02, 2025 12:25:53 P. M. Log info
INFO: H0029 está en la zona común.
may 02, 2025 12:25:53 P. M. Log info
INFO: H0162 está en la zona común.
may 02, 2025 12:25:53 P. M. Log info
INFO: H0119 está en la zona común.
may 02, 2025 12:25:53 P. M. Log info
INFO: H0232 está en la zona común.
may 02, 2025 12:25:53 P. M. Log info
INFO: H0498 está en la zona común.
may 02, 2025 12:25:53 P. M. Log info
INFO: H0696 está en la zona común.
may 02, 2025 12:25:53 P. M. Log info
INFO: H0661 está en la zona común.
may 02, 2025 12:25:53 P. M. Log info
INFO: H0273 está en la zona común.
may 02, 2025 12:25:53 P. M. Log info
INFO: H0067 está en la zona común.
may 02, 2025 12:25:53 P. M. Log info
INFO: H0282 está en la zona común.
may 02, 2025 12:25:53 P. M. Log info
INFO: H0876 está en la zona común.
may 02, 2025 12:25:53 P. M. Log info
INFO: H0932 está en la zona común.
may 02, 2025 12:25:53 P. M. Log info
INFO: H0340 está en la zona común.
may 02, 2025 12:25:53 P. M. Log info
INFO: H0535 está en la zona común.
may 02, 2025 12:25:53 P. M. Log info
INFO: H0784 está en la zona común.
may 02, 2025 12:25:53 P. M. Log info
INFO: H0382 está en la zona común.
may 02, 2025 12:25:53 P. M. Log info
INFO: H0246 está en la zona común.
may 02, 2025 12:25:53 P. M. Log info
INFO: H0057 está en la zona común.
may 02, 2025 12:25:53 P. M. Log info
INFO: H0717 está en la zona común.
may 02, 2025 12:25:53 P. M. Log info
INFO: H0270 está en la zona común.
may 02, 2025 12:25:53 P. M. Log info
INFO: H0126 está en la zona común.
may 02, 2025 12:25:53 P. M. Log info
INFO: H0133 está en la zona común.
may 02, 2025 12:25:53 P. M. Log info
INFO: H0324 está en la zona común.
may 02, 2025 12:25:53 P. M. Log info
INFO: H0638 está en la zona común.
may 02, 2025 12:25:53 P. M. Log info
INFO: H0724 está en la zona común.
may 02, 2025 12:25:53 P. M. Log info
INFO: H0556 está en la zona común.
may 02, 2025 12:25:53 P. M. Log info
INFO: H0370 está en la zona común.
may 02, 2025 12:25:53 P. M. Log info
INFO: H0985 está en la zona común.
may 02, 2025 12:25:53 P. M. Log info
INFO: H0586 está en la zona común.
may 02, 2025 12:25:53 P. M. Log info
INFO: H0317 está en la zona común.
may 02, 2025 12:25:53 P. M. Log info
INFO: H0262 está en la zona común.
may 02, 2025 12:25:53 P. M. Log info
INFO: H0795 está en la zona común.
may 02, 2025 12:25:53 P. M. Log info
INFO: H0131 está en la zona común.
may 02, 2025 12:25:53 P. M. Log info
INFO: H0140 está en la zona común.
may 02, 2025 12:25:53 P. M. Log info
INFO: H0408 está en la zona común.
may 02, 2025 12:25:53 P. M. Log info
INFO: H0142 está en la zona común.
may 02, 2025 12:25:53 P. M. Log info
INFO: H0083 está en la zona común.
may 02, 2025 12:25:53 P. M. Log info
INFO: H0703 está en la zona común.
may 02, 2025 12:25:53 P. M. Log info
INFO: H0505 está en la zona común.
may 02, 2025 12:25:53 P. M. Log info
INFO: H0552 está en la zona común.
may 02, 2025 12:25:53 P. M. Log info
INFO: H0492 está en la zona común.
may 02, 2025 12:25:53 P. M. Log info
INFO: H0081 está en la zona común.
may 02, 2025 12:25:53 P. M. Log info
INFO: H0330 está en la zona común.
may 02, 2025 12:25:53 P. M. Log info
INFO: H0553 está en la zona común.
may 02, 2025 12:25:53 P. M. Log info
INFO: H0294 está en la zona común.
may 02, 2025 12:25:53 P. M. Log info
INFO: H0550 está en la zona común.
may 02, 2025 12:25:53 P. M. Log info
INFO: H0917 está en la zona común.
may 02, 2025 12:25:53 P. M. Log info
INFO: H0854 está en la zona común.
may 02, 2025 12:25:53 P. M. Log info
INFO: H0122 está en la zona común.
may 02, 2025 12:25:53 P. M. Log info
INFO: H0176 está en la zona común.
may 02, 2025 12:25:53 P. M. Log info
INFO: H0833 está en la zona común.
may 02, 2025 12:25:53 P. M. Log info
INFO: H0235 está en la zona común.
may 02, 2025 12:25:53 P. M. Log info
INFO: H0476 está en la zona común.
may 02, 2025 12:25:53 P. M. Log info
INFO: H0744 está en la zona común.
may 02, 2025 12:25:53 P. M. Log info
INFO: H0747 está en la zona común.
may 02, 2025 12:25:53 P. M. Log info
INFO: H0863 está en la zona común.
may 02, 2025 12:25:53 P. M. Log info
INFO: H0547 está en la zona común.
may 02, 2025 12:25:53 P. M. Log info
INFO: H0172 está en la zona común.
may 02, 2025 12:25:53 P. M. Log info
INFO: H0816 está en la zona común.
may 02, 2025 12:25:53 P. M. Log info
INFO: H0376 está en la zona común.
may 02, 2025 12:25:53 P. M. Log info
INFO: H0561 está en la zona común.
may 02, 2025 12:25:53 P. M. Log info
INFO: H0353 está en la zona común.
may 02, 2025 12:25:53 P. M. Log info
INFO: H0485 está en la zona común.
may 02, 2025 12:25:53 P. M. Log info
INFO: H0817 está en la zona común.
may 02, 2025 12:25:53 P. M. Log info
INFO: H0313 está en la zona común.
may 02, 2025 12:25:53 P. M. Log info
INFO: H0392 está en la zona común.
may 02, 2025 12:25:53 P. M. Log info
INFO: H0267 está en la zona común.
may 02, 2025 12:25:53 P. M. Log info
INFO: H0316 está en la zona común.
may 02, 2025 12:25:53 P. M. Log info
INFO: H0205 está en la zona común.
may 02, 2025 12:25:53 P. M. Log info
INFO: H0365 está en la zona común.
may 02, 2025 12:25:53 P. M. Log info
INFO: H0448 está en la zona común.
may 02, 2025 12:25:53 P. M. Log info
INFO: H0071 está en la zona común.
may 02, 2025 12:25:53 P. M. Log info
INFO: H0223 está en la zona común.
may 02, 2025 12:25:53 P. M. Log info
INFO: H0328 está en la zona común.
may 02, 2025 12:25:53 P. M. Log info
INFO: H0819 está en la zona común.
may 02, 2025 12:25:53 P. M. Log info
INFO: H0488 está en la zona común.
may 02, 2025 12:25:53 P. M. Log info
INFO: H0342 está en la zona común.
may 02, 2025 12:25:53 P. M. Log info
INFO: H0875 está en la zona común.
may 02, 2025 12:25:53 P. M. Log info
INFO: H0521 está en la zona común.
may 02, 2025 12:25:53 P. M. Log info
INFO: H0309 está en la zona común.
may 02, 2025 12:25:53 P. M. Log info
INFO: H0384 está en la zona común.
may 02, 2025 12:25:53 P. M. Log info
INFO: H0124 está en la zona común.
may 02, 2025 12:25:53 P. M. Log info
INFO: H0274 está en la zona común.
may 02, 2025 12:25:53 P. M. Log info
INFO: H0394 está en la zona común.
may 02, 2025 12:25:53 P. M. Log info
INFO: H0690 está en la zona común.
may 02, 2025 12:25:53 P. M. Log info
INFO: H0503 está en la zona común.
may 02, 2025 12:25:53 P. M. Log info
INFO: H0096 está en la zona común.
may 02, 2025 12:25:53 P. M. Log info
INFO: H0919 está en la zona común.
may 02, 2025 12:25:53 P. M. Log info
INFO: H0778 está en la zona común.
may 02, 2025 12:25:53 P. M. Log info
INFO: H0070 está en la zona común.
may 02, 2025 12:25:53 P. M. Log info
INFO: H0656 está en la zona común.
may 02, 2025 12:25:53 P. M. Log info
INFO: H0830 está en la zona común.
may 02, 2025 12:25:53 P. M. Log info
INFO: H0617 está en la zona común.
may 02, 2025 12:25:53 P. M. Log info
INFO: H0457 está en la zona común.
may 02, 2025 12:25:53 P. M. Log info
INFO: H0132 está en la zona común.
may 02, 2025 12:25:53 P. M. Log info
INFO: H0255 está en la zona común.
may 02, 2025 12:25:53 P. M. Log info
INFO: H0804 está en la zona común.
may 02, 2025 12:25:53 P. M. Log info
INFO: H0219 está en la zona común.
may 02, 2025 12:25:53 P. M. Log info
INFO: H0822 está en la zona común.
may 02, 2025 12:25:53 P. M. Log info
INFO: H0318 está en la zona común.
may 02, 2025 12:25:53 P. M. Log info
INFO: H0791 está en la zona común.
may 02, 2025 12:25:53 P. M. Log info
INFO: H0348 está en la zona común.
may 02, 2025 12:25:53 P. M. Log info
INFO: H0417 está en la zona común.
may 02, 2025 12:25:53 P. M. Log info
INFO: H0651 está en la zona común.
may 02, 2025 12:25:53 P. M. Log info
INFO: H0994 está en la zona común.
may 02, 2025 12:25:53 P. M. Log info
INFO: H0144 está en la zona común.
may 02, 2025 12:25:53 P. M. Log info
INFO: H0734 está en la zona común.
may 02, 2025 12:25:53 P. M. Log info
INFO: H0644 está en la zona común.
may 02, 2025 12:25:53 P. M. Log info
INFO: H0046 está en la zona común.
may 02, 2025 12:25:53 P. M. Log info
INFO: H0415 está en la zona común.
may 02, 2025 12:25:53 P. M. Log info
INFO: H0113 está en la zona común.
may 02, 2025 12:25:53 P. M. Log info
INFO: H0368 está en la zona común.
may 02, 2025 12:25:53 P. M. Log info
INFO: H0486 está en la zona común.
may 02, 2025 12:25:53 P. M. Log info
INFO: H0569 está en la zona común.
may 02, 2025 12:25:53 P. M. Log info
INFO: H0022 está en la zona común.
may 02, 2025 12:25:53 P. M. Log info
INFO: H0890 está en la zona común.
may 02, 2025 12:25:53 P. M. Log info
INFO: H0502 está en la zona común.
may 02, 2025 12:25:53 P. M. Log info
INFO: H0692 está en la zona común.
may 02, 2025 12:25:53 P. M. Log info
INFO: H0640 está en la zona común.
may 02, 2025 12:25:53 P. M. Log info
INFO: H0542 está en la zona común.
may 02, 2025 12:25:53 P. M. Log info
INFO: H0242 está en la zona común.
may 02, 2025 12:25:53 P. M. Log info
INFO: H0250 está en la zona común.
may 02, 2025 12:25:53 P. M. Log info
INFO: H0583 está en la zona común.
may 02, 2025 12:25:53 P. M. Log info
INFO: H0793 está en la zona común.
may 02, 2025 12:25:53 P. M. Log info
INFO: H0155 está en la zona común.
may 02, 2025 12:25:53 P. M. Log info
INFO: H0766 está en la zona común.
may 02, 2025 12:25:53 P. M. Log info
INFO: H0227 está en la zona común.
may 02, 2025 12:25:53 P. M. Log info
INFO: H0614 está en la zona común.
may 02, 2025 12:25:53 P. M. Log info
INFO: H0763 está en la zona común.
may 02, 2025 12:25:53 P. M. Log info
INFO: H0540 está en la zona común.
may 02, 2025 12:25:53 P. M. Log info
INFO: H0607 está en la zona común.
may 02, 2025 12:25:53 P. M. Log info
INFO: H0915 está en la zona común.
may 02, 2025 12:25:53 P. M. Log info
INFO: H0657 está en la zona común.
may 02, 2025 12:25:53 P. M. Log info
INFO: H0887 está en la zona común.
may 02, 2025 12:25:53 P. M. Log info
INFO: H0697 está en la zona común.
may 02, 2025 12:25:53 P. M. Log info
INFO: H0848 está en la zona común.
may 02, 2025 12:25:53 P. M. Log info
INFO: H0283 está en la zona común.
may 02, 2025 12:25:53 P. M. Log info
INFO: H0823 está en la zona común.
may 02, 2025 12:25:53 P. M. Log info
INFO: H0929 está en la zona común.
may 02, 2025 12:25:53 P. M. Log info
INFO: H0566 está en la zona común.
may 02, 2025 12:25:53 P. M. Log info
INFO: H0935 está en la zona común.
may 02, 2025 12:25:53 P. M. Log info
INFO: H0381 está en la zona común.
may 02, 2025 12:25:53 P. M. Log info
INFO: H0226 está en la zona común.
may 02, 2025 12:25:53 P. M. Log info
INFO: H0435 está en la zona común.
may 02, 2025 12:25:53 P. M. Log info
INFO: H0016 está en la zona común.
may 02, 2025 12:25:53 P. M. Log info
INFO: H0048 está en la zona común.
may 02, 2025 12:25:53 P. M. Log info
INFO: H0839 está en la zona común.
may 02, 2025 12:25:53 P. M. Log info
INFO: H0988 está en la zona común.
may 02, 2025 12:25:53 P. M. Log info
INFO: H0636 está en la zona común.
may 02, 2025 12:25:53 P. M. Log info
INFO: H0951 está en la zona común.
may 02, 2025 12:25:53 P. M. Log info
INFO: H0573 está en la zona común.
may 02, 2025 12:25:53 P. M. Log info
INFO: H0998 está en la zona común.
may 02, 2025 12:25:53 P. M. Log info
INFO: H0295 está en la zona común.
may 02, 2025 12:25:53 P. M. Log info
INFO: H0513 está en la zona común.
may 02, 2025 12:25:53 P. M. Log info
INFO: H0147 está en la zona común.
may 02, 2025 12:25:53 P. M. Log info
INFO: H0700 está en la zona común.
may 02, 2025 12:25:53 P. M. Log info
INFO: H0331 está en la zona común.
may 02, 2025 12:25:53 P. M. Log info
INFO: H0290 está en la zona común.
may 02, 2025 12:25:53 P. M. Log info
INFO: H0934 está en la zona común.
may 02, 2025 12:25:53 P. M. Log info
INFO: H0217 está en la zona común.
may 02, 2025 12:25:53 P. M. Log info
INFO: H0677 está en la zona común.
may 02, 2025 12:25:53 P. M. Log info
INFO: H0064 está en la zona común.
may 02, 2025 12:25:53 P. M. Log info
INFO: H0434 está en la zona común.
may 02, 2025 12:25:53 P. M. Log info
INFO: H0576 está en la zona común.
may 02, 2025 12:25:53 P. M. Log info
INFO: H0143 está en la zona común.
may 02, 2025 12:25:53 P. M. Log info
INFO: H0478 está en la zona común.
may 02, 2025 12:25:53 P. M. Log info
INFO: H0191 está en la zona común.
may 02, 2025 12:25:53 P. M. Log info
INFO: H0495 está en la zona común.
may 02, 2025 12:25:53 P. M. Log info
INFO: H0939 está en la zona común.
may 02, 2025 12:25:53 P. M. Log info
INFO: H0011 está en la zona común.
may 02, 2025 12:25:53 P. M. Log info
INFO: H0999 está en la zona común.
may 02, 2025 12:25:53 P. M. Log info
INFO: H0524 está en la zona común.
may 02, 2025 12:25:54 P. M. Log info
INFO: H0783 está en la zona común.
may 02, 2025 12:25:54 P. M. Log info
INFO: H0474 está en la zona común.
may 02, 2025 12:25:54 P. M. Log info
INFO: H0831 está en la zona común.
may 02, 2025 12:25:54 P. M. Log info
INFO: H0947 está en la zona común.
may 02, 2025 12:25:54 P. M. Log info
INFO: H0601 está en la zona común.
may 02, 2025 12:25:54 P. M. Log info
INFO: H0256 está en la zona común.
may 02, 2025 12:25:54 P. M. Log info
INFO: H0508 está en la zona común.
may 02, 2025 12:25:54 P. M. Log info
INFO: H0600 está en la zona común.
may 02, 2025 12:25:54 P. M. Log info
INFO: H0623 está en la zona común.
may 02, 2025 12:25:54 P. M. Log info
INFO: H0407 está en la zona común.
may 02, 2025 12:25:54 P. M. Log info
INFO: H0363 está en la zona común.
may 02, 2025 12:25:54 P. M. Log info
INFO: H0315 está en la zona común.
may 02, 2025 12:25:54 P. M. Log info
INFO: H0243 está en la zona común.
may 02, 2025 12:25:54 P. M. Log info
INFO: H0013 está en la zona común.
may 02, 2025 12:25:54 P. M. Log info
INFO: H0347 está en la zona común.
may 02, 2025 12:25:54 P. M. Log info
INFO: H0356 está en la zona común.
may 02, 2025 12:25:54 P. M. Log info
INFO: H0577 está en la zona común.
may 02, 2025 12:25:54 P. M. Log info
INFO: H0615 está en la zona común.
may 02, 2025 12:25:54 P. M. Log info
INFO: H0710 está en la zona común.
may 02, 2025 12:25:54 P. M. Log info
INFO: H0240 está en la zona común.
may 02, 2025 12:25:54 P. M. Log info
INFO: H0872 está en la zona común.
may 02, 2025 12:25:54 P. M. Log info
INFO: H0867 está en la zona común.
may 02, 2025 12:25:54 P. M. Log info
INFO: H0473 está en la zona común.
may 02, 2025 12:25:54 P. M. Log info
INFO: H0050 está en la zona común.
may 02, 2025 12:25:54 P. M. Log info
INFO: H0861 está en la zona común.
may 02, 2025 12:25:54 P. M. Log info
INFO: H0482 está en la zona común.
may 02, 2025 12:25:54 P. M. Log info
INFO: H0665 está en la zona común.
may 02, 2025 12:25:54 P. M. Log info
INFO: H0949 está en la zona común.
may 02, 2025 12:25:54 P. M. Log info
INFO: H0757 está en la zona común.
may 02, 2025 12:25:54 P. M. Log info
INFO: H0300 está en la zona común.
may 02, 2025 12:25:54 P. M. Log info
INFO: H0367 está en la zona común.
may 02, 2025 12:25:54 P. M. Log info
INFO: H0579 está en la zona común.
may 02, 2025 12:25:54 P. M. Log info
INFO: H0372 está en la zona común.
may 02, 2025 12:25:54 P. M. Log info
INFO: H0077 está en la zona común.
may 02, 2025 12:25:54 P. M. Log info
INFO: H0815 está en la zona común.
may 02, 2025 12:25:54 P. M. Log info
INFO: H0073 está en la zona común.
may 02, 2025 12:25:54 P. M. Log info
INFO: H0885 está en la zona común.
may 02, 2025 12:25:54 P. M. Log info
INFO: H0667 está en la zona común.
may 02, 2025 12:25:54 P. M. Log info
INFO: H0056 está en la zona común.
may 02, 2025 12:25:54 P. M. Log info
INFO: H0483 está en la zona común.
may 02, 2025 12:25:54 P. M. Log info
INFO: H0842 está en la zona común.
may 02, 2025 12:25:54 P. M. Log info
INFO: H0462 está en la zona común.
may 02, 2025 12:25:54 P. M. Log info
INFO: H0200 está en la zona común.
may 02, 2025 12:25:54 P. M. Log info
INFO: H0755 está en la zona común.
may 02, 2025 12:25:54 P. M. Log info
INFO: H0287 está en la zona común.
may 02, 2025 12:25:54 P. M. Log info
INFO: H0886 está en la zona común.
may 02, 2025 12:25:54 P. M. Log info
INFO: H0900 está en la zona común.
may 02, 2025 12:25:54 P. M. Log info
INFO: H0026 está en la zona común.
may 02, 2025 12:25:54 P. M. Log info
INFO: H0102 está en la zona común.
may 02, 2025 12:25:54 P. M. Log info
INFO: H0673 está en la zona común.
may 02, 2025 12:25:54 P. M. Log info
INFO: H0843 está en la zona común.
may 02, 2025 12:25:54 P. M. Log info
INFO: H0357 está en la zona común.
may 02, 2025 12:25:54 P. M. Log info
INFO: H0889 está en la zona común.
may 02, 2025 12:25:54 P. M. Log info
INFO: H0944 está en la zona común.
may 02, 2025 12:25:54 P. M. Log info
INFO: H0311 está en la zona común.
may 02, 2025 12:25:54 P. M. Log info
INFO: H0278 está en la zona común.
may 02, 2025 12:25:54 P. M. Log info
INFO: H0824 está en la zona común.
may 02, 2025 12:25:54 P. M. Log info
INFO: H0728 está en la zona común.
may 02, 2025 12:25:54 P. M. Log info
INFO: H0455 está en la zona común.
may 02, 2025 12:25:54 P. M. Log info
INFO: H0344 está en la zona común.
may 02, 2025 12:25:54 P. M. Log info
INFO: H0807 está en la zona común.
may 02, 2025 12:25:54 P. M. Log info
INFO: H0912 está en la zona común.
may 02, 2025 12:25:54 P. M. Log info
INFO: H0416 está en la zona común.
may 02, 2025 12:25:54 P. M. Log info
INFO: H0195 está en la zona común.
may 02, 2025 12:25:54 P. M. Log info
INFO: H0378 está en la zona común.
may 02, 2025 12:25:54 P. M. Log info
INFO: H0798 está en la zona común.
may 02, 2025 12:25:54 P. M. Log info
INFO: H0708 está en la zona común.
may 02, 2025 12:25:54 P. M. Log info
INFO: H0536 está en la zona común.
may 02, 2025 12:25:54 P. M. Log info
INFO: H0001 está en la zona común.
may 02, 2025 12:25:54 P. M. Log info
INFO: H0306 está en la zona común.
may 02, 2025 12:25:54 P. M. Log info
INFO: H0338 está en la zona común.
may 02, 2025 12:25:54 P. M. Log info
INFO: H0768 está en la zona común.
may 02, 2025 12:25:54 P. M. Log info
INFO: H0244 está en la zona común.
may 02, 2025 12:25:54 P. M. Log info
INFO: H0575 está en la zona común.
may 02, 2025 12:25:54 P. M. Log info
INFO: H0400 está en la zona común.
may 02, 2025 12:25:54 P. M. Log info
INFO: H0312 está en la zona común.
may 02, 2025 12:25:54 P. M. Log info
INFO: H0194 está en la zona común.
may 02, 2025 12:25:54 P. M. Log info
INFO: H0632 está en la zona común.
may 02, 2025 12:25:54 P. M. Log info
INFO: H0963 está en la zona común.
may 02, 2025 12:25:54 P. M. Log info
INFO: H0369 está en la zona común.
may 02, 2025 12:25:54 P. M. Log info
INFO: H0719 está en la zona común.
may 02, 2025 12:25:54 P. M. Log info
INFO: H0777 está en la zona común.
may 02, 2025 12:25:54 P. M. Log info
INFO: H0721 está en la zona común.
may 02, 2025 12:25:54 P. M. Log info
INFO: H0285 está en la zona común.
may 02, 2025 12:25:54 P. M. Log info
INFO: H0228 está en la zona común.
may 02, 2025 12:25:54 P. M. Log info
INFO: H0268 está en la zona común.
may 02, 2025 12:25:54 P. M. Log info
INFO: H0987 está en la zona común.
may 02, 2025 12:25:54 P. M. Log info
INFO: H0742 está en la zona común.
may 02, 2025 12:25:54 P. M. Log info
INFO: H0621 está en la zona común.
may 02, 2025 12:25:54 P. M. Log info
INFO: H0496 está en la zona común.
may 02, 2025 12:25:54 P. M. Log info
INFO: H0197 está en la zona común.
may 02, 2025 12:25:54 P. M. Log info
INFO: H0718 está en la zona común.
may 02, 2025 12:25:54 P. M. Log info
INFO: H0215 está en la zona común.
may 02, 2025 12:25:54 P. M. Log info
INFO: H0565 está en la zona común.
may 02, 2025 12:25:54 P. M. Log info
INFO: H0924 está en la zona común.
may 02, 2025 12:25:54 P. M. Log info
INFO: H0785 está en la zona común.
may 02, 2025 12:25:54 P. M. Log info
INFO: H0609 está en la zona común.
may 02, 2025 12:25:54 P. M. Log info
INFO: H0589 está esperando para salir en el túnel 0
may 02, 2025 12:25:54 P. M. Log info
INFO: H0001 está en la zona común.
may 02, 2025 12:25:54 P. M. Log info
INFO: H0000 está esperando para salir en el túnel 2
may 02, 2025 12:58:35 P. M. Log info
INFO: H0001 está en la zona común.
may 02, 2025 12:58:35 P. M. Log info
INFO: H0031 está en la zona común.
may 02, 2025 12:58:35 P. M. Log info
INFO: H0126 está en la zona común.
may 02, 2025 12:58:35 P. M. Log info
INFO: H0029 está en la zona común.
may 02, 2025 12:58:35 P. M. Log info
INFO: H0366 está en la zona común.
may 02, 2025 12:58:35 P. M. Log info
INFO: H0012 está en la zona común.
may 02, 2025 12:58:35 P. M. Log info
INFO: H0055 está en la zona común.
may 02, 2025 12:58:35 P. M. Log info
INFO: H0000 está en la zona común.
may 02, 2025 12:58:35 P. M. Log info
INFO: H0017 está en la zona común.
may 02, 2025 12:58:35 P. M. Log info
INFO: H0183 está en la zona común.
may 02, 2025 12:58:35 P. M. Log info
INFO: H0361 está en la zona común.
may 02, 2025 12:58:35 P. M. Log info
INFO: H0391 está en la zona común.
may 02, 2025 12:58:35 P. M. Log info
INFO: H0180 está en la zona común.
may 02, 2025 12:58:35 P. M. Log info
INFO: H0243 está en la zona común.
may 02, 2025 12:58:35 P. M. Log info
INFO: H0433 está en la zona común.
may 02, 2025 12:58:35 P. M. Log info
INFO: H0524 está en la zona común.
may 02, 2025 12:58:35 P. M. Log info
INFO: H0074 está en la zona común.
may 02, 2025 12:58:35 P. M. Log info
INFO: H0162 está en la zona común.
may 02, 2025 12:58:35 P. M. Log info
INFO: H0586 está en la zona común.
may 02, 2025 12:58:35 P. M. Log info
INFO: H0103 está en la zona común.
may 02, 2025 12:58:35 P. M. Log info
INFO: H0095 está en la zona común.
may 02, 2025 12:58:35 P. M. Log info
INFO: H0121 está en la zona común.
may 02, 2025 12:58:35 P. M. Log info
INFO: H0201 está en la zona común.
may 02, 2025 12:58:35 P. M. Log info
INFO: H0439 está en la zona común.
may 02, 2025 12:58:35 P. M. Log info
INFO: H0653 está en la zona común.
may 02, 2025 12:58:35 P. M. Log info
INFO: H0000 está en la zona común.
may 02, 2025 12:58:35 P. M. Log info
INFO: H0101 está en la zona común.
may 02, 2025 12:58:35 P. M. Log info
INFO: H0331 está en la zona común.
may 02, 2025 12:58:35 P. M. Log info
INFO: H0388 está en la zona común.
may 02, 2025 12:58:35 P. M. Log info
INFO: H0129 está en la zona común.
may 02, 2025 12:58:35 P. M. Log info
INFO: H0563 está en la zona común.
may 02, 2025 12:58:35 P. M. Log info
INFO: H0226 está en la zona común.
may 02, 2025 12:58:35 P. M. Log info
INFO: H0084 está en la zona común.
may 02, 2025 12:58:35 P. M. Log info
INFO: H0106 está en la zona común.
may 02, 2025 12:58:35 P. M. Log info
INFO: H0085 está en la zona común.
may 02, 2025 12:58:35 P. M. Log info
INFO: H0135 está en la zona común.
may 02, 2025 12:58:35 P. M. Log info
INFO: H0206 está en la zona común.
may 02, 2025 12:58:35 P. M. Log info
INFO: H0004 está en la zona común.
may 02, 2025 12:58:35 P. M. Log info
INFO: H0281 está en la zona común.
may 02, 2025 12:58:35 P. M. Log info
INFO: H0139 está en la zona común.
may 02, 2025 12:58:35 P. M. Log info
INFO: H0021 está en la zona común.
may 02, 2025 12:58:35 P. M. Log info
INFO: H0119 está en la zona común.
may 02, 2025 12:58:35 P. M. Log info
INFO: H0321 está en la zona común.
may 02, 2025 12:58:35 P. M. Log info
INFO: H0466 está en la zona común.
may 02, 2025 12:58:35 P. M. Log info
INFO: H0683 está en la zona común.
may 02, 2025 12:58:35 P. M. Log info
INFO: H0052 está en la zona común.
may 02, 2025 12:58:35 P. M. Log info
INFO: H0459 está en la zona común.
may 02, 2025 12:58:35 P. M. Log info
INFO: H0655 está en la zona común.
may 02, 2025 12:58:35 P. M. Log info
INFO: H0497 está en la zona común.
may 02, 2025 12:58:35 P. M. Log info
INFO: H0030 está en la zona común.
may 02, 2025 12:58:35 P. M. Log info
INFO: H0828 está en la zona común.
may 02, 2025 12:58:35 P. M. Log info
INFO: H0510 está en la zona común.
may 02, 2025 12:58:35 P. M. Log info
INFO: H0866 está en la zona común.
may 02, 2025 12:58:35 P. M. Log info
INFO: H0435 está en la zona común.
may 02, 2025 12:58:35 P. M. Log info
INFO: H0619 está en la zona común.
may 02, 2025 12:58:35 P. M. Log info
INFO: H0051 está en la zona común.
may 02, 2025 12:58:35 P. M. Log info
INFO: H0145 está en la zona común.
may 02, 2025 12:58:35 P. M. Log info
INFO: H0080 está en la zona común.
may 02, 2025 12:58:35 P. M. Log info
INFO: H0882 está en la zona común.
may 02, 2025 12:58:35 P. M. Log info
INFO: H0287 está en la zona común.
may 02, 2025 12:58:35 P. M. Log info
INFO: H0891 está en la zona común.
may 02, 2025 12:58:35 P. M. Log info
INFO: H0847 está en la zona común.
may 02, 2025 12:58:35 P. M. Log info
INFO: H0677 está en la zona común.
may 02, 2025 12:58:35 P. M. Log info
INFO: H0378 está en la zona común.
may 02, 2025 12:58:35 P. M. Log info
INFO: H0526 está en la zona común.
may 02, 2025 12:58:35 P. M. Log info
INFO: H0196 está en la zona común.
may 02, 2025 12:58:35 P. M. Log info
INFO: H0213 está en la zona común.
may 02, 2025 12:58:35 P. M. Log info
INFO: H0178 está en la zona común.
may 02, 2025 12:58:35 P. M. Log info
INFO: H0515 está en la zona común.
may 02, 2025 12:58:35 P. M. Log info
INFO: H0638 está en la zona común.
may 02, 2025 12:58:35 P. M. Log info
INFO: H0814 está en la zona común.
may 02, 2025 12:58:35 P. M. Log info
INFO: H0363 está en la zona común.
may 02, 2025 12:58:35 P. M. Log info
INFO: H0994 está en la zona común.
may 02, 2025 12:58:35 P. M. Log info
INFO: H0487 está en la zona común.
may 02, 2025 12:58:35 P. M. Log info
INFO: H0571 está en la zona común.
may 02, 2025 12:58:35 P. M. Log info
INFO: H0399 está en la zona común.
may 02, 2025 12:58:35 P. M. Log info
INFO: H0885 está en la zona común.
may 02, 2025 12:58:35 P. M. Log info
INFO: H0124 está en la zona común.
may 02, 2025 12:58:35 P. M. Log info
INFO: H0009 está en la zona común.
may 02, 2025 12:58:35 P. M. Log info
INFO: H0042 está en la zona común.
may 02, 2025 12:58:35 P. M. Log info
INFO: H0993 está en la zona común.
may 02, 2025 12:58:35 P. M. Log info
INFO: H0898 está en la zona común.
may 02, 2025 12:58:35 P. M. Log info
INFO: H0929 está en la zona común.
may 02, 2025 12:58:35 P. M. Log info
INFO: H0011 está en la zona común.
may 02, 2025 12:58:35 P. M. Log info
INFO: H0767 está en la zona común.
may 02, 2025 12:58:35 P. M. Log info
INFO: H0817 está en la zona común.
may 02, 2025 12:58:35 P. M. Log info
INFO: H0567 está en la zona común.
may 02, 2025 12:58:35 P. M. Log info
INFO: H0602 está en la zona común.
may 02, 2025 12:58:35 P. M. Log info
INFO: H0489 está en la zona común.
may 02, 2025 12:58:35 P. M. Log info
INFO: H0865 está en la zona común.
may 02, 2025 12:58:35 P. M. Log info
INFO: H0725 está en la zona común.
may 02, 2025 12:58:35 P. M. Log info
INFO: H0494 está en la zona común.
may 02, 2025 12:58:35 P. M. Log info
INFO: H0272 está en la zona común.
may 02, 2025 12:58:35 P. M. Log info
INFO: H0633 está en la zona común.
may 02, 2025 12:58:35 P. M. Log info
INFO: H0200 está en la zona común.
may 02, 2025 12:58:35 P. M. Log info
INFO: H0650 está en la zona común.
may 02, 2025 12:58:35 P. M. Log info
INFO: H0964 está en la zona común.
may 02, 2025 12:58:35 P. M. Log info
INFO: H0982 está en la zona común.
may 02, 2025 12:58:35 P. M. Log info
INFO: H0193 está en la zona común.
may 02, 2025 12:58:35 P. M. Log info
INFO: H0718 está en la zona común.
may 02, 2025 12:58:35 P. M. Log info
INFO: H0810 está en la zona común.
may 02, 2025 12:58:35 P. M. Log info
INFO: H0301 está en la zona común.
may 02, 2025 12:58:35 P. M. Log info
INFO: H0717 está en la zona común.
may 02, 2025 12:58:35 P. M. Log info
INFO: H0736 está en la zona común.
may 02, 2025 12:58:35 P. M. Log info
INFO: H0646 está en la zona común.
may 02, 2025 12:58:35 P. M. Log info
INFO: H0446 está en la zona común.
may 02, 2025 12:58:35 P. M. Log info
INFO: H0146 está en la zona común.
may 02, 2025 12:58:35 P. M. Log info
INFO: H0591 está en la zona común.
may 02, 2025 12:58:35 P. M. Log info
INFO: H0835 está en la zona común.
may 02, 2025 12:58:35 P. M. Log info
INFO: H0181 está en la zona común.
may 02, 2025 12:58:35 P. M. Log info
INFO: H0951 está en la zona común.
may 02, 2025 12:58:35 P. M. Log info
INFO: H0120 está en la zona común.
may 02, 2025 12:58:35 P. M. Log info
INFO: H0593 está en la zona común.
may 02, 2025 12:58:35 P. M. Log info
INFO: H0264 está en la zona común.
may 02, 2025 12:58:35 P. M. Log info
INFO: H0265 está en la zona común.
may 02, 2025 12:58:35 P. M. Log info
INFO: H0249 está en la zona común.
may 02, 2025 12:58:35 P. M. Log info
INFO: H0813 está en la zona común.
may 02, 2025 12:58:35 P. M. Log info
INFO: H0740 está en la zona común.
may 02, 2025 12:58:35 P. M. Log info
INFO: H0757 está en la zona común.
may 02, 2025 12:58:35 P. M. Log info
INFO: H0155 está en la zona común.
may 02, 2025 12:58:35 P. M. Log info
INFO: H0557 está en la zona común.
may 02, 2025 12:58:35 P. M. Log info
INFO: H0513 está en la zona común.
may 02, 2025 12:58:35 P. M. Log info
INFO: H0752 está en la zona común.
may 02, 2025 12:58:35 P. M. Log info
INFO: H0928 está en la zona común.
may 02, 2025 12:58:35 P. M. Log info
INFO: H0601 está en la zona común.
may 02, 2025 12:58:35 P. M. Log info
INFO: H0092 está en la zona común.
may 02, 2025 12:58:35 P. M. Log info
INFO: H0914 está en la zona común.
may 02, 2025 12:58:35 P. M. Log info
INFO: H0877 está en la zona común.
may 02, 2025 12:58:35 P. M. Log info
INFO: H0022 está en la zona común.
may 02, 2025 12:58:35 P. M. Log info
INFO: H0541 está en la zona común.
may 02, 2025 12:58:35 P. M. Log info
INFO: H0027 está en la zona común.
may 02, 2025 12:58:35 P. M. Log info
INFO: H0045 está en la zona común.
may 02, 2025 12:58:35 P. M. Log info
INFO: H0407 está en la zona común.
may 02, 2025 12:58:35 P. M. Log info
INFO: H0486 está en la zona común.
may 02, 2025 12:58:35 P. M. Log info
INFO: H0746 está en la zona común.
may 02, 2025 12:58:35 P. M. Log info
INFO: H0263 está en la zona común.
may 02, 2025 12:58:35 P. M. Log info
INFO: H0322 está en la zona común.
may 02, 2025 12:58:35 P. M. Log info
INFO: H0647 está en la zona común.
may 02, 2025 12:58:35 P. M. Log info
INFO: H0869 está en la zona común.
may 02, 2025 12:58:35 P. M. Log info
INFO: H0384 está en la zona común.
may 02, 2025 12:58:35 P. M. Log info
INFO: H0544 está en la zona común.
may 02, 2025 12:58:35 P. M. Log info
INFO: H0234 está en la zona común.
may 02, 2025 12:58:35 P. M. Log info
INFO: H0741 está en la zona común.
may 02, 2025 12:58:35 P. M. Log info
INFO: H0088 está en la zona común.
may 02, 2025 12:58:35 P. M. Log info
INFO: H0173 está en la zona común.
may 02, 2025 12:58:35 P. M. Log info
INFO: H0569 está en la zona común.
may 02, 2025 12:58:35 P. M. Log info
INFO: H0123 está en la zona común.
may 02, 2025 12:58:35 P. M. Log info
INFO: H0104 está en la zona común.
may 02, 2025 12:58:35 P. M. Log info
INFO: H0128 está en la zona común.
may 02, 2025 12:58:35 P. M. Log info
INFO: H0779 está en la zona común.
may 02, 2025 12:58:35 P. M. Log info
INFO: H0340 está en la zona común.
may 02, 2025 12:58:35 P. M. Log info
INFO: H0758 está en la zona común.
may 02, 2025 12:58:35 P. M. Log info
INFO: H0289 está en la zona común.
may 02, 2025 12:58:35 P. M. Log info
INFO: H0851 está en la zona común.
may 02, 2025 12:58:35 P. M. Log info
INFO: H0475 está en la zona común.
may 02, 2025 12:58:35 P. M. Log info
INFO: H0023 está en la zona común.
may 02, 2025 12:58:35 P. M. Log info
INFO: H0186 está en la zona común.
may 02, 2025 12:58:35 P. M. Log info
INFO: H0562 está en la zona común.
may 02, 2025 12:58:35 P. M. Log info
INFO: H0995 está en la zona común.
may 02, 2025 12:58:35 P. M. Log info
INFO: H0981 está en la zona común.
may 02, 2025 12:58:35 P. M. Log info
INFO: H0580 está en la zona común.
may 02, 2025 12:58:35 P. M. Log info
INFO: H0917 está en la zona común.
may 02, 2025 12:58:35 P. M. Log info
INFO: H0730 está en la zona común.
may 02, 2025 12:58:35 P. M. Log info
INFO: H0096 está en la zona común.
may 02, 2025 12:58:35 P. M. Log info
INFO: H0763 está en la zona común.
may 02, 2025 12:58:35 P. M. Log info
INFO: H0968 está en la zona común.
may 02, 2025 12:58:35 P. M. Log info
INFO: H0849 está en la zona común.
may 02, 2025 12:58:35 P. M. Log info
INFO: H0423 está en la zona común.
may 02, 2025 12:58:35 P. M. Log info
INFO: H0409 está en la zona común.
may 02, 2025 12:58:35 P. M. Log info
INFO: H0401 está en la zona común.
may 02, 2025 12:58:35 P. M. Log info
INFO: H0379 está en la zona común.
may 02, 2025 12:58:35 P. M. Log info
INFO: H0477 está en la zona común.
may 02, 2025 12:58:35 P. M. Log info
INFO: H0339 está en la zona común.
may 02, 2025 12:58:35 P. M. Log info
INFO: H0305 está en la zona común.
may 02, 2025 12:58:35 P. M. Log info
INFO: H0016 está en la zona común.
may 02, 2025 12:58:35 P. M. Log info
INFO: H0531 está en la zona común.
may 02, 2025 12:58:35 P. M. Log info
INFO: H0540 está en la zona común.
may 02, 2025 12:58:35 P. M. Log info
INFO: H0356 está en la zona común.
may 02, 2025 12:58:35 P. M. Log info
INFO: H0470 está en la zona común.
may 02, 2025 12:58:35 P. M. Log info
INFO: H0065 está en la zona común.
may 02, 2025 12:58:35 P. M. Log info
INFO: H0637 está en la zona común.
may 02, 2025 12:58:35 P. M. Log info
INFO: H0071 está en la zona común.
may 02, 2025 12:58:35 P. M. Log info
INFO: H0271 está en la zona común.
may 02, 2025 12:58:35 P. M. Log info
INFO: H0374 está en la zona común.
may 02, 2025 12:58:35 P. M. Log info
INFO: H0942 está en la zona común.
may 02, 2025 12:58:35 P. M. Log info
INFO: H0520 está en la zona común.
may 02, 2025 12:58:35 P. M. Log info
INFO: H0987 está en la zona común.
may 02, 2025 12:58:35 P. M. Log info
INFO: H0485 está en la zona común.
may 02, 2025 12:58:35 P. M. Log info
INFO: H0013 está en la zona común.
may 02, 2025 12:58:35 P. M. Log info
INFO: H0347 está en la zona común.
may 02, 2025 12:58:35 P. M. Log info
INFO: H0405 está en la zona común.
may 02, 2025 12:58:35 P. M. Log info
INFO: H0728 está en la zona común.
may 02, 2025 12:58:35 P. M. Log info
INFO: H0820 está en la zona común.
may 02, 2025 12:58:35 P. M. Log info
INFO: H0805 está en la zona común.
may 02, 2025 12:58:35 P. M. Log info
INFO: H0853 está en la zona común.
may 02, 2025 12:58:35 P. M. Log info
INFO: H0504 está en la zona común.
may 02, 2025 12:58:35 P. M. Log info
INFO: H0776 está en la zona común.
may 02, 2025 12:58:35 P. M. Log info
INFO: H0283 está en la zona común.
may 02, 2025 12:58:35 P. M. Log info
INFO: H0505 está en la zona común.
may 02, 2025 12:58:35 P. M. Log info
INFO: H0046 está en la zona común.
may 02, 2025 12:58:35 P. M. Log info
INFO: H0694 está en la zona común.
may 02, 2025 12:58:35 P. M. Log info
INFO: H0387 está en la zona común.
may 02, 2025 12:58:35 P. M. Log info
INFO: H0344 está en la zona común.
may 02, 2025 12:58:35 P. M. Log info
INFO: H0424 está en la zona común.
may 02, 2025 12:58:35 P. M. Log info
INFO: H0792 está en la zona común.
may 02, 2025 12:58:35 P. M. Log info
INFO: H0147 está en la zona común.
may 02, 2025 12:58:35 P. M. Log info
INFO: H0621 está en la zona común.
may 02, 2025 12:58:35 P. M. Log info
INFO: H0645 está en la zona común.
may 02, 2025 12:58:35 P. M. Log info
INFO: H0496 está en la zona común.
may 02, 2025 12:58:35 P. M. Log info
INFO: H0705 está en la zona común.
may 02, 2025 12:58:35 P. M. Log info
INFO: H0448 está en la zona común.
may 02, 2025 12:58:35 P. M. Log info
INFO: H0480 está en la zona común.
may 02, 2025 12:58:35 P. M. Log info
INFO: H0862 está en la zona común.
may 02, 2025 12:58:35 P. M. Log info
INFO: H0058 está en la zona común.
may 02, 2025 12:58:35 P. M. Log info
INFO: H0502 está en la zona común.
may 02, 2025 12:58:35 P. M. Log info
INFO: H0616 está en la zona común.
may 02, 2025 12:58:35 P. M. Log info
INFO: H0057 está en la zona común.
may 02, 2025 12:58:35 P. M. Log info
INFO: H0584 está en la zona común.
may 02, 2025 12:58:35 P. M. Log info
INFO: H0410 está en la zona común.
may 02, 2025 12:58:35 P. M. Log info
INFO: H0548 está en la zona común.
may 02, 2025 12:58:35 P. M. Log info
INFO: H0528 está en la zona común.
may 02, 2025 12:58:35 P. M. Log info
INFO: H0778 está en la zona común.
may 02, 2025 12:58:35 P. M. Log info
INFO: H0110 está en la zona común.
may 02, 2025 12:58:35 P. M. Log info
INFO: H0501 está en la zona común.
may 02, 2025 12:58:35 P. M. Log info
INFO: H0500 está en la zona común.
may 02, 2025 12:58:35 P. M. Log info
INFO: H0755 está en la zona común.
may 02, 2025 12:58:35 P. M. Log info
INFO: H0288 está en la zona común.
may 02, 2025 12:58:35 P. M. Log info
INFO: H0441 está en la zona común.
may 02, 2025 12:58:35 P. M. Log info
INFO: H0438 está en la zona común.
may 02, 2025 12:58:35 P. M. Log info
INFO: H0008 está en la zona común.
may 02, 2025 12:58:35 P. M. Log info
INFO: H0904 está en la zona común.
may 02, 2025 12:58:35 P. M. Log info
INFO: H0198 está en la zona común.
may 02, 2025 12:58:35 P. M. Log info
INFO: H0059 está en la zona común.
may 02, 2025 12:58:35 P. M. Log info
INFO: H0825 está en la zona común.
may 02, 2025 12:58:35 P. M. Log info
INFO: H0803 está en la zona común.
may 02, 2025 12:58:35 P. M. Log info
INFO: H0242 está en la zona común.
may 02, 2025 12:58:35 P. M. Log info
INFO: H0236 está en la zona común.
may 02, 2025 12:58:35 P. M. Log info
INFO: H0034 está en la zona común.
may 02, 2025 12:58:35 P. M. Log info
INFO: H0570 está en la zona común.
may 02, 2025 12:58:35 P. M. Log info
INFO: H0819 está en la zona común.
may 02, 2025 12:58:36 P. M. Log info
INFO: H0824 está en la zona común.
may 02, 2025 12:58:36 P. M. Log info
INFO: H0696 está en la zona común.
may 02, 2025 12:58:36 P. M. Log info
INFO: H0894 está en la zona común.
may 02, 2025 12:58:36 P. M. Log info
INFO: H0690 está en la zona común.
may 02, 2025 12:58:36 P. M. Log info
INFO: H0338 está en la zona común.
may 02, 2025 12:58:36 P. M. Log info
INFO: H0582 está en la zona común.
may 02, 2025 12:58:36 P. M. Log info
INFO: H0440 está en la zona común.
may 02, 2025 12:58:36 P. M. Log info
INFO: H0434 está en la zona común.
may 02, 2025 12:58:36 P. M. Log info
INFO: H0335 está en la zona común.
may 02, 2025 12:58:36 P. M. Log info
INFO: H0604 está en la zona común.
may 02, 2025 12:58:36 P. M. Log info
INFO: H0770 está en la zona común.
may 02, 2025 12:58:36 P. M. Log info
INFO: H0958 está en la zona común.
may 02, 2025 12:58:36 P. M. Log info
INFO: H0411 está en la zona común.
may 02, 2025 12:58:36 P. M. Log info
INFO: H0597 está en la zona común.
may 02, 2025 12:58:36 P. M. Log info
INFO: H0237 está en la zona común.
may 02, 2025 12:58:36 P. M. Log info
INFO: H0651 está en la zona común.
may 02, 2025 12:58:36 P. M. Log info
INFO: H0855 está en la zona común.
may 02, 2025 12:58:36 P. M. Log info
INFO: H0793 está en la zona común.
may 02, 2025 12:58:36 P. M. Log info
INFO: H0628 está en la zona común.
may 02, 2025 12:58:36 P. M. Log info
INFO: H0302 está en la zona común.
may 02, 2025 12:58:36 P. M. Log info
INFO: H0444 está en la zona común.
may 02, 2025 12:58:36 P. M. Log info
INFO: H0167 está en la zona común.
may 02, 2025 12:58:36 P. M. Log info
INFO: H0937 está en la zona común.
may 02, 2025 12:58:36 P. M. Log info
INFO: H0413 está en la zona común.
may 02, 2025 12:58:36 P. M. Log info
INFO: H0060 está en la zona común.
may 02, 2025 12:58:36 P. M. Log info
INFO: H0225 está en la zona común.
may 02, 2025 12:58:36 P. M. Log info
INFO: H0676 está en la zona común.
may 02, 2025 12:58:36 P. M. Log info
INFO: H0887 está en la zona común.
may 02, 2025 12:58:36 P. M. Log info
INFO: H0830 está en la zona común.
may 02, 2025 12:58:36 P. M. Log info
INFO: H0460 está en la zona común.
may 02, 2025 12:58:36 P. M. Log info
INFO: H0711 está en la zona común.
may 02, 2025 12:58:36 P. M. Log info
INFO: H0907 está en la zona común.
may 02, 2025 12:58:36 P. M. Log info
INFO: H0223 está en la zona común.
may 02, 2025 12:58:36 P. M. Log info
INFO: H0257 está en la zona común.
may 02, 2025 12:58:36 P. M. Log info
INFO: H0816 está en la zona común.
may 02, 2025 12:58:36 P. M. Log info
INFO: H0631 está en la zona común.
may 02, 2025 12:58:36 P. M. Log info
INFO: H0247 está en la zona común.
may 02, 2025 12:58:36 P. M. Log info
INFO: H0678 está en la zona común.
may 02, 2025 12:58:36 P. M. Log info
INFO: H0652 está en la zona común.
may 02, 2025 12:58:36 P. M. Log info
INFO: H0053 está en la zona común.
may 02, 2025 12:58:36 P. M. Log info
INFO: H0333 está en la zona común.
may 02, 2025 12:58:36 P. M. Log info
INFO: H0245 está en la zona común.
may 02, 2025 12:58:36 P. M. Log info
INFO: H0369 está en la zona común.
may 02, 2025 12:58:36 P. M. Log info
INFO: H0493 está en la zona común.
may 02, 2025 12:58:36 P. M. Log info
INFO: H0512 está en la zona común.
may 02, 2025 12:58:36 P. M. Log info
INFO: H0860 está en la zona común.
may 02, 2025 12:58:36 P. M. Log info
INFO: H0451 está en la zona común.
may 02, 2025 12:58:36 P. M. Log info
INFO: H0083 está en la zona común.
may 02, 2025 12:58:36 P. M. Log info
INFO: H0318 está en la zona común.
may 02, 2025 12:58:36 P. M. Log info
INFO: H0766 está en la zona común.
may 02, 2025 12:58:36 P. M. Log info
INFO: H0699 está en la zona común.
may 02, 2025 12:58:36 P. M. Log info
INFO: H0315 está en la zona común.
may 02, 2025 12:58:36 P. M. Log info
INFO: H0142 está en la zona común.
may 02, 2025 12:58:36 P. M. Log info
INFO: H0114 está en la zona común.
may 02, 2025 12:58:36 P. M. Log info
INFO: H0590 está en la zona común.
may 02, 2025 12:58:36 P. M. Log info
INFO: H0362 está en la zona común.
may 02, 2025 12:58:36 P. M. Log info
INFO: H0983 está en la zona común.
may 02, 2025 12:58:36 P. M. Log info
INFO: H0519 está en la zona común.
may 02, 2025 12:58:36 P. M. Log info
INFO: H0144 está en la zona común.
may 02, 2025 12:58:36 P. M. Log info
INFO: H0838 está en la zona común.
may 02, 2025 12:58:36 P. M. Log info
INFO: H0800 está en la zona común.
may 02, 2025 12:58:36 P. M. Log info
INFO: H0377 está en la zona común.
may 02, 2025 12:58:36 P. M. Log info
INFO: H0131 está en la zona común.
may 02, 2025 12:58:36 P. M. Log info
INFO: H0044 está en la zona común.
may 02, 2025 12:58:36 P. M. Log info
INFO: H0473 está en la zona común.
may 02, 2025 12:58:36 P. M. Log info
INFO: H0915 está en la zona común.
may 02, 2025 12:58:36 P. M. Log info
INFO: H0164 está en la zona común.
may 02, 2025 12:58:36 P. M. Log info
INFO: H0420 está en la zona común.
may 02, 2025 12:58:36 P. M. Log info
INFO: H0422 está en la zona común.
may 02, 2025 12:58:36 P. M. Log info
INFO: H0726 está en la zona común.
may 02, 2025 12:58:36 P. M. Log info
INFO: H0370 está en la zona común.
may 02, 2025 12:58:36 P. M. Log info
INFO: H0364 está en la zona común.
may 02, 2025 12:58:36 P. M. Log info
INFO: H0064 está en la zona común.
may 02, 2025 12:58:36 P. M. Log info
INFO: H0832 está en la zona común.
may 02, 2025 12:58:36 P. M. Log info
INFO: H0765 está en la zona común.
may 02, 2025 12:58:36 P. M. Log info
INFO: H0859 está en la zona común.
may 02, 2025 12:58:36 P. M. Log info
INFO: H0098 está en la zona común.
may 02, 2025 12:58:36 P. M. Log info
INFO: H0390 está en la zona común.
may 02, 2025 12:58:36 P. M. Log info
INFO: H0218 está en la zona común.
may 02, 2025 12:58:36 P. M. Log info
INFO: H0836 está en la zona común.
may 02, 2025 12:58:36 P. M. Log info
INFO: H0389 está en la zona común.
may 02, 2025 12:58:36 P. M. Log info
INFO: H0542 está en la zona común.
may 02, 2025 12:58:36 P. M. Log info
INFO: H0250 está en la zona común.
may 02, 2025 12:58:36 P. M. Log info
INFO: H0141 está en la zona común.
may 02, 2025 12:58:36 P. M. Log info
INFO: H0069 está en la zona común.
may 02, 2025 12:58:36 P. M. Log info
INFO: H0035 está en la zona común.
may 02, 2025 12:58:36 P. M. Log info
INFO: H0977 está en la zona común.
may 02, 2025 12:58:36 P. M. Log info
INFO: H0991 está en la zona común.
may 02, 2025 12:58:36 P. M. Log info
INFO: H0043 está en la zona común.
may 02, 2025 12:58:36 P. M. Log info
INFO: H0112 está en la zona común.
may 02, 2025 12:58:36 P. M. Log info
INFO: H0630 está en la zona común.
may 02, 2025 12:58:36 P. M. Log info
INFO: H0326 está en la zona común.
may 02, 2025 12:58:36 P. M. Log info
INFO: H0910 está en la zona común.
may 02, 2025 12:58:36 P. M. Log info
INFO: H0232 está en la zona común.
may 02, 2025 12:58:36 P. M. Log info
INFO: H0310 está en la zona común.
may 02, 2025 12:58:36 P. M. Log info
INFO: H0654 está en la zona común.
may 02, 2025 12:58:36 P. M. Log info
INFO: H0386 está en la zona común.
may 02, 2025 12:58:36 P. M. Log info
INFO: H0588 está en la zona común.
may 02, 2025 12:58:36 P. M. Log info
INFO: H0595 está en la zona común.
may 02, 2025 12:58:36 P. M. Log info
INFO: H0980 está en la zona común.
may 02, 2025 12:58:36 P. M. Log info
INFO: H0415 está en la zona común.
may 02, 2025 12:58:36 P. M. Log info
INFO: H0442 está en la zona común.
may 02, 2025 12:58:36 P. M. Log info
INFO: H0852 está en la zona común.
may 02, 2025 12:58:36 P. M. Log info
INFO: H0100 está en la zona común.
may 02, 2025 12:58:36 P. M. Log info
INFO: H0985 está en la zona común.
may 02, 2025 12:58:36 P. M. Log info
INFO: H0794 está en la zona común.
may 02, 2025 12:58:36 P. M. Log info
INFO: H0227 está en la zona común.
may 02, 2025 12:58:36 P. M. Log info
INFO: H0947 está en la zona común.
may 02, 2025 12:58:36 P. M. Log info
INFO: H0714 está en la zona común.
may 02, 2025 12:58:36 P. M. Log info
INFO: H0605 está en la zona común.
may 02, 2025 12:58:36 P. M. Log info
INFO: H0160 está en la zona común.
may 02, 2025 12:58:36 P. M. Log info
INFO: H0252 está en la zona común.
may 02, 2025 12:58:36 P. M. Log info
INFO: H0130 está en la zona común.
may 02, 2025 12:58:36 P. M. Log info
INFO: H0149 está en la zona común.
may 02, 2025 12:58:36 P. M. Log info
INFO: H0530 está en la zona común.
may 02, 2025 12:58:36 P. M. Log info
INFO: H0632 está en la zona común.
may 02, 2025 12:58:36 P. M. Log info
INFO: H0738 está en la zona común.
may 02, 2025 12:58:36 P. M. Log info
INFO: H0278 está en la zona común.
may 02, 2025 12:58:36 P. M. Log info
INFO: H0171 está en la zona común.
may 02, 2025 12:58:36 P. M. Log info
INFO: H0138 está en la zona común.
may 02, 2025 12:58:36 P. M. Log info
INFO: H0334 está en la zona común.
may 02, 2025 12:58:36 P. M. Log info
INFO: H0143 está en la zona común.
may 02, 2025 12:58:36 P. M. Log info
INFO: H0640 está en la zona común.
may 02, 2025 12:58:36 P. M. Log info
INFO: H0270 está en la zona común.
may 02, 2025 12:58:36 P. M. Log info
INFO: H0978 está en la zona común.
may 02, 2025 12:58:36 P. M. Log info
INFO: H0795 está en la zona común.
may 02, 2025 12:58:36 P. M. Log info
INFO: H0967 está en la zona común.
may 02, 2025 12:58:36 P. M. Log info
INFO: H0056 está en la zona común.
may 02, 2025 12:58:36 P. M. Log info
INFO: H0268 está en la zona común.
may 02, 2025 12:58:36 P. M. Log info
INFO: H0787 está en la zona común.
may 02, 2025 12:58:36 P. M. Log info
INFO: H0931 está en la zona común.
may 02, 2025 12:58:36 P. M. Log info
INFO: H0923 está en la zona común.
may 02, 2025 12:58:36 P. M. Log info
INFO: H0822 está en la zona común.
may 02, 2025 12:58:36 P. M. Log info
INFO: H0007 está en la zona común.
may 02, 2025 12:58:36 P. M. Log info
INFO: H0827 está en la zona común.
may 02, 2025 12:58:36 P. M. Log info
INFO: H0791 está en la zona común.
may 02, 2025 12:58:36 P. M. Log info
INFO: H0419 está en la zona común.
may 02, 2025 12:58:36 P. M. Log info
INFO: H0834 está en la zona común.
may 02, 2025 12:58:36 P. M. Log info
INFO: H0644 está en la zona común.
may 02, 2025 12:58:36 P. M. Log info
INFO: H0975 está en la zona común.
may 02, 2025 12:58:36 P. M. Log info
INFO: H0233 está en la zona común.
may 02, 2025 12:58:36 P. M. Log info
INFO: H0118 está en la zona común.
may 02, 2025 12:58:36 P. M. Log info
INFO: H0876 está en la zona común.
may 02, 2025 12:58:36 P. M. Log info
INFO: H0062 está en la zona común.
may 02, 2025 12:58:36 P. M. Log info
INFO: H0592 está en la zona común.
may 02, 2025 12:58:36 P. M. Log info
INFO: H0075 está en la zona común.
may 02, 2025 12:58:36 P. M. Log info
INFO: H0040 está en la zona común.
may 02, 2025 12:58:36 P. M. Log info
INFO: H0568 está en la zona común.
may 02, 2025 12:58:36 P. M. Log info
INFO: H0992 está en la zona común.
may 02, 2025 12:58:36 P. M. Log info
INFO: H0603 está en la zona común.
may 02, 2025 12:58:36 P. M. Log info
INFO: H0660 está en la zona común.
may 02, 2025 12:58:36 P. M. Log info
INFO: H0426 está en la zona común.
may 02, 2025 12:58:36 P. M. Log info
INFO: H0349 está en la zona común.
may 02, 2025 12:58:36 P. M. Log info
INFO: H0038 está en la zona común.
may 02, 2025 12:58:36 P. M. Log info
INFO: H0973 está en la zona común.
may 02, 2025 12:58:36 P. M. Log info
INFO: H0974 está en la zona común.
may 02, 2025 12:58:36 P. M. Log info
INFO: H0720 está en la zona común.
may 02, 2025 12:58:36 P. M. Log info
INFO: H0398 está en la zona común.
may 02, 2025 12:58:36 P. M. Log info
INFO: H0041 está en la zona común.
may 02, 2025 12:58:36 P. M. Log info
INFO: H0960 está en la zona común.
may 02, 2025 12:58:36 P. M. Log info
INFO: H0612 está en la zona común.
may 02, 2025 12:58:36 P. M. Log info
INFO: H0999 está en la zona común.
may 02, 2025 12:58:36 P. M. Log info
INFO: H0539 está en la zona común.
may 02, 2025 12:58:36 P. M. Log info
INFO: H0806 está en la zona común.
may 02, 2025 12:58:36 P. M. Log info
INFO: H0286 está en la zona común.
may 02, 2025 12:58:36 P. M. Log info
INFO: H0125 está en la zona común.
may 02, 2025 12:58:36 P. M. Log info
INFO: H0698 está en la zona común.
may 02, 2025 12:58:36 P. M. Log info
INFO: H0197 está en la zona común.
may 02, 2025 12:58:36 P. M. Log info
INFO: H0636 está en la zona común.
may 02, 2025 12:58:36 P. M. Log info
INFO: H0808 está en la zona común.
may 02, 2025 12:58:36 P. M. Log info
INFO: H0176 está en la zona común.
may 02, 2025 12:58:36 P. M. Log info
INFO: H0639 está en la zona común.
may 02, 2025 12:58:36 P. M. Log info
INFO: H0815 está en la zona común.
may 02, 2025 12:58:36 P. M. Log info
INFO: H0691 está en la zona común.
may 02, 2025 12:58:36 P. M. Log info
INFO: H0212 está en la zona común.
may 02, 2025 12:58:36 P. M. Log info
INFO: H0893 está en la zona común.
may 02, 2025 12:58:36 P. M. Log info
INFO: H0402 está en la zona común.
may 02, 2025 12:58:36 P. M. Log info
INFO: H0367 está en la zona común.
may 02, 2025 12:58:36 P. M. Log info
INFO: H0072 está en la zona común.
may 02, 2025 12:58:36 P. M. Log info
INFO: H0909 está en la zona común.
may 02, 2025 12:58:36 P. M. Log info
INFO: H0679 está en la zona común.
may 02, 2025 12:58:36 P. M. Log info
INFO: H0990 está en la zona común.
may 02, 2025 12:58:36 P. M. Log info
INFO: H0760 está en la zona común.
may 02, 2025 12:58:36 P. M. Log info
INFO: H0102 está en la zona común.
may 02, 2025 12:58:36 P. M. Log info
INFO: H0329 está en la zona común.
may 02, 2025 12:58:36 P. M. Log info
INFO: H0393 está en la zona común.
may 02, 2025 12:58:36 P. M. Log info
INFO: H0184 está en la zona común.
may 02, 2025 12:58:36 P. M. Log info
INFO: H0685 está en la zona común.
may 02, 2025 12:58:36 P. M. Log info
INFO: H0298 está en la zona común.
may 02, 2025 12:58:36 P. M. Log info
INFO: H0300 está en la zona común.
may 02, 2025 12:58:36 P. M. Log info
INFO: H0573 está en la zona común.
may 02, 2025 12:58:36 P. M. Log info
INFO: H0207 está en la zona común.
may 02, 2025 12:58:36 P. M. Log info
INFO: H0715 está en la zona común.
may 02, 2025 12:58:36 P. M. Log info
INFO: H0015 está en la zona común.
may 02, 2025 12:58:36 P. M. Log info
INFO: H0771 está en la zona común.
may 02, 2025 12:58:36 P. M. Log info
INFO: H0662 está en la zona común.
may 02, 2025 12:58:36 P. M. Log info
INFO: H0522 está en la zona común.
may 02, 2025 12:58:36 P. M. Log info
INFO: H0177 está en la zona común.
may 02, 2025 12:58:36 P. M. Log info
INFO: H0674 está en la zona común.
may 02, 2025 12:58:36 P. M. Log info
INFO: H0342 está en la zona común.
may 02, 2025 12:58:36 P. M. Log info
INFO: H0192 está en la zona común.
may 02, 2025 12:58:36 P. M. Log info
INFO: H0536 está en la zona común.
may 02, 2025 12:58:36 P. M. Log info
INFO: H0066 está en la zona común.
may 02, 2025 12:58:36 P. M. Log info
INFO: H0669 está en la zona común.
may 02, 2025 12:58:36 P. M. Log info
INFO: H0343 está en la zona común.
may 02, 2025 12:58:36 P. M. Log info
INFO: H0883 está en la zona común.
may 02, 2025 12:58:36 P. M. Log info
INFO: H0214 está en la zona común.
may 02, 2025 12:58:36 P. M. Log info
INFO: H0018 está en la zona común.
may 02, 2025 12:58:36 P. M. Log info
INFO: H0671 está en la zona común.
may 02, 2025 12:58:36 P. M. Log info
INFO: H0261 está en la zona común.
may 02, 2025 12:58:36 P. M. Log info
INFO: H0170 está en la zona común.
may 02, 2025 12:58:36 P. M. Log info
INFO: H0238 está en la zona común.
may 02, 2025 12:58:36 P. M. Log info
INFO: H0809 está en la zona común.
may 02, 2025 12:58:36 P. M. Log info
INFO: H0704 está en la zona común.
may 02, 2025 12:58:36 P. M. Log info
INFO: H0743 está en la zona común.
may 02, 2025 12:58:36 P. M. Log info
INFO: H0304 está en la zona común.
may 02, 2025 12:58:36 P. M. Log info
INFO: H0456 está en la zona común.
may 02, 2025 12:58:36 P. M. Log info
INFO: H0754 está en la zona común.
may 02, 2025 12:58:36 P. M. Log info
INFO: H0260 está en la zona común.
may 02, 2025 12:58:36 P. M. Log info
INFO: H0875 está en la zona común.
may 02, 2025 12:58:36 P. M. Log info
INFO: H0036 está en la zona común.
may 02, 2025 12:58:36 P. M. Log info
INFO: H0735 está en la zona común.
may 02, 2025 12:58:36 P. M. Log info
INFO: H0611 está en la zona común.
may 02, 2025 12:58:36 P. M. Log info
INFO: H0871 está en la zona común.
may 02, 2025 12:58:36 P. M. Log info
INFO: H0764 está en la zona común.
may 02, 2025 12:58:36 P. M. Log info
INFO: H0067 está en la zona común.
may 02, 2025 12:58:36 P. M. Log info
INFO: H0845 está en la zona común.
may 02, 2025 12:58:36 P. M. Log info
INFO: H0375 está en la zona común.
may 02, 2025 12:58:36 P. M. Log info
INFO: H0054 está en la zona común.
may 02, 2025 12:58:36 P. M. Log info
INFO: H0873 está en la zona común.
may 02, 2025 12:58:36 P. M. Log info
INFO: H0905 está en la zona común.
may 02, 2025 12:58:36 P. M. Log info
INFO: H0575 está en la zona común.
may 02, 2025 12:58:36 P. M. Log info
INFO: H0940 está en la zona común.
may 02, 2025 12:58:36 P. M. Log info
INFO: H0469 está en la zona común.
may 02, 2025 12:58:36 P. M. Log info
INFO: H0900 está en la zona común.
may 02, 2025 12:58:36 P. M. Log info
INFO: H0620 está en la zona común.
may 02, 2025 12:58:36 P. M. Log info
INFO: H0003 está en la zona común.
may 02, 2025 12:58:36 P. M. Log info
INFO: H0026 está en la zona común.
may 02, 2025 12:58:36 P. M. Log info
INFO: H0701 está en la zona común.
may 02, 2025 12:58:36 P. M. Log info
INFO: H0941 está en la zona común.
may 02, 2025 12:58:36 P. M. Log info
INFO: H0518 está en la zona común.
may 02, 2025 12:58:36 P. M. Log info
INFO: H0857 está en la zona común.
may 02, 2025 12:58:36 P. M. Log info
INFO: H0681 está en la zona común.
may 02, 2025 12:58:36 P. M. Log info
INFO: H0269 está en la zona común.
may 02, 2025 12:58:36 P. M. Log info
INFO: H0668 está en la zona común.
may 02, 2025 12:58:36 P. M. Log info
INFO: H0823 está en la zona común.
may 02, 2025 12:58:36 P. M. Log info
INFO: H0702 está en la zona común.
may 02, 2025 12:58:36 P. M. Log info
INFO: H0081 está en la zona común.
may 02, 2025 12:58:36 P. M. Log info
INFO: H0551 está en la zona común.
may 02, 2025 12:58:36 P. M. Log info
INFO: H0629 está en la zona común.
may 02, 2025 12:58:36 P. M. Log info
INFO: H0856 está en la zona común.
may 02, 2025 12:58:36 P. M. Log info
INFO: H0826 está en la zona común.
may 02, 2025 12:58:36 P. M. Log info
INFO: H0798 está en la zona común.
may 02, 2025 12:58:36 P. M. Log info
INFO: H0903 está en la zona común.
may 02, 2025 12:58:36 P. M. Log info
INFO: H0634 está en la zona común.
may 02, 2025 12:58:36 P. M. Log info
INFO: H0325 está en la zona común.
may 02, 2025 12:58:36 P. M. Log info
INFO: H0925 está en la zona común.
may 02, 2025 12:58:36 P. M. Log info
INFO: H0089 está en la zona común.
may 02, 2025 12:58:36 P. M. Log info
INFO: H0295 está en la zona común.
may 02, 2025 12:58:36 P. M. Log info
INFO: H0961 está en la zona común.
may 02, 2025 12:58:36 P. M. Log info
INFO: H0353 está en la zona común.
may 02, 2025 12:58:36 P. M. Log info
INFO: H0784 está en la zona común.
may 02, 2025 12:58:36 P. M. Log info
INFO: H0316 está en la zona común.
may 02, 2025 12:58:36 P. M. Log info
INFO: H0076 está en la zona común.
may 02, 2025 12:58:36 P. M. Log info
INFO: H0547 está en la zona común.
may 02, 2025 12:58:36 P. M. Log info
INFO: H0479 está en la zona común.
may 02, 2025 12:58:36 P. M. Log info
INFO: H0185 está en la zona común.
may 02, 2025 12:58:36 P. M. Log info
INFO: H0583 está en la zona común.
may 02, 2025 12:58:36 P. M. Log info
INFO: H0747 está en la zona común.
may 02, 2025 12:58:36 P. M. Log info
INFO: H0774 está en la zona común.
may 02, 2025 12:58:36 P. M. Log info
INFO: H0437 está en la zona común.
may 02, 2025 12:58:36 P. M. Log info
INFO: H0068 está en la zona común.
may 02, 2025 12:58:36 P. M. Log info
INFO: H0843 está en la zona común.
may 02, 2025 12:58:36 P. M. Log info
INFO: H0397 está en la zona común.
may 02, 2025 12:58:36 P. M. Log info
INFO: H0870 está en la zona común.
may 02, 2025 12:58:36 P. M. Log info
INFO: H0868 está en la zona común.
may 02, 2025 12:58:36 P. M. Log info
INFO: H0561 está en la zona común.
may 02, 2025 12:58:36 P. M. Log info
INFO: H0481 está en la zona común.
may 02, 2025 12:58:36 P. M. Log info
INFO: H0208 está en la zona común.
may 02, 2025 12:58:36 P. M. Log info
INFO: H0881 está en la zona común.
may 02, 2025 12:58:36 P. M. Log info
INFO: H0406 está en la zona común.
may 02, 2025 12:58:36 P. M. Log info
INFO: H0070 está en la zona común.
may 02, 2025 12:58:36 P. M. Log info
INFO: H0324 está en la zona común.
may 02, 2025 12:58:36 P. M. Log info
INFO: H0901 está en la zona común.
may 02, 2025 12:58:36 P. M. Log info
INFO: H0976 está en la zona común.
may 02, 2025 12:58:36 P. M. Log info
INFO: H0019 está en la zona común.
may 02, 2025 12:58:36 P. M. Log info
INFO: H0786 está en la zona común.
may 02, 2025 12:58:36 P. M. Log info
INFO: H0934 está en la zona común.
may 02, 2025 12:58:36 P. M. Log info
INFO: H0618 está en la zona común.
may 02, 2025 12:58:36 P. M. Log info
INFO: H0328 está en la zona común.
may 02, 2025 12:58:36 P. M. Log info
INFO: H0706 está en la zona común.
may 02, 2025 12:58:36 P. M. Log info
INFO: H0761 está en la zona común.
may 02, 2025 12:58:36 P. M. Log info
INFO: H0997 está en la zona común.
may 02, 2025 12:58:36 P. M. Log info
INFO: H0175 está en la zona común.
may 02, 2025 12:58:36 P. M. Log info
INFO: H0078 está en la zona común.
may 02, 2025 12:58:36 P. M. Log info
INFO: H0684 está en la zona común.
may 02, 2025 12:58:36 P. M. Log info
INFO: H0550 está en la zona común.
may 02, 2025 12:58:36 P. M. Log info
INFO: H0133 está en la zona común.
may 02, 2025 12:58:36 P. M. Log info
INFO: H0906 está en la zona común.
may 02, 2025 12:58:36 P. M. Log info
INFO: H0115 está en la zona común.
may 02, 2025 12:58:36 P. M. Log info
INFO: H0587 está en la zona común.
may 02, 2025 12:58:36 P. M. Log info
INFO: H0450 está en la zona común.
may 02, 2025 12:58:36 P. M. Log info
INFO: H0091 está en la zona común.
may 02, 2025 12:58:36 P. M. Log info
INFO: H0673 está en la zona común.
may 02, 2025 12:58:36 P. M. Log info
INFO: H0028 está en la zona común.
may 02, 2025 12:58:36 P. M. Log info
INFO: H0509 está en la zona común.
may 02, 2025 12:58:36 P. M. Log info
INFO: H0953 está en la zona común.
may 02, 2025 12:58:36 P. M. Log info
INFO: H0320 está en la zona común.
may 02, 2025 12:58:36 P. M. Log info
INFO: H0724 está en la zona común.
may 02, 2025 12:58:36 P. M. Log info
INFO: H0299 está en la zona común.
may 02, 2025 12:58:36 P. M. Log info
INFO: H0275 está en la zona común.
may 02, 2025 12:58:36 P. M. Log info
INFO: H0507 está en la zona común.
may 02, 2025 12:58:36 P. M. Log info
INFO: H0837 está en la zona común.
may 02, 2025 12:58:36 P. M. Log info
INFO: H0578 está en la zona común.
may 02, 2025 12:58:36 P. M. Log info
INFO: H0358 está en la zona común.
may 02, 2025 12:58:36 P. M. Log info
INFO: H0010 está en la zona común.
may 02, 2025 12:58:36 P. M. Log info
INFO: H0796 está en la zona común.
may 02, 2025 12:58:36 P. M. Log info
INFO: H0750 está en la zona común.
may 02, 2025 12:58:36 P. M. Log info
INFO: H0431 está en la zona común.
may 02, 2025 12:58:36 P. M. Log info
INFO: H0878 está en la zona común.
may 02, 2025 12:58:36 P. M. Log info
INFO: H0443 está en la zona común.
may 02, 2025 12:58:36 P. M. Log info
INFO: H0946 está en la zona común.
may 02, 2025 12:58:36 P. M. Log info
INFO: H0463 está en la zona común.
may 02, 2025 12:58:36 P. M. Log info
INFO: H0230 está en la zona común.
may 02, 2025 12:58:36 P. M. Log info
INFO: H0453 está en la zona común.
may 02, 2025 12:58:36 P. M. Log info
INFO: H0077 está en la zona común.
may 02, 2025 12:58:36 P. M. Log info
INFO: H0723 está en la zona común.
may 02, 2025 12:58:36 P. M. Log info
INFO: H0488 está en la zona común.
may 02, 2025 12:58:36 P. M. Log info
INFO: H0926 está en la zona común.
may 02, 2025 12:58:36 P. M. Log info
INFO: H0267 está en la zona común.
may 02, 2025 12:58:36 P. M. Log info
INFO: H0529 está en la zona común.
may 02, 2025 12:58:36 P. M. Log info
INFO: H0087 está en la zona común.
may 02, 2025 12:58:36 P. M. Log info
INFO: H0615 está en la zona común.
may 02, 2025 12:58:36 P. M. Log info
INFO: H0680 está en la zona común.
may 02, 2025 12:58:36 P. M. Log info
INFO: H0527 está en la zona común.
may 02, 2025 12:58:36 P. M. Log info
INFO: H0922 está en la zona común.
may 02, 2025 12:58:36 P. M. Log info
INFO: H0383 está en la zona común.
may 02, 2025 12:58:36 P. M. Log info
INFO: H0642 está en la zona común.
may 02, 2025 12:58:36 P. M. Log info
INFO: H0703 está en la zona común.
may 02, 2025 12:58:36 P. M. Log info
INFO: H0002 está en la zona común.
may 02, 2025 12:58:36 P. M. Log info
INFO: H0345 está en la zona común.
may 02, 2025 12:58:36 P. M. Log info
INFO: H0166 está en la zona común.
may 02, 2025 12:58:36 P. M. Log info
INFO: H0255 está en la zona común.
may 02, 2025 12:58:36 P. M. Log info
INFO: H0682 está en la zona común.
may 02, 2025 12:58:36 P. M. Log info
INFO: H0194 está en la zona común.
may 02, 2025 12:58:36 P. M. Log info
INFO: H0165 está en la zona común.
may 02, 2025 12:58:36 P. M. Log info
INFO: H0802 está en la zona común.
may 02, 2025 12:58:36 P. M. Log info
INFO: H0346 está en la zona común.
may 02, 2025 12:58:36 P. M. Log info
INFO: H0687 está en la zona común.
may 02, 2025 12:58:36 P. M. Log info
INFO: H0624 está en la zona común.
may 02, 2025 12:58:36 P. M. Log info
INFO: H0648 está en la zona común.
may 02, 2025 12:58:36 P. M. Log info
INFO: H0307 está en la zona común.
may 02, 2025 12:58:36 P. M. Log info
INFO: H0169 está en la zona común.
may 02, 2025 12:58:36 P. M. Log info
INFO: H0050 está en la zona común.
may 02, 2025 12:58:36 P. M. Log info
INFO: H0831 está en la zona común.
may 02, 2025 12:58:36 P. M. Log info
INFO: H0471 está en la zona común.
may 02, 2025 12:58:36 P. M. Log info
INFO: H0737 está en la zona común.
may 02, 2025 12:58:36 P. M. Log info
INFO: H0744 está en la zona común.
may 02, 2025 12:58:36 P. M. Log info
INFO: H0266 está en la zona común.
may 02, 2025 12:58:36 P. M. Log info
INFO: H0517 está en la zona común.
may 02, 2025 12:58:36 P. M. Log info
INFO: H0430 está en la zona común.
may 02, 2025 12:58:36 P. M. Log info
INFO: H0355 está en la zona común.
may 02, 2025 12:58:36 P. M. Log info
INFO: H0839 está en la zona común.
may 02, 2025 12:58:36 P. M. Log info
INFO: H0748 está en la zona común.
may 02, 2025 12:58:36 P. M. Log info
INFO: H0309 está en la zona común.
may 02, 2025 12:58:36 P. M. Log info
INFO: H0436 está en la zona común.
may 02, 2025 12:58:36 P. M. Log info
INFO: H0228 está en la zona común.
may 02, 2025 12:58:36 P. M. Log info
INFO: H0753 está en la zona común.
may 02, 2025 12:58:36 P. M. Log info
INFO: H0579 está en la zona común.
may 02, 2025 12:58:36 P. M. Log info
INFO: H0152 está en la zona común.
may 02, 2025 12:58:36 P. M. Log info
INFO: H0670 está en la zona común.
may 02, 2025 12:58:36 P. M. Log info
INFO: H0109 está en la zona común.
may 02, 2025 12:58:36 P. M. Log info
INFO: H0739 está en la zona común.
may 02, 2025 12:58:36 P. M. Log info
INFO: H0217 está en la zona común.
may 02, 2025 12:58:36 P. M. Log info
INFO: H0132 está en la zona común.
may 02, 2025 12:58:36 P. M. Log info
INFO: H0688 está en la zona común.
may 02, 2025 12:58:36 P. M. Log info
INFO: H0032 está en la zona común.
may 02, 2025 12:58:36 P. M. Log info
INFO: H0667 está en la zona común.
may 02, 2025 12:58:36 P. M. Log info
INFO: H0312 está en la zona común.
may 02, 2025 12:58:36 P. M. Log info
INFO: H0461 está en la zona común.
may 02, 2025 12:58:36 P. M. Log info
INFO: H0394 está en la zona común.
may 02, 2025 12:58:36 P. M. Log info
INFO: H0610 está en la zona común.
may 02, 2025 12:58:36 P. M. Log info
INFO: H0564 está en la zona común.
may 02, 2025 12:58:36 P. M. Log info
INFO: H0506 está en la zona común.
may 02, 2025 12:58:36 P. M. Log info
INFO: H0408 está en la zona común.
may 02, 2025 12:58:36 P. M. Log info
INFO: H0113 está en la zona común.
may 02, 2025 12:58:36 P. M. Log info
INFO: H0457 está en la zona común.
may 02, 2025 12:58:36 P. M. Log info
INFO: H0759 está en la zona común.
may 02, 2025 12:58:36 P. M. Log info
INFO: H0589 está en la zona común.
may 02, 2025 12:58:36 P. M. Log info
INFO: H0727 está en la zona común.
may 02, 2025 12:58:36 P. M. Log info
INFO: H0833 está en la zona común.
may 02, 2025 12:58:36 P. M. Log info
INFO: H0082 está en la zona común.
may 02, 2025 12:58:36 P. M. Log info
INFO: H0719 está en la zona común.
may 02, 2025 12:58:36 P. M. Log info
INFO: H0537 está en la zona común.
may 02, 2025 12:58:36 P. M. Log info
INFO: H0061 está en la zona común.
may 02, 2025 12:58:36 P. M. Log info
INFO: H0063 está en la zona común.
may 02, 2025 12:58:36 P. M. Log info
INFO: H0919 está en la zona común.
may 02, 2025 12:58:36 P. M. Log info
INFO: H0916 está en la zona común.
may 02, 2025 12:58:36 P. M. Log info
INFO: H0323 está en la zona común.
may 02, 2025 12:58:36 P. M. Log info
INFO: H0897 está en la zona común.
may 02, 2025 12:58:36 P. M. Log info
INFO: H0476 está en la zona común.
may 02, 2025 12:58:36 P. M. Log info
INFO: H0314 está en la zona común.
may 02, 2025 12:58:36 P. M. Log info
INFO: H0108 está en la zona común.
may 02, 2025 12:58:36 P. M. Log info
INFO: H0368 está en la zona común.
may 02, 2025 12:58:36 P. M. Log info
INFO: H0455 está en la zona común.
may 02, 2025 12:58:36 P. M. Log info
INFO: H0745 está en la zona común.
may 02, 2025 12:58:36 P. M. Log info
INFO: H0037 está en la zona común.
may 02, 2025 12:58:36 P. M. Log info
INFO: H0020 está en la zona común.
may 02, 2025 12:58:36 P. M. Log info
INFO: H0840 está en la zona común.
may 02, 2025 12:58:36 P. M. Log info
INFO: H0136 está en la zona común.
may 02, 2025 12:58:36 P. M. Log info
INFO: H0596 está en la zona común.
may 02, 2025 12:58:36 P. M. Log info
INFO: H0188 está en la zona común.
may 02, 2025 12:58:36 P. M. Log info
INFO: H0945 está en la zona común.
may 02, 2025 12:58:36 P. M. Log info
INFO: H0732 está en la zona común.
may 02, 2025 12:58:36 P. M. Log info
INFO: H0366 está esperando para salir en el túnel 2
may 02, 2025 12:58:36 P. M. Log info
INFO: H0000 está esperando para salir en el túnel 0
may 02, 2025 1:02:26 P. M. Log info
INFO: H0011 está en la zona común.
may 02, 2025 1:02:26 P. M. Log info
INFO: H0305 está en la zona común.
may 02, 2025 1:02:26 P. M. Log info
INFO: H0158 está en la zona común.
may 02, 2025 1:02:26 P. M. Log info
INFO: H0354 está en la zona común.
may 02, 2025 1:02:26 P. M. Log info
INFO: H0262 está en la zona común.
may 02, 2025 1:02:26 P. M. Log info
INFO: H0362 está en la zona común.
may 02, 2025 1:02:26 P. M. Log info
INFO: H0057 está en la zona común.
may 02, 2025 1:02:26 P. M. Log info
INFO: H0013 está en la zona común.
may 02, 2025 1:02:26 P. M. Log info
INFO: H0111 está en la zona común.
may 02, 2025 1:02:26 P. M. Log info
INFO: H0481 está en la zona común.
may 02, 2025 1:02:26 P. M. Log info
INFO: H0308 está en la zona común.
may 02, 2025 1:02:26 P. M. Log info
INFO: H0143 está en la zona común.
may 02, 2025 1:02:26 P. M. Log info
INFO: H0176 está en la zona común.
may 02, 2025 1:02:26 P. M. Log info
INFO: H0435 está en la zona común.
may 02, 2025 1:02:26 P. M. Log info
INFO: H0180 está en la zona común.
may 02, 2025 1:02:26 P. M. Log info
INFO: H0232 está en la zona común.
may 02, 2025 1:02:26 P. M. Log info
INFO: H0490 está en la zona común.
may 02, 2025 1:02:26 P. M. Log info
INFO: H0035 está en la zona común.
may 02, 2025 1:02:26 P. M. Log info
INFO: H0606 está en la zona común.
may 02, 2025 1:02:26 P. M. Log info
INFO: H0531 está en la zona común.
may 02, 2025 1:02:26 P. M. Log info
INFO: H0356 está en la zona común.
may 02, 2025 1:02:26 P. M. Log info
INFO: H0159 está en la zona común.
may 02, 2025 1:02:26 P. M. Log info
INFO: H0535 está en la zona común.
may 02, 2025 1:02:26 P. M. Log info
INFO: H0494 está en la zona común.
may 02, 2025 1:02:26 P. M. Log info
INFO: H0568 está en la zona común.
may 02, 2025 1:02:26 P. M. Log info
INFO: H0565 está en la zona común.
may 02, 2025 1:02:26 P. M. Log info
INFO: H0364 está en la zona común.
may 02, 2025 1:02:26 P. M. Log info
INFO: H0684 está en la zona común.
may 02, 2025 1:02:26 P. M. Log info
INFO: H0675 está en la zona común.
may 02, 2025 1:02:26 P. M. Log info
INFO: H0671 está en la zona común.
may 02, 2025 1:02:26 P. M. Log info
INFO: H0299 está en la zona común.
may 02, 2025 1:02:26 P. M. Log info
INFO: H0522 está en la zona común.
may 02, 2025 1:02:26 P. M. Log info
INFO: H0408 está en la zona común.
may 02, 2025 1:02:26 P. M. Log info
INFO: H0317 está en la zona común.
may 02, 2025 1:02:26 P. M. Log info
INFO: H0259 está en la zona común.
may 02, 2025 1:02:26 P. M. Log info
INFO: H0385 está en la zona común.
may 02, 2025 1:02:26 P. M. Log info
INFO: H0763 está en la zona común.
may 02, 2025 1:02:26 P. M. Log info
INFO: H0817 está en la zona común.
may 02, 2025 1:02:26 P. M. Log info
INFO: H0875 está en la zona común.
may 02, 2025 1:02:26 P. M. Log info
INFO: H0471 está en la zona común.
may 02, 2025 1:02:26 P. M. Log info
INFO: H0968 está en la zona común.
may 02, 2025 1:02:26 P. M. Log info
INFO: H0600 está en la zona común.
may 02, 2025 1:02:26 P. M. Log info
INFO: H0367 está en la zona común.
may 02, 2025 1:02:26 P. M. Log info
INFO: H0764 está en la zona común.
may 02, 2025 1:02:26 P. M. Log info
INFO: H0869 está en la zona común.
may 02, 2025 1:02:26 P. M. Log info
INFO: H0776 está en la zona común.
may 02, 2025 1:02:26 P. M. Log info
INFO: H0068 está en la zona común.
may 02, 2025 1:02:26 P. M. Log info
INFO: H0788 está en la zona común.
may 02, 2025 1:02:26 P. M. Log info
INFO: H0523 está en la zona común.
may 02, 2025 1:02:26 P. M. Log info
INFO: H0668 está en la zona común.
may 02, 2025 1:02:26 P. M. Log info
INFO: H0688 está en la zona común.
may 02, 2025 1:02:26 P. M. Log info
INFO: H0551 está en la zona común.
may 02, 2025 1:02:26 P. M. Log info
INFO: H0319 está en la zona común.
may 02, 2025 1:02:26 P. M. Log info
INFO: H0072 está en la zona común.
may 02, 2025 1:02:26 P. M. Log info
INFO: H0415 está en la zona común.
may 02, 2025 1:02:26 P. M. Log info
INFO: H0718 está en la zona común.
may 02, 2025 1:02:26 P. M. Log info
INFO: H0395 está en la zona común.
may 02, 2025 1:02:26 P. M. Log info
INFO: H0846 está en la zona común.
may 02, 2025 1:02:26 P. M. Log info
INFO: H0569 está en la zona común.
may 02, 2025 1:02:26 P. M. Log info
INFO: H0405 está en la zona común.
may 02, 2025 1:02:26 P. M. Log info
INFO: H0848 está en la zona común.
may 02, 2025 1:02:26 P. M. Log info
INFO: H0861 está en la zona común.
may 02, 2025 1:02:26 P. M. Log info
INFO: H0014 está en la zona común.
may 02, 2025 1:02:26 P. M. Log info
INFO: H0455 está en la zona común.
may 02, 2025 1:02:26 P. M. Log info
INFO: H0281 está en la zona común.
may 02, 2025 1:02:26 P. M. Log info
INFO: H0495 está en la zona común.
may 02, 2025 1:02:26 P. M. Log info
INFO: H0152 está en la zona común.
may 02, 2025 1:02:26 P. M. Log info
INFO: H0517 está en la zona común.
may 02, 2025 1:02:26 P. M. Log info
INFO: H0381 está en la zona común.
may 02, 2025 1:02:26 P. M. Log info
INFO: H0694 está en la zona común.
may 02, 2025 1:02:26 P. M. Log info
INFO: H0992 está en la zona común.
may 02, 2025 1:02:26 P. M. Log info
INFO: H0150 está en la zona común.
may 02, 2025 1:02:26 P. M. Log info
INFO: H0498 está en la zona común.
may 02, 2025 1:02:26 P. M. Log info
INFO: H0018 está en la zona común.
may 02, 2025 1:02:26 P. M. Log info
INFO: H0073 está en la zona común.
may 02, 2025 1:02:26 P. M. Log info
INFO: H0246 está en la zona común.
may 02, 2025 1:02:26 P. M. Log info
INFO: H0539 está en la zona común.
may 02, 2025 1:02:26 P. M. Log info
INFO: H0583 está en la zona común.
may 02, 2025 1:02:26 P. M. Log info
INFO: H0963 está en la zona común.
may 02, 2025 1:02:26 P. M. Log info
INFO: H0662 está en la zona común.
may 02, 2025 1:02:26 P. M. Log info
INFO: H0096 está en la zona común.
may 02, 2025 1:02:26 P. M. Log info
INFO: H0284 está en la zona común.
may 02, 2025 1:02:26 P. M. Log info
INFO: H0321 está en la zona común.
may 02, 2025 1:02:26 P. M. Log info
INFO: H0616 está en la zona común.
may 02, 2025 1:02:26 P. M. Log info
INFO: H0463 está en la zona común.
may 02, 2025 1:02:26 P. M. Log info
INFO: H0801 está en la zona común.
may 02, 2025 1:02:26 P. M. Log info
INFO: H0306 está en la zona común.
may 02, 2025 1:02:26 P. M. Log info
INFO: H0903 está en la zona común.
may 02, 2025 1:02:26 P. M. Log info
INFO: H0328 está en la zona común.
may 02, 2025 1:02:26 P. M. Log info
INFO: H0485 está en la zona común.
may 02, 2025 1:02:26 P. M. Log info
INFO: H0169 está en la zona común.
may 02, 2025 1:02:26 P. M. Log info
INFO: H0172 está en la zona común.
may 02, 2025 1:02:26 P. M. Log info
INFO: H0599 está en la zona común.
may 02, 2025 1:02:26 P. M. Log info
INFO: H0640 está en la zona común.
may 02, 2025 1:02:26 P. M. Log info
INFO: H0683 está en la zona común.
may 02, 2025 1:02:26 P. M. Log info
INFO: H0645 está en la zona común.
may 02, 2025 1:02:26 P. M. Log info
INFO: H0780 está en la zona común.
may 02, 2025 1:02:26 P. M. Log info
INFO: H0680 está en la zona común.
may 02, 2025 1:02:26 P. M. Log info
INFO: H0285 está en la zona común.
may 02, 2025 1:02:26 P. M. Log info
INFO: H0796 está en la zona común.
may 02, 2025 1:02:26 P. M. Log info
INFO: H0650 está en la zona común.
may 02, 2025 1:02:26 P. M. Log info
INFO: H0736 está en la zona común.
may 02, 2025 1:02:26 P. M. Log info
INFO: H0136 está en la zona común.
may 02, 2025 1:02:26 P. M. Log info
INFO: H0123 está en la zona común.
may 02, 2025 1:02:26 P. M. Log info
INFO: H0426 está en la zona común.
may 02, 2025 1:02:26 P. M. Log info
INFO: H0008 está en la zona común.
may 02, 2025 1:02:26 P. M. Log info
INFO: H0293 está en la zona común.
may 02, 2025 1:02:26 P. M. Log info
INFO: H0335 está en la zona común.
may 02, 2025 1:02:26 P. M. Log info
INFO: H0110 está en la zona común.
may 02, 2025 1:02:26 P. M. Log info
INFO: H0040 está en la zona común.
may 02, 2025 1:02:26 P. M. Log info
INFO: H0144 está en la zona común.
may 02, 2025 1:02:26 P. M. Log info
INFO: H0770 está en la zona común.
may 02, 2025 1:02:26 P. M. Log info
INFO: H0016 está en la zona común.
may 02, 2025 1:02:26 P. M. Log info
INFO: H0886 está en la zona común.
may 02, 2025 1:02:26 P. M. Log info
INFO: H0451 está en la zona común.
may 02, 2025 1:02:26 P. M. Log info
INFO: H0682 está en la zona común.
may 02, 2025 1:02:26 P. M. Log info
INFO: H0790 está en la zona común.
may 02, 2025 1:02:26 P. M. Log info
INFO: H0318 está en la zona común.
may 02, 2025 1:02:26 P. M. Log info
INFO: H0145 está en la zona común.
may 02, 2025 1:02:26 P. M. Log info
INFO: H0051 está en la zona común.
may 02, 2025 1:02:26 P. M. Log info
INFO: H0329 está en la zona común.
may 02, 2025 1:02:26 P. M. Log info
INFO: H0943 está en la zona común.
may 02, 2025 1:02:26 P. M. Log info
INFO: H0988 está en la zona común.
may 02, 2025 1:02:26 P. M. Log info
INFO: H0837 está en la zona común.
may 02, 2025 1:02:26 P. M. Log info
INFO: H0620 está en la zona común.
may 02, 2025 1:02:26 P. M. Log info
INFO: H0724 está en la zona común.
may 02, 2025 1:02:26 P. M. Log info
INFO: H0670 está en la zona común.
may 02, 2025 1:02:26 P. M. Log info
INFO: H0422 está en la zona común.
may 02, 2025 1:02:26 P. M. Log info
INFO: H0525 está en la zona común.
may 02, 2025 1:02:26 P. M. Log info
INFO: H0346 está en la zona común.
may 02, 2025 1:02:26 P. M. Log info
INFO: H0526 está en la zona común.
may 02, 2025 1:02:26 P. M. Log info
INFO: H0873 está en la zona común.
may 02, 2025 1:02:26 P. M. Log info
INFO: H0697 está en la zona común.
may 02, 2025 1:02:26 P. M. Log info
INFO: H0225 está en la zona común.
may 02, 2025 1:02:26 P. M. Log info
INFO: H0610 está en la zona común.
may 02, 2025 1:02:26 P. M. Log info
INFO: H0691 está en la zona común.
may 02, 2025 1:02:26 P. M. Log info
INFO: H0982 está en la zona común.
may 02, 2025 1:02:26 P. M. Log info
INFO: H0131 está en la zona común.
may 02, 2025 1:02:26 P. M. Log info
INFO: H0199 está en la zona común.
may 02, 2025 1:02:26 P. M. Log info
INFO: H0794 está en la zona común.
may 02, 2025 1:02:26 P. M. Log info
INFO: H0038 está en la zona común.
may 02, 2025 1:02:26 P. M. Log info
INFO: H0470 está en la zona común.
may 02, 2025 1:02:26 P. M. Log info
INFO: H0095 está en la zona común.
may 02, 2025 1:02:26 P. M. Log info
INFO: H0214 está en la zona común.
may 02, 2025 1:02:26 P. M. Log info
INFO: H0527 está en la zona común.
may 02, 2025 1:02:26 P. M. Log info
INFO: H0850 está en la zona común.
may 02, 2025 1:02:26 P. M. Log info
INFO: H0808 está en la zona común.
may 02, 2025 1:02:26 P. M. Log info
INFO: H0186 está en la zona común.
may 02, 2025 1:02:26 P. M. Log info
INFO: H0540 está en la zona común.
may 02, 2025 1:02:26 P. M. Log info
INFO: H0277 está en la zona común.
may 02, 2025 1:02:26 P. M. Log info
INFO: H0993 está en la zona común.
may 02, 2025 1:02:26 P. M. Log info
INFO: H0664 está en la zona común.
may 02, 2025 1:02:26 P. M. Log info
INFO: H0006 está en la zona común.
may 02, 2025 1:02:26 P. M. Log info
INFO: H0000 está en la zona común.
may 02, 2025 1:02:26 P. M. Log info
INFO: H0290 está en la zona común.
may 02, 2025 1:02:26 P. M. Log info
INFO: H0034 está en la zona común.
may 02, 2025 1:02:26 P. M. Log info
INFO: H0365 está en la zona común.
may 02, 2025 1:02:26 P. M. Log info
INFO: H0220 está en la zona común.
may 02, 2025 1:02:26 P. M. Log info
INFO: H0418 está en la zona común.
may 02, 2025 1:02:26 P. M. Log info
INFO: H0572 está en la zona común.
may 02, 2025 1:02:26 P. M. Log info
INFO: H0357 está en la zona común.
may 02, 2025 1:02:26 P. M. Log info
INFO: H0060 está en la zona común.
may 02, 2025 1:02:26 P. M. Log info
INFO: H0998 está en la zona común.
may 02, 2025 1:02:26 P. M. Log info
INFO: H0508 está en la zona común.
may 02, 2025 1:02:26 P. M. Log info
INFO: H0841 está en la zona común.
may 02, 2025 1:02:26 P. M. Log info
INFO: H0353 está en la zona común.
may 02, 2025 1:02:26 P. M. Log info
INFO: H0252 está en la zona común.
may 02, 2025 1:02:26 P. M. Log info
INFO: H0390 está en la zona común.
may 02, 2025 1:02:26 P. M. Log info
INFO: H0970 está en la zona común.
may 02, 2025 1:02:26 P. M. Log info
INFO: H0805 está en la zona común.
may 02, 2025 1:02:26 P. M. Log info
INFO: H0591 está en la zona común.
may 02, 2025 1:02:26 P. M. Log info
INFO: H0118 está en la zona común.
may 02, 2025 1:02:26 P. M. Log info
INFO: H0462 está en la zona común.
may 02, 2025 1:02:26 P. M. Log info
INFO: H0348 está en la zona común.
may 02, 2025 1:02:26 P. M. Log info
INFO: H0852 está en la zona común.
may 02, 2025 1:02:26 P. M. Log info
INFO: H0109 está en la zona común.
may 02, 2025 1:02:26 P. M. Log info
INFO: H0217 está en la zona común.
may 02, 2025 1:02:26 P. M. Log info
INFO: H0349 está en la zona común.
may 02, 2025 1:02:26 P. M. Log info
INFO: H0058 está en la zona común.
may 02, 2025 1:02:26 P. M. Log info
INFO: H0625 está en la zona común.
may 02, 2025 1:02:26 P. M. Log info
INFO: H0945 está en la zona común.
may 02, 2025 1:02:26 P. M. Log info
INFO: H0102 está en la zona común.
may 02, 2025 1:02:26 P. M. Log info
INFO: H0948 está en la zona común.
may 02, 2025 1:02:26 P. M. Log info
INFO: H0207 está en la zona común.
may 02, 2025 1:02:26 P. M. Log info
INFO: H0342 está en la zona común.
may 02, 2025 1:02:26 P. M. Log info
INFO: H0239 está en la zona común.
may 02, 2025 1:02:26 P. M. Log info
INFO: H0519 está en la zona común.
may 02, 2025 1:02:26 P. M. Log info
INFO: H0369 está en la zona común.
may 02, 2025 1:02:26 P. M. Log info
INFO: H0345 está en la zona común.
may 02, 2025 1:02:26 P. M. Log info
INFO: H0860 está en la zona común.
may 02, 2025 1:02:26 P. M. Log info
INFO: H0052 está en la zona común.
may 02, 2025 1:02:26 P. M. Log info
INFO: H0840 está en la zona común.
may 02, 2025 1:02:26 P. M. Log info
INFO: H0677 está en la zona común.
may 02, 2025 1:02:26 P. M. Log info
INFO: H0100 está en la zona común.
may 02, 2025 1:02:26 P. M. Log info
INFO: H0474 está en la zona común.
may 02, 2025 1:02:26 P. M. Log info
INFO: H0761 está en la zona común.
may 02, 2025 1:02:26 P. M. Log info
INFO: H0822 está en la zona común.
may 02, 2025 1:02:26 P. M. Log info
INFO: H0987 está en la zona común.
may 02, 2025 1:02:26 P. M. Log info
INFO: H0589 está en la zona común.
may 02, 2025 1:02:26 P. M. Log info
INFO: H0404 está en la zona común.
may 02, 2025 1:02:26 P. M. Log info
INFO: H0716 está en la zona común.
may 02, 2025 1:02:26 P. M. Log info
INFO: H0507 está en la zona común.
may 02, 2025 1:02:26 P. M. Log info
INFO: H0177 está en la zona común.
may 02, 2025 1:02:26 P. M. Log info
INFO: H0001 está en la zona común.
may 02, 2025 1:02:26 P. M. Log info
INFO: H0094 está en la zona común.
may 02, 2025 1:02:26 P. M. Log info
INFO: H0750 está en la zona común.
may 02, 2025 1:02:26 P. M. Log info
INFO: H0915 está en la zona común.
may 02, 2025 1:02:26 P. M. Log info
INFO: H0090 está en la zona común.
may 02, 2025 1:02:26 P. M. Log info
INFO: H0296 está en la zona común.
may 02, 2025 1:02:26 P. M. Log info
INFO: H0803 está en la zona común.
may 02, 2025 1:02:26 P. M. Log info
INFO: H0280 está en la zona común.
may 02, 2025 1:02:26 P. M. Log info
INFO: H0424 está en la zona común.
may 02, 2025 1:02:26 P. M. Log info
INFO: H0940 está en la zona común.
may 02, 2025 1:02:26 P. M. Log info
INFO: H0142 está en la zona común.
may 02, 2025 1:02:26 P. M. Log info
INFO: H0853 está en la zona común.
may 02, 2025 1:02:26 P. M. Log info
INFO: H0157 está en la zona común.
may 02, 2025 1:02:26 P. M. Log info
INFO: H0652 está en la zona común.
may 02, 2025 1:02:26 P. M. Log info
INFO: H0140 está en la zona común.
may 02, 2025 1:02:26 P. M. Log info
INFO: H0313 está en la zona común.
may 02, 2025 1:02:26 P. M. Log info
INFO: H0312 está en la zona común.
may 02, 2025 1:02:26 P. M. Log info
INFO: H0888 está en la zona común.
may 02, 2025 1:02:26 P. M. Log info
INFO: H0242 está en la zona común.
may 02, 2025 1:02:26 P. M. Log info
INFO: H0977 está en la zona común.
may 02, 2025 1:02:26 P. M. Log info
INFO: H0448 está en la zona común.
may 02, 2025 1:02:26 P. M. Log info
INFO: H0701 está en la zona común.
may 02, 2025 1:02:26 P. M. Log info
INFO: H0955 está en la zona común.
may 02, 2025 1:02:26 P. M. Log info
INFO: H0171 está en la zona común.
may 02, 2025 1:02:26 P. M. Log info
INFO: H0423 está en la zona común.
may 02, 2025 1:02:26 P. M. Log info
INFO: H0550 está en la zona común.
may 02, 2025 1:02:26 P. M. Log info
INFO: H0737 está en la zona común.
may 02, 2025 1:02:26 P. M. Log info
INFO: H0080 está en la zona común.
may 02, 2025 1:02:26 P. M. Log info
INFO: H0098 está en la zona común.
may 02, 2025 1:02:26 P. M. Log info
INFO: H0951 está en la zona común.
may 02, 2025 1:02:26 P. M. Log info
INFO: H0004 está en la zona común.
may 02, 2025 1:02:26 P. M. Log info
INFO: H0820 está en la zona común.
may 02, 2025 1:02:26 P. M. Log info
INFO: H0316 está en la zona común.
may 02, 2025 1:02:26 P. M. Log info
INFO: H0039 está en la zona común.
may 02, 2025 1:02:26 P. M. Log info
INFO: H0044 está en la zona común.
may 02, 2025 1:02:26 P. M. Log info
INFO: H0881 está en la zona común.
may 02, 2025 1:02:26 P. M. Log info
INFO: H0173 está en la zona común.
may 02, 2025 1:02:26 P. M. Log info
INFO: H0773 está en la zona común.
may 02, 2025 1:02:26 P. M. Log info
INFO: H0154 está en la zona común.
may 02, 2025 1:02:26 P. M. Log info
INFO: H0245 está en la zona común.
may 02, 2025 1:02:26 P. M. Log info
INFO: H0804 está en la zona común.
may 02, 2025 1:02:26 P. M. Log info
INFO: H0563 está en la zona común.
may 02, 2025 1:02:26 P. M. Log info
INFO: H0816 está en la zona común.
may 02, 2025 1:02:26 P. M. Log info
INFO: H0941 está en la zona común.
may 02, 2025 1:02:26 P. M. Log info
INFO: H0148 está en la zona común.
may 02, 2025 1:02:26 P. M. Log info
INFO: H0046 está en la zona común.
may 02, 2025 1:02:26 P. M. Log info
INFO: H0985 está en la zona común.
may 02, 2025 1:02:26 P. M. Log info
INFO: H0330 está en la zona común.
may 02, 2025 1:02:26 P. M. Log info
INFO: H0991 está en la zona común.
may 02, 2025 1:02:26 P. M. Log info
INFO: H0309 está en la zona común.
may 02, 2025 1:02:26 P. M. Log info
INFO: H0229 está en la zona común.
may 02, 2025 1:02:26 P. M. Log info
INFO: H0643 está en la zona común.
may 02, 2025 1:02:26 P. M. Log info
INFO: H0715 está en la zona común.
may 02, 2025 1:02:26 P. M. Log info
INFO: H0368 está en la zona común.
may 02, 2025 1:02:26 P. M. Log info
INFO: H0638 está en la zona común.
may 02, 2025 1:02:26 P. M. Log info
INFO: H0380 está en la zona común.
may 02, 2025 1:02:26 P. M. Log info
INFO: H0337 está en la zona común.
may 02, 2025 1:02:26 P. M. Log info
INFO: H0704 está en la zona común.
may 02, 2025 1:02:26 P. M. Log info
INFO: H0516 está en la zona común.
may 02, 2025 1:02:26 P. M. Log info
INFO: H0900 está en la zona común.
may 02, 2025 1:02:26 P. M. Log info
INFO: H0732 está en la zona común.
may 02, 2025 1:02:26 P. M. Log info
INFO: H0432 está en la zona común.
may 02, 2025 1:02:26 P. M. Log info
INFO: H0056 está en la zona común.
may 02, 2025 1:02:26 P. M. Log info
INFO: H0209 está en la zona común.
may 02, 2025 1:02:26 P. M. Log info
INFO: H0634 está en la zona común.
may 02, 2025 1:02:26 P. M. Log info
INFO: H0980 está en la zona común.
may 02, 2025 1:02:26 P. M. Log info
INFO: H0288 está en la zona común.
may 02, 2025 1:02:26 P. M. Log info
INFO: H0949 está en la zona común.
may 02, 2025 1:02:26 P. M. Log info
INFO: H0768 está en la zona común.
may 02, 2025 1:02:26 P. M. Log info
INFO: H0655 está en la zona común.
may 02, 2025 1:02:26 P. M. Log info
INFO: H0830 está en la zona común.
may 02, 2025 1:02:26 P. M. Log info
INFO: H0772 está en la zona común.
may 02, 2025 1:02:26 P. M. Log info
INFO: H0314 está en la zona común.
may 02, 2025 1:02:26 P. M. Log info
INFO: H0965 está en la zona común.
may 02, 2025 1:02:26 P. M. Log info
INFO: H0518 está en la zona común.
may 02, 2025 1:02:26 P. M. Log info
INFO: H0696 está en la zona común.
may 02, 2025 1:02:26 P. M. Log info
INFO: H0902 está en la zona común.
may 02, 2025 1:02:26 P. M. Log info
INFO: H0779 está en la zona común.
may 02, 2025 1:02:26 P. M. Log info
INFO: H0961 está en la zona común.
may 02, 2025 1:02:26 P. M. Log info
INFO: H0271 está en la zona común.
may 02, 2025 1:02:26 P. M. Log info
INFO: H0250 está en la zona común.
may 02, 2025 1:02:26 P. M. Log info
INFO: H0374 está en la zona común.
may 02, 2025 1:02:26 P. M. Log info
INFO: H0378 está en la zona común.
may 02, 2025 1:02:26 P. M. Log info
INFO: H0276 está en la zona común.
may 02, 2025 1:02:26 P. M. Log info
INFO: H0156 está en la zona común.
may 02, 2025 1:02:26 P. M. Log info
INFO: H0009 está en la zona común.
may 02, 2025 1:02:26 P. M. Log info
INFO: H0249 está en la zona común.
may 02, 2025 1:02:26 P. M. Log info
INFO: H0868 está en la zona común.
may 02, 2025 1:02:26 P. M. Log info
INFO: H0800 está en la zona común.
may 02, 2025 1:02:26 P. M. Log info
INFO: H0114 está en la zona común.
may 02, 2025 1:02:26 P. M. Log info
INFO: H0795 está en la zona común.
may 02, 2025 1:02:26 P. M. Log info
INFO: H0449 está en la zona común.
may 02, 2025 1:02:26 P. M. Log info
INFO: H0441 está en la zona común.
may 02, 2025 1:02:26 P. M. Log info
INFO: H0071 está en la zona común.
may 02, 2025 1:02:26 P. M. Log info
INFO: H0918 está en la zona común.
may 02, 2025 1:02:26 P. M. Log info
INFO: H0503 está en la zona común.
may 02, 2025 1:02:26 P. M. Log info
INFO: H0093 está en la zona común.
may 02, 2025 1:02:26 P. M. Log info
INFO: H0571 está en la zona común.
may 02, 2025 1:02:26 P. M. Log info
INFO: H0855 está en la zona común.
may 02, 2025 1:02:26 P. M. Log info
INFO: H0687 está en la zona común.
may 02, 2025 1:02:26 P. M. Log info
INFO: H0401 está en la zona común.
may 02, 2025 1:02:26 P. M. Log info
INFO: H0063 está en la zona común.
may 02, 2025 1:02:26 P. M. Log info
INFO: H0027 está en la zona común.
may 02, 2025 1:02:26 P. M. Log info
INFO: H0301 está en la zona común.
may 02, 2025 1:02:26 P. M. Log info
INFO: H0023 está en la zona común.
may 02, 2025 1:02:26 P. M. Log info
INFO: H0429 está en la zona común.
may 02, 2025 1:02:26 P. M. Log info
INFO: H0789 está en la zona común.
may 02, 2025 1:02:26 P. M. Log info
INFO: H0420 está en la zona común.
may 02, 2025 1:02:26 P. M. Log info
INFO: H0021 está en la zona común.
may 02, 2025 1:02:26 P. M. Log info
INFO: H0103 está en la zona común.
may 02, 2025 1:02:26 P. M. Log info
INFO: H0775 está en la zona común.
may 02, 2025 1:02:26 P. M. Log info
INFO: H0556 está en la zona común.
may 02, 2025 1:02:27 P. M. Log info
INFO: H0059 está en la zona común.
may 02, 2025 1:02:27 P. M. Log info
INFO: H0274 está en la zona común.
may 02, 2025 1:02:27 P. M. Log info
INFO: H0636 está en la zona común.
may 02, 2025 1:02:27 P. M. Log info
INFO: H0932 está en la zona común.
may 02, 2025 1:02:27 P. M. Log info
INFO: H0121 está en la zona común.
may 02, 2025 1:02:27 P. M. Log info
INFO: H0978 está en la zona común.
may 02, 2025 1:02:27 P. M. Log info
INFO: H0078 está en la zona común.
may 02, 2025 1:02:27 P. M. Log info
INFO: H0084 está en la zona común.
may 02, 2025 1:02:27 P. M. Log info
INFO: H0574 está en la zona común.
may 02, 2025 1:02:27 P. M. Log info
INFO: H0699 está en la zona común.
may 02, 2025 1:02:27 P. M. Log info
INFO: H0577 está en la zona común.
may 02, 2025 1:02:27 P. M. Log info
INFO: H0802 está en la zona común.
may 02, 2025 1:02:27 P. M. Log info
INFO: H0167 está en la zona común.
may 02, 2025 1:02:27 P. M. Log info
INFO: H0927 está en la zona común.
may 02, 2025 1:02:27 P. M. Log info
INFO: H0393 está en la zona común.
may 02, 2025 1:02:27 P. M. Log info
INFO: H0160 está en la zona común.
may 02, 2025 1:02:27 P. M. Log info
INFO: H0282 está en la zona común.
may 02, 2025 1:02:27 P. M. Log info
INFO: H0350 está en la zona común.
may 02, 2025 1:02:27 P. M. Log info
INFO: H0895 está en la zona común.
may 02, 2025 1:02:27 P. M. Log info
INFO: H0483 está en la zona común.
may 02, 2025 1:02:27 P. M. Log info
INFO: H0833 está en la zona común.
may 02, 2025 1:02:27 P. M. Log info
INFO: H0738 está en la zona común.
may 02, 2025 1:02:27 P. M. Log info
INFO: H0478 está en la zona común.
may 02, 2025 1:02:27 P. M. Log info
INFO: H0340 está en la zona común.
may 02, 2025 1:02:27 P. M. Log info
INFO: H0343 está en la zona común.
may 02, 2025 1:02:27 P. M. Log info
INFO: H0003 está en la zona común.
may 02, 2025 1:02:27 P. M. Log info
INFO: H0878 está en la zona común.
may 02, 2025 1:02:27 P. M. Log info
INFO: H0425 está en la zona común.
may 02, 2025 1:02:27 P. M. Log info
INFO: H0326 está en la zona común.
may 02, 2025 1:02:27 P. M. Log info
INFO: H0480 está en la zona común.
may 02, 2025 1:02:27 P. M. Log info
INFO: H0253 está en la zona común.
may 02, 2025 1:02:27 P. M. Log info
INFO: H0396 está en la zona común.
may 02, 2025 1:02:27 P. M. Log info
INFO: H0857 está en la zona común.
may 02, 2025 1:02:27 P. M. Log info
INFO: H0074 está en la zona común.
may 02, 2025 1:02:27 P. M. Log info
INFO: H0461 está en la zona común.
may 02, 2025 1:02:27 P. M. Log info
INFO: H0858 está en la zona común.
may 02, 2025 1:02:27 P. M. Log info
INFO: H0553 está en la zona común.
may 02, 2025 1:02:27 P. M. Log info
INFO: H0532 está en la zona común.
may 02, 2025 1:02:27 P. M. Log info
INFO: H0222 está en la zona común.
may 02, 2025 1:02:27 P. M. Log info
INFO: H0036 está en la zona común.
may 02, 2025 1:02:27 P. M. Log info
INFO: H0769 está en la zona común.
may 02, 2025 1:02:27 P. M. Log info
INFO: H0042 está en la zona común.
may 02, 2025 1:02:27 P. M. Log info
INFO: H0740 está en la zona común.
may 02, 2025 1:02:27 P. M. Log info
INFO: H0723 está en la zona común.
may 02, 2025 1:02:27 P. M. Log info
INFO: H0774 está en la zona común.
may 02, 2025 1:02:27 P. M. Log info
INFO: H0151 está en la zona común.
may 02, 2025 1:02:27 P. M. Log info
INFO: H0248 está en la zona común.
may 02, 2025 1:02:27 P. M. Log info
INFO: H0386 está en la zona común.
may 02, 2025 1:02:27 P. M. Log info
INFO: H0644 está en la zona común.
may 02, 2025 1:02:27 P. M. Log info
INFO: H0163 está en la zona común.
may 02, 2025 1:02:27 P. M. Log info
INFO: H0101 está en la zona común.
may 02, 2025 1:02:27 P. M. Log info
INFO: H0778 está en la zona común.
may 02, 2025 1:02:27 P. M. Log info
INFO: H0486 está en la zona común.
may 02, 2025 1:02:27 P. M. Log info
INFO: H0106 está en la zona común.
may 02, 2025 1:02:27 P. M. Log info
INFO: H0054 está en la zona común.
may 02, 2025 1:02:27 P. M. Log info
INFO: H0909 está en la zona común.
may 02, 2025 1:02:27 P. M. Log info
INFO: H0352 está en la zona común.
may 02, 2025 1:02:27 P. M. Log info
INFO: H0017 está en la zona común.
may 02, 2025 1:02:27 P. M. Log info
INFO: H0639 está en la zona común.
may 02, 2025 1:02:27 P. M. Log info
INFO: H0427 está en la zona común.
may 02, 2025 1:02:27 P. M. Log info
INFO: H0567 está en la zona común.
may 02, 2025 1:02:27 P. M. Log info
INFO: H0562 está en la zona común.
may 02, 2025 1:02:27 P. M. Log info
INFO: H0771 está en la zona común.
may 02, 2025 1:02:27 P. M. Log info
INFO: H0444 está en la zona común.
may 02, 2025 1:02:27 P. M. Log info
INFO: H0607 está en la zona común.
may 02, 2025 1:02:27 P. M. Log info
INFO: H0484 está en la zona común.
may 02, 2025 1:02:27 P. M. Log info
INFO: H0578 está en la zona común.
may 02, 2025 1:02:27 P. M. Log info
INFO: H0597 está en la zona común.
may 02, 2025 1:02:27 P. M. Log info
INFO: H0370 está en la zona común.
may 02, 2025 1:02:27 P. M. Log info
INFO: H0258 está en la zona común.
may 02, 2025 1:02:27 P. M. Log info
INFO: H0219 está en la zona común.
may 02, 2025 1:02:27 P. M. Log info
INFO: H0069 está en la zona común.
may 02, 2025 1:02:27 P. M. Log info
INFO: H0529 está en la zona común.
may 02, 2025 1:02:27 P. M. Log info
INFO: H0746 está en la zona común.
may 02, 2025 1:02:27 P. M. Log info
INFO: H0234 está en la zona común.
may 02, 2025 1:02:27 P. M. Log info
INFO: H0291 está en la zona común.
may 02, 2025 1:02:27 P. M. Log info
INFO: H0703 está en la zona común.
may 02, 2025 1:02:27 P. M. Log info
INFO: H0188 está en la zona común.
may 02, 2025 1:02:27 P. M. Log info
INFO: H0914 está en la zona común.
may 02, 2025 1:02:27 P. M. Log info
INFO: H0403 está en la zona común.
may 02, 2025 1:02:27 P. M. Log info
INFO: H0832 está en la zona común.
may 02, 2025 1:02:27 P. M. Log info
INFO: H0453 está en la zona común.
may 02, 2025 1:02:27 P. M. Log info
INFO: H0838 está en la zona común.
may 02, 2025 1:02:27 P. M. Log info
INFO: H0032 está en la zona común.
may 02, 2025 1:02:27 P. M. Log info
INFO: H0582 está en la zona común.
may 02, 2025 1:02:27 P. M. Log info
INFO: H0360 está en la zona común.
may 02, 2025 1:02:27 P. M. Log info
INFO: H0917 está en la zona común.
may 02, 2025 1:02:27 P. M. Log info
INFO: H0760 está en la zona común.
may 02, 2025 1:02:27 P. M. Log info
INFO: H0792 está en la zona común.
may 02, 2025 1:02:27 P. M. Log info
INFO: H0392 está en la zona común.
may 02, 2025 1:02:27 P. M. Log info
INFO: H0434 está en la zona común.
may 02, 2025 1:02:27 P. M. Log info
INFO: H0762 está en la zona común.
may 02, 2025 1:02:27 P. M. Log info
INFO: H0815 está en la zona común.
may 02, 2025 1:02:27 P. M. Log info
INFO: H0605 está en la zona común.
may 02, 2025 1:02:27 P. M. Log info
INFO: H0641 está en la zona común.
may 02, 2025 1:02:27 P. M. Log info
INFO: H0268 está en la zona común.
may 02, 2025 1:02:27 P. M. Log info
INFO: H0521 está en la zona común.
may 02, 2025 1:02:27 P. M. Log info
INFO: H0450 está en la zona común.
may 02, 2025 1:02:27 P. M. Log info
INFO: H0129 está en la zona común.
may 02, 2025 1:02:27 P. M. Log info
INFO: H0835 está en la zona común.
may 02, 2025 1:02:27 P. M. Log info
INFO: H0757 está en la zona común.
may 02, 2025 1:02:27 P. M. Log info
INFO: H0409 está en la zona común.
may 02, 2025 1:02:27 P. M. Log info
INFO: H0091 está en la zona común.
may 02, 2025 1:02:27 P. M. Log info
INFO: H0865 está en la zona común.
may 02, 2025 1:02:27 P. M. Log info
INFO: H0187 está en la zona común.
may 02, 2025 1:02:27 P. M. Log info
INFO: H0467 está en la zona común.
may 02, 2025 1:02:27 P. M. Log info
INFO: H0315 está en la zona común.
may 02, 2025 1:02:27 P. M. Log info
INFO: H0755 está en la zona común.
may 02, 2025 1:02:27 P. M. Log info
INFO: H0126 está en la zona común.
may 02, 2025 1:02:27 P. M. Log info
INFO: H0506 está en la zona común.
may 02, 2025 1:02:27 P. M. Log info
INFO: H0667 está en la zona común.
may 02, 2025 1:02:27 P. M. Log info
INFO: H0237 está en la zona común.
may 02, 2025 1:02:27 P. M. Log info
INFO: H0181 está en la zona común.
may 02, 2025 1:02:27 P. M. Log info
INFO: H0077 está en la zona común.
may 02, 2025 1:02:27 P. M. Log info
INFO: H0412 está en la zona común.
may 02, 2025 1:02:27 P. M. Log info
INFO: H0759 está en la zona común.
may 02, 2025 1:02:27 P. M. Log info
INFO: H0920 está en la zona común.
may 02, 2025 1:02:27 P. M. Log info
INFO: H0202 está en la zona común.
may 02, 2025 1:02:27 P. M. Log info
INFO: H0844 está en la zona común.
may 02, 2025 1:02:27 P. M. Log info
INFO: H0022 está en la zona común.
may 02, 2025 1:02:27 P. M. Log info
INFO: H0097 está en la zona común.
may 02, 2025 1:02:27 P. M. Log info
INFO: H0358 está en la zona común.
may 02, 2025 1:02:27 P. M. Log info
INFO: H0373 está en la zona común.
may 02, 2025 1:02:27 P. M. Log info
INFO: H0025 está en la zona común.
may 02, 2025 1:02:27 P. M. Log info
INFO: H0573 está en la zona común.
may 02, 2025 1:02:27 P. M. Log info
INFO: H0279 está en la zona común.
may 02, 2025 1:02:27 P. M. Log info
INFO: H0473 está en la zona común.
may 02, 2025 1:02:27 P. M. Log info
INFO: H0325 está en la zona común.
may 02, 2025 1:02:27 P. M. Log info
INFO: H0298 está en la zona común.
may 02, 2025 1:02:27 P. M. Log info
INFO: H0128 está en la zona común.
may 02, 2025 1:02:27 P. M. Log info
INFO: H0489 está en la zona común.
may 02, 2025 1:02:27 P. M. Log info
INFO: H0210 está en la zona común.
may 02, 2025 1:02:27 P. M. Log info
INFO: H0047 está en la zona común.
may 02, 2025 1:02:27 P. M. Log info
INFO: H0784 está en la zona común.
may 02, 2025 1:02:27 P. M. Log info
INFO: H0579 está en la zona común.
may 02, 2025 1:02:27 P. M. Log info
INFO: H0887 está en la zona común.
may 02, 2025 1:02:27 P. M. Log info
INFO: H0304 está en la zona común.
may 02, 2025 1:02:27 P. M. Log info
INFO: H0082 está en la zona común.
may 02, 2025 1:02:27 P. M. Log info
INFO: H0302 está en la zona común.
may 02, 2025 1:02:27 P. M. Log info
INFO: H0907 está en la zona común.
may 02, 2025 1:02:27 P. M. Log info
INFO: H0984 está en la zona común.
may 02, 2025 1:02:27 P. M. Log info
INFO: H0603 está en la zona común.
may 02, 2025 1:02:27 P. M. Log info
INFO: H0389 está en la zona común.
may 02, 2025 1:02:27 P. M. Log info
INFO: H0719 está en la zona común.
may 02, 2025 1:02:27 P. M. Log info
INFO: H0561 está en la zona común.
may 02, 2025 1:02:27 P. M. Log info
INFO: H0604 está en la zona común.
may 02, 2025 1:02:27 P. M. Log info
INFO: H0124 está en la zona común.
may 02, 2025 1:02:27 P. M. Log info
INFO: H0713 está en la zona común.
may 02, 2025 1:02:27 P. M. Log info
INFO: H0416 está en la zona común.
may 02, 2025 1:02:27 P. M. Log info
INFO: H0979 está en la zona común.
may 02, 2025 1:02:27 P. M. Log info
INFO: H0445 está en la zona común.
may 02, 2025 1:02:27 P. M. Log info
INFO: H0692 está en la zona común.
may 02, 2025 1:02:27 P. M. Log info
INFO: H0383 está en la zona común.
may 02, 2025 1:02:27 P. M. Log info
INFO: H0182 está en la zona común.
may 02, 2025 1:02:27 P. M. Log info
INFO: H0938 está en la zona común.
may 02, 2025 1:02:27 P. M. Log info
INFO: H0446 está en la zona común.
may 02, 2025 1:02:27 P. M. Log info
INFO: H0751 está en la zona común.
may 02, 2025 1:02:27 P. M. Log info
INFO: H0672 está en la zona común.
may 02, 2025 1:02:27 P. M. Log info
INFO: H0407 está en la zona común.
may 02, 2025 1:02:27 P. M. Log info
INFO: H0524 está en la zona común.
may 02, 2025 1:02:27 P. M. Log info
INFO: H0141 está en la zona común.
may 02, 2025 1:02:27 P. M. Log info
INFO: H0839 está en la zona común.
may 02, 2025 1:02:27 P. M. Log info
INFO: H0391 está en la zona común.
may 02, 2025 1:02:27 P. M. Log info
INFO: H0766 está en la zona común.
may 02, 2025 1:02:27 P. M. Log info
INFO: H0041 está en la zona común.
may 02, 2025 1:02:27 P. M. Log info
INFO: H0722 está en la zona común.
may 02, 2025 1:02:27 P. M. Log info
INFO: H0726 está en la zona común.
may 02, 2025 1:02:27 P. M. Log info
INFO: H0585 está en la zona común.
may 02, 2025 1:02:27 P. M. Log info
INFO: H0842 está en la zona común.
may 02, 2025 1:02:27 P. M. Log info
INFO: H0165 está en la zona común.
may 02, 2025 1:02:27 P. M. Log info
INFO: H0705 está en la zona común.
may 02, 2025 1:02:27 P. M. Log info
INFO: H0029 está en la zona común.
may 02, 2025 1:02:27 P. M. Log info
INFO: H0847 está en la zona común.
may 02, 2025 1:02:27 P. M. Log info
INFO: H0663 está en la zona común.
may 02, 2025 1:02:27 P. M. Log info
INFO: H0622 está en la zona común.
may 02, 2025 1:02:27 P. M. Log info
INFO: H0371 está en la zona común.
may 02, 2025 1:02:27 P. M. Log info
INFO: H0695 está en la zona común.
may 02, 2025 1:02:27 P. M. Log info
INFO: H0421 está en la zona común.
may 02, 2025 1:02:27 P. M. Log info
INFO: H0247 está en la zona común.
may 02, 2025 1:02:27 P. M. Log info
INFO: H0904 está en la zona común.
may 02, 2025 1:02:27 P. M. Log info
INFO: H0728 está en la zona común.
may 02, 2025 1:02:27 P. M. Log info
INFO: H0153 está en la zona común.
may 02, 2025 1:02:27 P. M. Log info
INFO: H0135 está en la zona común.
may 02, 2025 1:02:27 P. M. Log info
INFO: H0460 está en la zona común.
may 02, 2025 1:02:27 P. M. Log info
INFO: H0587 está en la zona común.
may 02, 2025 1:02:27 P. M. Log info
INFO: H0989 está en la zona común.
may 02, 2025 1:02:27 P. M. Log info
INFO: H0986 está en la zona común.
may 02, 2025 1:02:27 P. M. Log info
INFO: H0542 está en la zona común.
may 02, 2025 1:02:27 P. M. Log info
INFO: H0501 está en la zona común.
may 02, 2025 1:02:27 P. M. Log info
INFO: H0729 está en la zona común.
may 02, 2025 1:02:27 P. M. Log info
INFO: H0999 está en la zona común.
may 02, 2025 1:02:27 P. M. Log info
INFO: H0211 está en la zona común.
may 02, 2025 1:02:27 P. M. Log info
INFO: H0238 está en la zona común.
may 02, 2025 1:02:27 P. M. Log info
INFO: H0905 está en la zona común.
may 02, 2025 1:02:27 P. M. Log info
INFO: H0733 está en la zona común.
may 02, 2025 1:02:27 P. M. Log info
INFO: H0829 está en la zona común.
may 02, 2025 1:02:27 P. M. Log info
INFO: H0194 está en la zona común.
may 02, 2025 1:02:27 P. M. Log info
INFO: H0851 está en la zona común.
may 02, 2025 1:02:27 P. M. Log info
INFO: H0536 está en la zona común.
may 02, 2025 1:02:27 P. M. Log info
INFO: H0243 está en la zona común.
may 02, 2025 1:02:27 P. M. Log info
INFO: H0505 está en la zona común.
may 02, 2025 1:02:27 P. M. Log info
INFO: H0731 está en la zona común.
may 02, 2025 1:02:27 P. M. Log info
INFO: H0067 está en la zona común.
may 02, 2025 1:02:27 P. M. Log info
INFO: H0278 está en la zona común.
may 02, 2025 1:02:27 P. M. Log info
INFO: H0543 está en la zona común.
may 02, 2025 1:02:27 P. M. Log info
INFO: H0557 está en la zona común.
may 02, 2025 1:02:27 P. M. Log info
INFO: H0324 está en la zona común.
may 02, 2025 1:02:27 P. M. Log info
INFO: H0477 está en la zona común.
may 02, 2025 1:02:27 P. M. Log info
INFO: H0338 está en la zona común.
may 02, 2025 1:02:27 P. M. Log info
INFO: H0689 está en la zona común.
may 02, 2025 1:02:27 P. M. Log info
INFO: H0055 está en la zona común.
may 02, 2025 1:02:27 P. M. Log info
INFO: H0287 está en la zona común.
may 02, 2025 1:02:27 P. M. Log info
INFO: H0024 está en la zona común.
may 02, 2025 1:02:27 P. M. Log info
INFO: H0849 está en la zona común.
may 02, 2025 1:02:27 P. M. Log info
INFO: H0162 está en la zona común.
may 02, 2025 1:02:27 P. M. Log info
INFO: H0919 está en la zona común.
may 02, 2025 1:02:27 P. M. Log info
INFO: H0735 está en la zona común.
may 02, 2025 1:02:27 P. M. Log info
INFO: H0212 está en la zona común.
may 02, 2025 1:02:27 P. M. Log info
INFO: H0341 está en la zona común.
may 02, 2025 1:02:27 P. M. Log info
INFO: H0730 está en la zona común.
may 02, 2025 1:02:27 P. M. Log info
INFO: H0197 está en la zona común.
may 02, 2025 1:02:27 P. M. Log info
INFO: H0864 está en la zona común.
may 02, 2025 1:02:27 P. M. Log info
INFO: H0269 está en la zona común.
may 02, 2025 1:02:27 P. M. Log info
INFO: H0785 está en la zona común.
may 02, 2025 1:02:27 P. M. Log info
INFO: H0843 está en la zona común.
may 02, 2025 1:02:27 P. M. Log info
INFO: H0586 está en la zona común.
may 02, 2025 1:02:27 P. M. Log info
INFO: H0388 está en la zona común.
may 02, 2025 1:02:27 P. M. Log info
INFO: H0028 está en la zona común.
may 02, 2025 1:02:27 P. M. Log info
INFO: H0749 está en la zona común.
may 02, 2025 1:02:27 P. M. Log info
INFO: H0901 está en la zona común.
may 02, 2025 1:02:27 P. M. Log info
INFO: H0208 está en la zona común.
may 02, 2025 1:02:27 P. M. Log info
INFO: H0119 está en la zona común.
may 02, 2025 1:02:27 P. M. Log info
INFO: H0428 está en la zona común.
may 02, 2025 1:02:27 P. M. Log info
INFO: H0286 está en la zona común.
may 02, 2025 1:02:27 P. M. Log info
INFO: H0295 está en la zona común.
may 02, 2025 1:02:27 P. M. Log info
INFO: H0824 está en la zona común.
may 02, 2025 1:02:27 P. M. Log info
INFO: H0570 está en la zona común.
may 02, 2025 1:02:27 P. M. Log info
INFO: H0863 está en la zona común.
may 02, 2025 1:02:27 P. M. Log info
INFO: H0079 está en la zona común.
may 02, 2025 1:02:27 P. M. Log info
INFO: H0929 está en la zona común.
may 02, 2025 1:02:27 P. M. Log info
INFO: H0588 está en la zona común.
may 02, 2025 1:02:27 P. M. Log info
INFO: H0251 está en la zona común.
may 02, 2025 1:02:27 P. M. Log info
INFO: H0166 está en la zona común.
may 02, 2025 1:02:27 P. M. Log info
INFO: H0811 está en la zona común.
may 02, 2025 1:02:27 P. M. Log info
INFO: H0885 está en la zona común.
may 02, 2025 1:02:27 P. M. Log info
INFO: H0230 está en la zona común.
may 02, 2025 1:02:27 P. M. Log info
INFO: H0120 está en la zona común.
may 02, 2025 1:02:27 P. M. Log info
INFO: H0534 está en la zona común.
may 02, 2025 1:02:27 P. M. Log info
INFO: H0020 está en la zona común.
may 02, 2025 1:02:27 P. M. Log info
INFO: H0104 está en la zona común.
may 02, 2025 1:02:27 P. M. Log info
INFO: H0681 está en la zona común.
may 02, 2025 1:02:27 P. M. Log info
INFO: H0504 está en la zona común.
may 02, 2025 1:02:27 P. M. Log info
INFO: H0942 está en la zona común.
may 02, 2025 1:02:27 P. M. Log info
INFO: H0962 está en la zona común.
may 02, 2025 1:02:27 P. M. Log info
INFO: H0218 está en la zona común.
may 02, 2025 1:02:27 P. M. Log info
INFO: H0721 está en la zona común.
may 02, 2025 1:02:27 P. M. Log info
INFO: H0334 está en la zona común.
may 02, 2025 1:02:27 P. M. Log info
INFO: H0976 está en la zona común.
may 02, 2025 1:02:27 P. M. Log info
INFO: H0665 está en la zona común.
may 02, 2025 1:02:27 P. M. Log info
INFO: H0414 está en la zona común.
may 02, 2025 1:02:27 P. M. Log info
INFO: H0928 está en la zona común.
may 02, 2025 1:02:27 P. M. Log info
INFO: H0440 está en la zona común.
may 02, 2025 1:02:27 P. M. Log info
INFO: H0952 está en la zona común.
may 02, 2025 1:02:27 P. M. Log info
INFO: H0363 está en la zona común.
may 02, 2025 1:02:27 P. M. Log info
INFO: H0254 está en la zona común.
may 02, 2025 1:02:27 P. M. Log info
INFO: H0541 está en la zona común.
may 02, 2025 1:02:27 P. M. Log info
INFO: H0748 está en la zona común.
may 02, 2025 1:02:27 P. M. Log info
INFO: H0560 está en la zona común.
may 02, 2025 1:02:27 P. M. Log info
INFO: H0491 está en la zona común.
may 02, 2025 1:02:27 P. M. Log info
INFO: H0791 está en la zona común.
may 02, 2025 1:02:27 P. M. Log info
INFO: H0236 está en la zona común.
may 02, 2025 1:02:27 P. M. Log info
INFO: H0255 está en la zona común.
may 02, 2025 1:02:27 P. M. Log info
INFO: H0137 está en la zona común.
may 02, 2025 1:02:27 P. M. Log info
INFO: H0075 está en la zona común.
may 02, 2025 1:02:27 P. M. Log info
INFO: H0402 está en la zona común.
may 02, 2025 1:02:27 P. M. Log info
INFO: H0122 está en la zona común.
may 02, 2025 1:02:27 P. M. Log info
INFO: H0048 está en la zona común.
may 02, 2025 1:02:27 P. M. Log info
INFO: H0908 está en la zona común.
may 02, 2025 1:02:27 P. M. Log info
INFO: H0758 está en la zona común.
may 02, 2025 1:02:27 P. M. Log info
INFO: H0456 está en la zona común.
may 02, 2025 1:02:27 P. M. Log info
INFO: H0627 está en la zona común.
may 02, 2025 1:02:27 P. M. Log info
INFO: H0781 está en la zona común.
may 02, 2025 1:02:27 P. M. Log info
INFO: H0050 está en la zona común.
may 02, 2025 1:02:27 P. M. Log info
INFO: H0690 está en la zona común.
may 02, 2025 1:02:27 P. M. Log info
INFO: H0631 está en la zona común.
may 02, 2025 1:02:27 P. M. Log info
INFO: H0361 está en la zona común.
may 02, 2025 1:02:27 P. M. Log info
INFO: H0935 está en la zona común.
may 02, 2025 1:02:27 P. M. Log info
INFO: H0660 está en la zona común.
may 02, 2025 1:02:27 P. M. Log info
INFO: H0706 está en la zona común.
may 02, 2025 1:02:27 P. M. Log info
INFO: H0530 está en la zona común.
may 02, 2025 1:02:27 P. M. Log info
INFO: H0502 está en la zona común.
may 02, 2025 1:02:27 P. M. Log info
INFO: H0807 está en la zona común.
may 02, 2025 1:02:27 P. M. Log info
INFO: H0310 está en la zona común.
may 02, 2025 1:02:27 P. M. Log info
INFO: H0635 está en la zona común.
may 02, 2025 1:02:27 P. M. Log info
INFO: H0263 está en la zona común.
may 02, 2025 1:02:27 P. M. Log info
INFO: H0443 está en la zona común.
may 02, 2025 1:02:27 P. M. Log info
INFO: H0939 está en la zona común.
may 02, 2025 1:02:27 P. M. Log info
INFO: H0511 está en la zona común.
may 02, 2025 1:02:27 P. M. Log info
INFO: H0821 está en la zona común.
may 02, 2025 1:02:27 P. M. Log info
INFO: H0125 está en la zona común.
may 02, 2025 1:02:27 P. M. Log info
INFO: H0584 está en la zona común.
may 02, 2025 1:02:27 P. M. Log info
INFO: H0630 está en la zona común.
may 02, 2025 1:02:27 P. M. Log info
INFO: H0161 está en la zona común.
may 02, 2025 1:02:27 P. M. Log info
INFO: H0512 está en la zona común.
may 02, 2025 1:02:27 P. M. Log info
INFO: H0566 está en la zona común.
may 02, 2025 1:02:27 P. M. Log info
INFO: H0767 está en la zona común.
may 02, 2025 1:02:27 P. M. Log info
INFO: H0064 está en la zona común.
may 02, 2025 1:02:27 P. M. Log info
INFO: H0213 está en la zona común.
may 02, 2025 1:02:27 P. M. Log info
INFO: H0514 está en la zona común.
may 02, 2025 1:02:27 P. M. Log info
INFO: H0261 está en la zona común.
may 02, 2025 1:02:27 P. M. Log info
INFO: H0674 está en la zona común.
may 02, 2025 1:02:27 P. M. Log info
INFO: H0734 está en la zona común.
may 02, 2025 1:02:27 P. M. Log info
INFO: H0198 está en la zona común.
may 02, 2025 1:02:27 P. M. Log info
INFO: H0752 está en la zona común.
may 02, 2025 1:02:27 P. M. Log info
INFO: H0000 está en la zona común.
may 02, 2025 1:02:27 P. M. Log info
INFO: H0270 está en la zona común.
may 02, 2025 1:02:27 P. M. Log info
INFO: H0300 está en la zona común.
may 02, 2025 1:02:27 P. M. Log info
INFO: H0669 está en la zona común.
may 02, 2025 1:02:27 P. M. Log info
INFO: H0065 está en la zona común.
may 02, 2025 1:02:27 P. M. Log info
INFO: H0879 está en la zona común.
may 02, 2025 1:02:27 P. M. Log info
INFO: H0960 está en la zona común.
may 02, 2025 1:02:27 P. M. Log info
INFO: H0107 está en la zona común.
may 02, 2025 1:02:27 P. M. Log info
INFO: H0884 está en la zona común.
may 02, 2025 1:02:27 P. M. Log info
INFO: H0548 está en la zona común.
may 02, 2025 1:02:27 P. M. Log info
INFO: H0931 está en la zona común.
may 02, 2025 1:02:27 P. M. Log info
INFO: H0132 está en la zona común.
may 02, 2025 1:02:27 P. M. Log info
INFO: H0896 está en la zona común.
may 02, 2025 1:02:27 P. M. Log info
INFO: H0921 está en la zona común.
may 02, 2025 1:02:27 P. M. Log info
INFO: H0990 está en la zona común.
may 02, 2025 1:02:27 P. M. Log info
INFO: H0355 está en la zona común.
may 02, 2025 1:02:27 P. M. Log info
INFO: H0372 está en la zona común.
may 02, 2025 1:02:27 P. M. Log info
INFO: H0030 está en la zona común.
may 02, 2025 1:02:27 P. M. Log info
INFO: H0958 está en la zona común.
may 02, 2025 1:02:27 P. M. Log info
INFO: H0799 está en la zona común.
may 02, 2025 1:02:27 P. M. Log info
INFO: H0375 está en la zona común.
may 02, 2025 1:02:27 P. M. Log info
INFO: H0322 está en la zona común.
may 02, 2025 1:02:27 P. M. Log info
INFO: H0112 está en la zona común.
may 02, 2025 1:02:27 P. M. Log info
INFO: H0500 está en la zona común.
may 02, 2025 1:02:27 P. M. Log info
INFO: H0882 está en la zona común.
may 02, 2025 1:02:27 P. M. Log info
INFO: H0216 está en la zona común.
may 02, 2025 1:02:27 P. M. Log info
INFO: H0475 está en la zona común.
may 02, 2025 1:02:27 P. M. Log info
INFO: H0185 está en la zona común.
may 02, 2025 1:02:27 P. M. Log info
INFO: H0827 está en la zona común.
may 02, 2025 1:02:27 P. M. Log info
INFO: H0922 está en la zona común.
may 02, 2025 1:02:27 P. M. Log info
INFO: H0430 está en la zona común.
may 02, 2025 1:02:27 P. M. Log info
INFO: H0880 está en la zona común.
may 02, 2025 1:02:27 P. M. Log info
INFO: H0235 está en la zona común.
may 02, 2025 1:02:27 P. M. Log info
INFO: H0575 está en la zona común.
may 02, 2025 1:02:27 P. M. Log info
INFO: H0594 está en la zona común.
may 02, 2025 1:02:27 P. M. Log info
INFO: H0130 está en la zona común.
may 02, 2025 1:02:27 P. M. Log info
INFO: H0083 está en la zona común.
may 02, 2025 1:02:27 P. M. Log info
INFO: H0192 está en la zona común.
may 02, 2025 1:02:27 P. M. Log info
INFO: H0658 está en la zona común.
may 02, 2025 1:02:27 P. M. Log info
INFO: H0700 está en la zona común.
may 02, 2025 1:02:27 P. M. Log info
INFO: H0442 está en la zona común.
may 02, 2025 1:02:27 P. M. Log info
INFO: H0149 está en la zona común.
may 02, 2025 1:02:27 P. M. Log info
INFO: H0924 está en la zona común.
may 02, 2025 1:02:27 P. M. Log info
INFO: H0191 está en la zona común.
may 02, 2025 1:02:27 P. M. Log info
INFO: H0809 está en la zona común.
may 02, 2025 1:02:27 P. M. Log info
INFO: H0950 está en la zona común.
may 02, 2025 1:02:27 P. M. Log info
INFO: H0331 está en la zona común.
may 02, 2025 1:02:27 P. M. Log info
INFO: H0205 está en la zona común.
may 02, 2025 1:02:27 P. M. Log info
INFO: H0273 está en la zona común.
may 02, 2025 1:02:27 P. M. Log info
INFO: H0377 está en la zona común.
may 02, 2025 1:02:27 P. M. Log info
INFO: H0554 está en la zona común.
may 02, 2025 1:02:27 P. M. Log info
INFO: H0019 está en la zona común.
may 02, 2025 1:02:27 P. M. Log info
INFO: H0648 está en la zona común.
may 02, 2025 1:02:27 P. M. Log info
INFO: H0836 está en la zona común.
may 02, 2025 1:02:27 P. M. Log info
INFO: H0332 está en la zona común.
may 02, 2025 1:02:27 P. M. Log info
INFO: H0088 está en la zona común.
may 02, 2025 1:02:27 P. M. Log info
INFO: H0995 está en la zona común.
may 02, 2025 1:02:27 P. M. Log info
INFO: H0045 está en la zona común.
may 02, 2025 1:02:27 P. M. Log info
INFO: H0813 está en la zona común.
may 02, 2025 1:02:27 P. M. Log info
INFO: H0890 está en la zona común.
may 02, 2025 1:02:27 P. M. Log info
INFO: H0893 está en la zona común.
may 02, 2025 1:02:27 P. M. Log info
INFO: H0974 está en la zona común.
may 02, 2025 1:02:27 P. M. Log info
INFO: H0608 está en la zona común.
may 02, 2025 1:02:27 P. M. Log info
INFO: H0344 está en la zona común.
may 02, 2025 1:02:27 P. M. Log info
INFO: H0547 está en la zona común.
may 02, 2025 1:02:27 P. M. Log info
INFO: H0869 está esperando para salir en el túnel 2
may 02, 2025 1:02:28 P. M. Log info
INFO: H0000 está esperando para salir en el túnel 0
may 02, 2025 1:06:47 P. M. Log info
INFO: H0000 está en la zona común.
may 02, 2025 1:06:48 P. M. Log info
INFO: H0001 está en la zona común.
may 02, 2025 1:06:49 P. M. Log info
INFO: H0000 está esperando para salir en el túnel 1
may 02, 2025 1:14:20 P. M. Log info
INFO: H0083 está en la zona común.
may 02, 2025 1:14:20 P. M. Log info
INFO: H0182 está en la zona común.
may 02, 2025 1:14:20 P. M. Log info
INFO: H0160 está en la zona común.
may 02, 2025 1:14:20 P. M. Log info
INFO: H0060 está en la zona común.
may 02, 2025 1:14:20 P. M. Log info
INFO: H0054 está en la zona común.
may 02, 2025 1:14:20 P. M. Log info
INFO: H0086 está en la zona común.
may 02, 2025 1:14:20 P. M. Log info
INFO: H0169 está en la zona común.
may 02, 2025 1:14:20 P. M. Log info
INFO: H0260 está en la zona común.
may 02, 2025 1:14:20 P. M. Log info
INFO: H0002 está en la zona común.
may 02, 2025 1:14:20 P. M. Log info
INFO: H0154 está en la zona común.
may 02, 2025 1:14:20 P. M. Log info
INFO: H0087 está en la zona común.
may 02, 2025 1:14:20 P. M. Log info
INFO: H0106 está en la zona común.
may 02, 2025 1:14:20 P. M. Log info
INFO: H0131 está en la zona común.
may 02, 2025 1:14:20 P. M. Log info
INFO: H0000 está en la zona común.
may 02, 2025 1:14:20 P. M. Log info
INFO: H0181 está en la zona común.
may 02, 2025 1:14:20 P. M. Log info
INFO: H0193 está en la zona común.
may 02, 2025 1:14:20 P. M. Log info
INFO: H0008 está en la zona común.
may 02, 2025 1:14:20 P. M. Log info
INFO: H0140 está en la zona común.
may 02, 2025 1:14:20 P. M. Log info
INFO: H0133 está en la zona común.
may 02, 2025 1:14:20 P. M. Log info
INFO: H0278 está en la zona común.
may 02, 2025 1:14:20 P. M. Log info
INFO: H0194 está en la zona común.
may 02, 2025 1:14:20 P. M. Log info
INFO: H0126 está en la zona común.
may 02, 2025 1:14:20 P. M. Log info
INFO: H0319 está en la zona común.
may 02, 2025 1:14:20 P. M. Log info
INFO: H0266 está en la zona común.
may 02, 2025 1:14:20 P. M. Log info
INFO: H0239 está en la zona común.
may 02, 2025 1:14:20 P. M. Log info
INFO: H0047 está en la zona común.
may 02, 2025 1:14:20 P. M. Log info
INFO: H0208 está en la zona común.
may 02, 2025 1:14:20 P. M. Log info
INFO: H0293 está en la zona común.
may 02, 2025 1:14:20 P. M. Log info
INFO: H0190 está en la zona común.
may 02, 2025 1:14:20 P. M. Log info
INFO: H0336 está en la zona común.
may 02, 2025 1:14:20 P. M. Log info
INFO: H0401 está en la zona común.
may 02, 2025 1:14:20 P. M. Log info
INFO: H0407 está en la zona común.
may 02, 2025 1:14:20 P. M. Log info
INFO: H0281 está en la zona común.
may 02, 2025 1:14:20 P. M. Log info
INFO: H0163 está en la zona común.
may 02, 2025 1:14:20 P. M. Log info
INFO: H0318 está en la zona común.
may 02, 2025 1:14:20 P. M. Log info
INFO: H0029 está en la zona común.
may 02, 2025 1:14:20 P. M. Log info
INFO: H0253 está en la zona común.
may 02, 2025 1:14:20 P. M. Log info
INFO: H0053 está en la zona común.
may 02, 2025 1:14:20 P. M. Log info
INFO: H0146 está en la zona común.
may 02, 2025 1:14:20 P. M. Log info
INFO: H0411 está en la zona común.
may 02, 2025 1:14:20 P. M. Log info
INFO: H0290 está en la zona común.
may 02, 2025 1:14:20 P. M. Log info
INFO: H0066 está en la zona común.
may 02, 2025 1:14:20 P. M. Log info
INFO: H0342 está en la zona común.
may 02, 2025 1:14:20 P. M. Log info
INFO: H0023 está en la zona común.
may 02, 2025 1:14:20 P. M. Log info
INFO: H0096 está en la zona común.
may 02, 2025 1:14:20 P. M. Log info
INFO: H0354 está en la zona común.
may 02, 2025 1:14:20 P. M. Log info
INFO: H0142 está en la zona común.
may 02, 2025 1:14:20 P. M. Log info
INFO: H0198 está en la zona común.
may 02, 2025 1:14:20 P. M. Log info
INFO: H0026 está en la zona común.
may 02, 2025 1:14:20 P. M. Log info
INFO: H0321 está en la zona común.
may 02, 2025 1:14:20 P. M. Log info
INFO: H0153 está en la zona común.
may 02, 2025 1:14:20 P. M. Log info
INFO: H0180 está en la zona común.
may 02, 2025 1:14:20 P. M. Log info
INFO: H0540 está en la zona común.
may 02, 2025 1:14:20 P. M. Log info
INFO: H0475 está en la zona común.
may 02, 2025 1:14:20 P. M. Log info
INFO: H0203 está en la zona común.
may 02, 2025 1:14:20 P. M. Log info
INFO: H0403 está en la zona común.
may 02, 2025 1:14:20 P. M. Log info
INFO: H0289 está en la zona común.
may 02, 2025 1:14:20 P. M. Log info
INFO: H0345 está en la zona común.
may 02, 2025 1:14:20 P. M. Log info
INFO: H0561 está en la zona común.
may 02, 2025 1:14:20 P. M. Log info
INFO: H0496 está en la zona común.
may 02, 2025 1:14:20 P. M. Log info
INFO: H0506 está en la zona común.
may 02, 2025 1:14:20 P. M. Log info
INFO: H0250 está en la zona común.
may 02, 2025 1:14:20 P. M. Log info
INFO: H0212 está en la zona común.
may 02, 2025 1:14:20 P. M. Log info
INFO: H0382 está en la zona común.
may 02, 2025 1:14:20 P. M. Log info
INFO: H0264 está en la zona común.
may 02, 2025 1:14:20 P. M. Log info
INFO: H0078 está en la zona común.
may 02, 2025 1:14:20 P. M. Log info
INFO: H0043 está en la zona común.
may 02, 2025 1:14:20 P. M. Log info
INFO: H0413 está en la zona común.
may 02, 2025 1:14:20 P. M. Log info
INFO: H0165 está en la zona común.
may 02, 2025 1:14:20 P. M. Log info
INFO: H0261 está en la zona común.
may 02, 2025 1:14:20 P. M. Log info
INFO: H0088 está en la zona común.
may 02, 2025 1:14:20 P. M. Log info
INFO: H0295 está en la zona común.
may 02, 2025 1:14:20 P. M. Log info
INFO: H0451 está en la zona común.
may 02, 2025 1:14:20 P. M. Log info
INFO: H0363 está en la zona común.
may 02, 2025 1:14:20 P. M. Log info
INFO: H0170 está en la zona común.
may 02, 2025 1:14:20 P. M. Log info
INFO: H0085 está en la zona común.
may 02, 2025 1:14:20 P. M. Log info
INFO: H0110 está en la zona común.
may 02, 2025 1:14:20 P. M. Log info
INFO: H0495 está en la zona común.
may 02, 2025 1:14:20 P. M. Log info
INFO: H0356 está en la zona común.
may 02, 2025 1:14:20 P. M. Log info
INFO: H0097 está en la zona común.
may 02, 2025 1:14:20 P. M. Log info
INFO: H0550 está en la zona común.
may 02, 2025 1:14:20 P. M. Log info
INFO: H0011 está en la zona común.
may 02, 2025 1:14:20 P. M. Log info
INFO: H0510 está en la zona común.
may 02, 2025 1:14:20 P. M. Log info
INFO: H0571 está en la zona común.
may 02, 2025 1:14:20 P. M. Log info
INFO: H0485 está en la zona común.
may 02, 2025 1:14:20 P. M. Log info
INFO: H0712 está en la zona común.
may 02, 2025 1:14:20 P. M. Log info
INFO: H0657 está en la zona común.
may 02, 2025 1:14:20 P. M. Log info
INFO: H0005 está en la zona común.
may 02, 2025 1:14:20 P. M. Log info
INFO: H0686 está en la zona común.
may 02, 2025 1:14:20 P. M. Log info
INFO: H0668 está en la zona común.
may 02, 2025 1:14:20 P. M. Log info
INFO: H0483 está en la zona común.
may 02, 2025 1:14:20 P. M. Log info
INFO: H0519 está en la zona común.
may 02, 2025 1:14:20 P. M. Log info
INFO: H0393 está en la zona común.
may 02, 2025 1:14:20 P. M. Log info
INFO: H0148 está en la zona común.
may 02, 2025 1:14:20 P. M. Log info
INFO: H0071 está en la zona común.
may 02, 2025 1:14:20 P. M. Log info
INFO: H0280 está en la zona común.
may 02, 2025 1:14:20 P. M. Log info
INFO: H0383 está en la zona común.
may 02, 2025 1:14:20 P. M. Log info
INFO: H0769 está en la zona común.
may 02, 2025 1:14:20 P. M. Log info
INFO: H0447 está en la zona común.
may 02, 2025 1:14:20 P. M. Log info
INFO: H0223 está en la zona común.
may 02, 2025 1:14:20 P. M. Log info
INFO: H0327 está en la zona común.
may 02, 2025 1:14:20 P. M. Log info
INFO: H0191 está en la zona común.
may 02, 2025 1:14:20 P. M. Log info
INFO: H0224 está en la zona común.
may 02, 2025 1:14:20 P. M. Log info
INFO: H0585 está en la zona común.
may 02, 2025 1:14:20 P. M. Log info
INFO: H0570 está en la zona común.
may 02, 2025 1:14:20 P. M. Log info
INFO: H0576 está en la zona común.
may 02, 2025 1:14:20 P. M. Log info
INFO: H0347 está en la zona común.
may 02, 2025 1:14:20 P. M. Log info
INFO: H0034 está en la zona común.
may 02, 2025 1:14:20 P. M. Log info
INFO: H0725 está en la zona común.
may 02, 2025 1:14:20 P. M. Log info
INFO: H0164 está en la zona común.
may 02, 2025 1:14:20 P. M. Log info
INFO: H0301 está en la zona común.
may 02, 2025 1:14:20 P. M. Log info
INFO: H0468 está en la zona común.
may 02, 2025 1:14:20 P. M. Log info
INFO: H0667 está en la zona común.
may 02, 2025 1:14:20 P. M. Log info
INFO: H0828 está en la zona común.
may 02, 2025 1:14:20 P. M. Log info
INFO: H0482 está en la zona común.
may 02, 2025 1:14:20 P. M. Log info
INFO: H0286 está en la zona común.
may 02, 2025 1:14:20 P. M. Log info
INFO: H0161 está en la zona común.
may 02, 2025 1:14:20 P. M. Log info
INFO: H0009 está en la zona común.
may 02, 2025 1:14:20 P. M. Log info
INFO: H0553 está en la zona común.
may 02, 2025 1:14:20 P. M. Log info
INFO: H0568 está en la zona común.
may 02, 2025 1:14:20 P. M. Log info
INFO: H0597 está en la zona común.
may 02, 2025 1:14:20 P. M. Log info
INFO: H0136 está en la zona común.
may 02, 2025 1:14:20 P. M. Log info
INFO: H0355 está en la zona común.
may 02, 2025 1:14:20 P. M. Log info
INFO: H0429 está en la zona común.
may 02, 2025 1:14:20 P. M. Log info
INFO: H0364 está en la zona común.
may 02, 2025 1:14:20 P. M. Log info
INFO: H0653 está en la zona común.
may 02, 2025 1:14:20 P. M. Log info
INFO: H0236 está en la zona común.
may 02, 2025 1:14:20 P. M. Log info
INFO: H0178 está en la zona común.
may 02, 2025 1:14:20 P. M. Log info
INFO: H0557 está en la zona común.
may 02, 2025 1:14:20 P. M. Log info
INFO: H0532 está en la zona común.
may 02, 2025 1:14:20 P. M. Log info
INFO: H0530 está en la zona común.
may 02, 2025 1:14:20 P. M. Log info
INFO: H0285 está en la zona común.
may 02, 2025 1:14:20 P. M. Log info
INFO: H0856 está en la zona común.
may 02, 2025 1:14:20 P. M. Log info
INFO: H0145 está en la zona común.
may 02, 2025 1:14:20 P. M. Log info
INFO: H0166 está en la zona común.
may 02, 2025 1:14:20 P. M. Log info
INFO: H0439 está en la zona común.
may 02, 2025 1:14:20 P. M. Log info
INFO: H0551 está en la zona común.
may 02, 2025 1:14:20 P. M. Log info
INFO: H0283 está en la zona común.
may 02, 2025 1:14:20 P. M. Log info
INFO: H0386 está en la zona común.
may 02, 2025 1:14:20 P. M. Log info
INFO: H0316 está en la zona común.
may 02, 2025 1:14:20 P. M. Log info
INFO: H0878 está en la zona común.
may 02, 2025 1:14:20 P. M. Log info
INFO: H0370 está en la zona común.
may 02, 2025 1:14:20 P. M. Log info
INFO: H0934 está en la zona común.
may 02, 2025 1:14:20 P. M. Log info
INFO: H0500 está en la zona común.
may 02, 2025 1:14:20 P. M. Log info
INFO: H0001 está en la zona común.
may 02, 2025 1:14:20 P. M. Log info
INFO: H0473 está en la zona común.
may 02, 2025 1:14:20 P. M. Log info
INFO: H0388 está en la zona común.
may 02, 2025 1:14:20 P. M. Log info
INFO: H0300 está en la zona común.
may 02, 2025 1:14:20 P. M. Log info
INFO: H0960 está en la zona común.
may 02, 2025 1:14:20 P. M. Log info
INFO: H0884 está en la zona común.
may 02, 2025 1:14:20 P. M. Log info
INFO: H0491 está en la zona común.
may 02, 2025 1:14:20 P. M. Log info
INFO: H0634 está en la zona común.
may 02, 2025 1:14:20 P. M. Log info
INFO: H0108 está en la zona común.
may 02, 2025 1:14:20 P. M. Log info
INFO: H0614 está en la zona común.
may 02, 2025 1:14:20 P. M. Log info
INFO: H0621 está en la zona común.
may 02, 2025 1:14:20 P. M. Log info
INFO: H0414 está en la zona común.
may 02, 2025 1:14:20 P. M. Log info
INFO: H0508 está en la zona común.
may 02, 2025 1:14:20 P. M. Log info
INFO: H0434 está en la zona común.
may 02, 2025 1:14:20 P. M. Log info
INFO: H0222 está en la zona común.
may 02, 2025 1:14:20 P. M. Log info
INFO: H0371 está en la zona común.
may 02, 2025 1:14:20 P. M. Log info
INFO: H0151 está en la zona común.
may 02, 2025 1:14:20 P. M. Log info
INFO: H0017 está en la zona común.
may 02, 2025 1:14:20 P. M. Log info
INFO: H0051 está en la zona común.
may 02, 2025 1:14:20 P. M. Log info
INFO: H0831 está en la zona común.
may 02, 2025 1:14:20 P. M. Log info
INFO: H0312 está en la zona común.
may 02, 2025 1:14:20 P. M. Log info
INFO: H0569 está en la zona común.
may 02, 2025 1:14:20 P. M. Log info
INFO: H0477 está en la zona común.
may 02, 2025 1:14:20 P. M. Log info
INFO: H0201 está en la zona común.
may 02, 2025 1:14:20 P. M. Log info
INFO: H0665 está en la zona común.
may 02, 2025 1:14:20 P. M. Log info
INFO: H0155 está en la zona común.
may 02, 2025 1:14:20 P. M. Log info
INFO: H0812 está en la zona común.
may 02, 2025 1:14:20 P. M. Log info
INFO: H0701 está en la zona común.
may 02, 2025 1:14:20 P. M. Log info
INFO: H0577 está en la zona común.
may 02, 2025 1:14:20 P. M. Log info
INFO: H0830 está en la zona común.
may 02, 2025 1:14:20 P. M. Log info
INFO: H0138 está en la zona común.
may 02, 2025 1:14:20 P. M. Log info
INFO: H0965 está en la zona común.
may 02, 2025 1:14:20 P. M. Log info
INFO: H0538 está en la zona común.
may 02, 2025 1:14:20 P. M. Log info
INFO: H0596 está en la zona común.
may 02, 2025 1:14:20 P. M. Log info
INFO: H0730 está en la zona común.
may 02, 2025 1:14:20 P. M. Log info
INFO: H0391 está en la zona común.
may 02, 2025 1:14:20 P. M. Log info
INFO: H0715 está en la zona común.
may 02, 2025 1:14:20 P. M. Log info
INFO: H0729 está en la zona común.
may 02, 2025 1:14:20 P. M. Log info
INFO: H0314 está en la zona común.
may 02, 2025 1:14:20 P. M. Log info
INFO: H0947 está en la zona común.
may 02, 2025 1:14:20 P. M. Log info
INFO: H0711 está en la zona común.
may 02, 2025 1:14:20 P. M. Log info
INFO: H0782 está en la zona común.
may 02, 2025 1:14:20 P. M. Log info
INFO: H0433 está en la zona común.
may 02, 2025 1:14:20 P. M. Log info
INFO: H0338 está en la zona común.
may 02, 2025 1:14:20 P. M. Log info
INFO: H0764 está en la zona común.
may 02, 2025 1:14:20 P. M. Log info
INFO: H0044 está en la zona común.
may 02, 2025 1:14:20 P. M. Log info
INFO: H0626 está en la zona común.
may 02, 2025 1:14:20 P. M. Log info
INFO: H0563 está en la zona común.
may 02, 2025 1:14:20 P. M. Log info
INFO: H0309 está en la zona común.
may 02, 2025 1:14:20 P. M. Log info
INFO: H0063 está en la zona común.
may 02, 2025 1:14:20 P. M. Log info
INFO: H0454 está en la zona común.
may 02, 2025 1:14:20 P. M. Log info
INFO: H0027 está en la zona común.
may 02, 2025 1:14:20 P. M. Log info
INFO: H0472 está en la zona común.
may 02, 2025 1:14:20 P. M. Log info
INFO: H0544 está en la zona común.
may 02, 2025 1:14:20 P. M. Log info
INFO: H0115 está en la zona común.
may 02, 2025 1:14:20 P. M. Log info
INFO: H0390 está en la zona común.
may 02, 2025 1:14:20 P. M. Log info
INFO: H0851 está en la zona común.
may 02, 2025 1:14:20 P. M. Log info
INFO: H0555 está en la zona común.
may 02, 2025 1:14:20 P. M. Log info
INFO: H0636 está en la zona común.
may 02, 2025 1:14:20 P. M. Log info
INFO: H0897 está en la zona común.
may 02, 2025 1:14:20 P. M. Log info
INFO: H0024 está en la zona común.
may 02, 2025 1:14:20 P. M. Log info
INFO: H0048 está en la zona común.
may 02, 2025 1:14:20 P. M. Log info
INFO: H0840 está en la zona común.
may 02, 2025 1:14:20 P. M. Log info
INFO: H0075 está en la zona común.
may 02, 2025 1:14:20 P. M. Log info
INFO: H0696 está en la zona común.
may 02, 2025 1:14:20 P. M. Log info
INFO: H0107 está en la zona común.
may 02, 2025 1:14:20 P. M. Log info
INFO: H0671 está en la zona común.
may 02, 2025 1:14:20 P. M. Log info
INFO: H0279 está en la zona común.
may 02, 2025 1:14:20 P. M. Log info
INFO: H0777 está en la zona común.
may 02, 2025 1:14:20 P. M. Log info
INFO: H0426 está en la zona común.
may 02, 2025 1:14:20 P. M. Log info
INFO: H0785 está en la zona común.
may 02, 2025 1:14:20 P. M. Log info
INFO: H0410 está en la zona común.
may 02, 2025 1:14:20 P. M. Log info
INFO: H0104 está en la zona común.
may 02, 2025 1:14:20 P. M. Log info
INFO: H0737 está en la zona común.
may 02, 2025 1:14:20 P. M. Log info
INFO: H0004 está en la zona común.
may 02, 2025 1:14:20 P. M. Log info
INFO: H0187 está en la zona común.
may 02, 2025 1:14:20 P. M. Log info
INFO: H0700 está en la zona común.
may 02, 2025 1:14:20 P. M. Log info
INFO: H0910 está en la zona común.
may 02, 2025 1:14:20 P. M. Log info
INFO: H0398 está en la zona común.
may 02, 2025 1:14:20 P. M. Log info
INFO: H0204 está en la zona común.
may 02, 2025 1:14:20 P. M. Log info
INFO: H0242 está en la zona común.
may 02, 2025 1:14:20 P. M. Log info
INFO: H0780 está en la zona común.
may 02, 2025 1:14:20 P. M. Log info
INFO: H0478 está en la zona común.
may 02, 2025 1:14:20 P. M. Log info
INFO: H0130 está en la zona común.
may 02, 2025 1:14:20 P. M. Log info
INFO: H0183 está en la zona común.
may 02, 2025 1:14:20 P. M. Log info
INFO: H0329 está en la zona común.
may 02, 2025 1:14:20 P. M. Log info
INFO: H0911 está en la zona común.
may 02, 2025 1:14:20 P. M. Log info
INFO: H0042 está en la zona común.
may 02, 2025 1:14:20 P. M. Log info
INFO: H0931 está en la zona común.
may 02, 2025 1:14:20 P. M. Log info
INFO: H0826 está en la zona común.
may 02, 2025 1:14:20 P. M. Log info
INFO: H0520 está en la zona común.
may 02, 2025 1:14:20 P. M. Log info
INFO: H0968 está en la zona común.
may 02, 2025 1:14:20 P. M. Log info
INFO: H0895 está en la zona común.
may 02, 2025 1:14:20 P. M. Log info
INFO: H0064 está en la zona común.
may 02, 2025 1:14:20 P. M. Log info
INFO: H0020 está en la zona común.
may 02, 2025 1:14:20 P. M. Log info
INFO: H0951 está en la zona común.
may 02, 2025 1:14:20 P. M. Log info
INFO: H0512 está en la zona común.
may 02, 2025 1:14:20 P. M. Log info
INFO: H0090 está en la zona común.
may 02, 2025 1:14:20 P. M. Log info
INFO: H0855 está en la zona común.
may 02, 2025 1:14:20 P. M. Log info
INFO: H0892 está en la zona común.
may 02, 2025 1:14:20 P. M. Log info
INFO: H0690 está en la zona común.
may 02, 2025 1:14:20 P. M. Log info
INFO: H0669 está en la zona común.
may 02, 2025 1:14:20 P. M. Log info
INFO: H0185 está en la zona común.
may 02, 2025 1:14:20 P. M. Log info
INFO: H0367 está en la zona común.
may 02, 2025 1:14:20 P. M. Log info
INFO: H0742 está en la zona común.
may 02, 2025 1:14:20 P. M. Log info
INFO: H0471 está en la zona común.
may 02, 2025 1:14:20 P. M. Log info
INFO: H0876 está en la zona común.
may 02, 2025 1:14:20 P. M. Log info
INFO: H0656 está en la zona común.
may 02, 2025 1:14:20 P. M. Log info
INFO: H0975 está en la zona común.
may 02, 2025 1:14:20 P. M. Log info
INFO: H0233 está en la zona común.
may 02, 2025 1:14:20 P. M. Log info
INFO: H0296 está en la zona común.
may 02, 2025 1:14:20 P. M. Log info
INFO: H0325 está en la zona común.
may 02, 2025 1:14:20 P. M. Log info
INFO: H0341 está en la zona común.
may 02, 2025 1:14:20 P. M. Log info
INFO: H0214 está en la zona común.
may 02, 2025 1:14:20 P. M. Log info
INFO: H0580 está en la zona común.
may 02, 2025 1:14:20 P. M. Log info
INFO: H0918 está en la zona común.
may 02, 2025 1:14:20 P. M. Log info
INFO: H0298 está en la zona común.
may 02, 2025 1:14:20 P. M. Log info
INFO: H0098 está en la zona común.
may 02, 2025 1:14:20 P. M. Log info
INFO: H0813 está en la zona común.
may 02, 2025 1:14:20 P. M. Log info
INFO: H0423 está en la zona común.
may 02, 2025 1:14:20 P. M. Log info
INFO: H0635 está en la zona común.
may 02, 2025 1:14:20 P. M. Log info
INFO: H0722 está en la zona común.
may 02, 2025 1:14:20 P. M. Log info
INFO: H0092 está en la zona común.
may 02, 2025 1:14:20 P. M. Log info
INFO: H0926 está en la zona común.
may 02, 2025 1:14:20 P. M. Log info
INFO: H0467 está en la zona común.
may 02, 2025 1:14:20 P. M. Log info
INFO: H0418 está en la zona común.
may 02, 2025 1:14:20 P. M. Log info
INFO: H0062 está en la zona común.
may 02, 2025 1:14:20 P. M. Log info
INFO: H0807 está en la zona común.
may 02, 2025 1:14:20 P. M. Log info
INFO: H0641 está en la zona común.
may 02, 2025 1:14:20 P. M. Log info
INFO: H0234 está en la zona común.
may 02, 2025 1:14:20 P. M. Log info
INFO: H0123 está en la zona común.
may 02, 2025 1:14:20 P. M. Log info
INFO: H0778 está en la zona común.
may 02, 2025 1:14:20 P. M. Log info
INFO: H0324 está en la zona común.
may 02, 2025 1:14:20 P. M. Log info
INFO: H0229 está en la zona común.
may 02, 2025 1:14:20 P. M. Log info
INFO: H0377 está en la zona común.
may 02, 2025 1:14:20 P. M. Log info
INFO: H0888 está en la zona común.
may 02, 2025 1:14:20 P. M. Log info
INFO: H0689 está en la zona común.
may 02, 2025 1:14:20 P. M. Log info
INFO: H0993 está en la zona común.
may 02, 2025 1:14:20 P. M. Log info
INFO: H0716 está en la zona común.
may 02, 2025 1:14:20 P. M. Log info
INFO: H0872 está en la zona común.
may 02, 2025 1:14:20 P. M. Log info
INFO: H0702 está en la zona común.
may 02, 2025 1:14:20 P. M. Log info
INFO: H0218 está en la zona común.
may 02, 2025 1:14:20 P. M. Log info
INFO: H0679 está en la zona común.
may 02, 2025 1:14:20 P. M. Log info
INFO: H0920 está en la zona común.
may 02, 2025 1:14:20 P. M. Log info
INFO: H0502 está en la zona común.
may 02, 2025 1:14:20 P. M. Log info
INFO: H0974 está en la zona común.
may 02, 2025 1:14:20 P. M. Log info
INFO: H0243 está en la zona común.
may 02, 2025 1:14:20 P. M. Log info
INFO: H0977 está en la zona común.
may 02, 2025 1:14:20 P. M. Log info
INFO: H0868 está en la zona común.
may 02, 2025 1:14:20 P. M. Log info
INFO: H0101 está en la zona común.
may 02, 2025 1:14:20 P. M. Log info
INFO: H0706 está en la zona común.
may 02, 2025 1:14:20 P. M. Log info
INFO: H0917 está en la zona común.
may 02, 2025 1:14:20 P. M. Log info
INFO: H0932 está en la zona común.
may 02, 2025 1:14:20 P. M. Log info
INFO: H0225 está en la zona común.
may 02, 2025 1:14:20 P. M. Log info
INFO: H0891 está en la zona común.
may 02, 2025 1:14:20 P. M. Log info
INFO: H0303 está en la zona común.
may 02, 2025 1:14:20 P. M. Log info
INFO: H0819 está en la zona común.
may 02, 2025 1:14:20 P. M. Log info
INFO: H0640 está en la zona común.
may 02, 2025 1:14:20 P. M. Log info
INFO: H0030 está en la zona común.
may 02, 2025 1:14:20 P. M. Log info
INFO: H0758 está en la zona común.
may 02, 2025 1:14:20 P. M. Log info
INFO: H0158 está en la zona común.
may 02, 2025 1:14:20 P. M. Log info
INFO: H0173 está en la zona común.
may 02, 2025 1:14:20 P. M. Log info
INFO: H0633 está en la zona común.
may 02, 2025 1:14:20 P. M. Log info
INFO: H0095 está en la zona común.
may 02, 2025 1:14:20 P. M. Log info
INFO: H0925 está en la zona común.
may 02, 2025 1:14:20 P. M. Log info
INFO: H0572 está en la zona común.
may 02, 2025 1:14:20 P. M. Log info
INFO: H0549 está en la zona común.
may 02, 2025 1:14:20 P. M. Log info
INFO: H0333 está en la zona común.
may 02, 2025 1:14:20 P. M. Log info
INFO: H0733 está en la zona común.
may 02, 2025 1:14:20 P. M. Log info
INFO: H0886 está en la zona común.
may 02, 2025 1:14:20 P. M. Log info
INFO: H0582 está en la zona común.
may 02, 2025 1:14:20 P. M. Log info
INFO: H0103 está en la zona común.
may 02, 2025 1:14:20 P. M. Log info
INFO: H0038 está en la zona común.
may 02, 2025 1:14:20 P. M. Log info
INFO: H0006 está en la zona común.
may 02, 2025 1:14:20 P. M. Log info
INFO: H0241 está en la zona común.
may 02, 2025 1:14:20 P. M. Log info
INFO: H0481 está en la zona común.
may 02, 2025 1:14:20 P. M. Log info
INFO: H0216 está en la zona común.
may 02, 2025 1:14:20 P. M. Log info
INFO: H0444 está en la zona común.
may 02, 2025 1:14:20 P. M. Log info
INFO: H0842 está en la zona común.
may 02, 2025 1:14:20 P. M. Log info
INFO: H0980 está en la zona común.
may 02, 2025 1:14:20 P. M. Log info
INFO: H0707 está en la zona común.
may 02, 2025 1:14:20 P. M. Log info
INFO: H0688 está en la zona común.
may 02, 2025 1:14:20 P. M. Log info
INFO: H0018 está en la zona común.
may 02, 2025 1:14:20 P. M. Log info
INFO: H0359 está en la zona común.
may 02, 2025 1:14:20 P. M. Log info
INFO: H0978 está en la zona común.
may 02, 2025 1:14:20 P. M. Log info
INFO: H0728 está en la zona común.
may 02, 2025 1:14:20 P. M. Log info
INFO: H0718 está en la zona común.
may 02, 2025 1:14:20 P. M. Log info
INFO: H0548 está en la zona común.
may 02, 2025 1:14:20 P. M. Log info
INFO: H0618 está en la zona común.
may 02, 2025 1:14:20 P. M. Log info
INFO: H0654 está en la zona común.
may 02, 2025 1:14:20 P. M. Log info
INFO: H0016 está en la zona común.
may 02, 2025 1:14:20 P. M. Log info
INFO: H0332 está en la zona común.
may 02, 2025 1:14:20 P. M. Log info
INFO: H0189 está en la zona común.
may 02, 2025 1:14:20 P. M. Log info
INFO: H0822 está en la zona común.
may 02, 2025 1:14:20 P. M. Log info
INFO: H0284 está en la zona común.
may 02, 2025 1:14:20 P. M. Log info
INFO: H0112 está en la zona común.
may 02, 2025 1:14:20 P. M. Log info
INFO: H0565 está en la zona común.
may 02, 2025 1:14:20 P. M. Log info
INFO: H0186 está en la zona común.
may 02, 2025 1:14:20 P. M. Log info
INFO: H0080 está en la zona común.
may 02, 2025 1:14:20 P. M. Log info
INFO: H0870 está en la zona común.
may 02, 2025 1:14:20 P. M. Log info
INFO: H0637 está en la zona común.
may 02, 2025 1:14:20 P. M. Log info
INFO: H0396 está en la zona común.
may 02, 2025 1:14:20 P. M. Log info
INFO: H0731 está en la zona común.
may 02, 2025 1:14:20 P. M. Log info
INFO: H0399 está en la zona común.
may 02, 2025 1:14:20 P. M. Log info
INFO: H0307 está en la zona común.
may 02, 2025 1:14:20 P. M. Log info
INFO: H0256 está en la zona común.
may 02, 2025 1:14:20 P. M. Log info
INFO: H0339 está en la zona común.
may 02, 2025 1:14:20 P. M. Log info
INFO: H0946 está en la zona común.
may 02, 2025 1:14:20 P. M. Log info
INFO: H0415 está en la zona común.
may 02, 2025 1:14:20 P. M. Log info
INFO: H0192 está en la zona común.
may 02, 2025 1:14:20 P. M. Log info
INFO: H0277 está en la zona común.
may 02, 2025 1:14:20 P. M. Log info
INFO: H0263 está en la zona común.
may 02, 2025 1:14:20 P. M. Log info
INFO: H0944 está en la zona común.
may 02, 2025 1:14:20 P. M. Log info
INFO: H0147 está en la zona común.
may 02, 2025 1:14:20 P. M. Log info
INFO: H0804 está en la zona común.
may 02, 2025 1:14:20 P. M. Log info
INFO: H0202 está en la zona común.
may 02, 2025 1:14:21 P. M. Log info
INFO: H0297 está en la zona común.
may 02, 2025 1:14:21 P. M. Log info
INFO: H0766 está en la zona común.
may 02, 2025 1:14:21 P. M. Log info
INFO: H0014 está en la zona común.
may 02, 2025 1:14:21 P. M. Log info
INFO: H0211 está en la zona común.
may 02, 2025 1:14:21 P. M. Log info
INFO: H0796 está en la zona común.
may 02, 2025 1:14:21 P. M. Log info
INFO: H0838 está en la zona común.
may 02, 2025 1:14:21 P. M. Log info
INFO: H0196 está en la zona común.
may 02, 2025 1:14:21 P. M. Log info
INFO: H0776 está en la zona común.
may 02, 2025 1:14:21 P. M. Log info
INFO: H0622 está en la zona común.
may 02, 2025 1:14:21 P. M. Log info
INFO: H0412 está en la zona común.
may 02, 2025 1:14:21 P. M. Log info
INFO: H0854 está en la zona común.
may 02, 2025 1:14:21 P. M. Log info
INFO: H0443 está en la zona común.
may 02, 2025 1:14:21 P. M. Log info
INFO: H0061 está en la zona común.
may 02, 2025 1:14:21 P. M. Log info
INFO: H0933 está en la zona común.
may 02, 2025 1:14:21 P. M. Log info
INFO: H0564 está en la zona común.
may 02, 2025 1:14:21 P. M. Log info
INFO: H0010 está en la zona común.
may 02, 2025 1:14:21 P. M. Log info
INFO: H0055 está en la zona común.
may 02, 2025 1:14:21 P. M. Log info
INFO: H0456 está en la zona común.
may 02, 2025 1:14:21 P. M. Log info
INFO: H0594 está en la zona común.
may 02, 2025 1:14:21 P. M. Log info
INFO: H0834 está en la zona común.
may 02, 2025 1:14:21 P. M. Log info
INFO: H0795 está en la zona común.
may 02, 2025 1:14:21 P. M. Log info
INFO: H0593 está en la zona común.
may 02, 2025 1:14:21 P. M. Log info
INFO: H0205 está en la zona común.
may 02, 2025 1:14:21 P. M. Log info
INFO: H0791 está en la zona común.
may 02, 2025 1:14:21 P. M. Log info
INFO: H0045 está en la zona común.
may 02, 2025 1:14:21 P. M. Log info
INFO: H0392 está en la zona común.
may 02, 2025 1:14:21 P. M. Log info
INFO: H0670 está en la zona común.
may 02, 2025 1:14:21 P. M. Log info
INFO: H0255 está en la zona común.
may 02, 2025 1:14:21 P. M. Log info
INFO: H0466 está en la zona común.
may 02, 2025 1:14:21 P. M. Log info
INFO: H0805 está en la zona común.
may 02, 2025 1:14:21 P. M. Log info
INFO: H0522 está en la zona común.
may 02, 2025 1:14:21 P. M. Log info
INFO: H0322 está en la zona común.
may 02, 2025 1:14:21 P. M. Log info
INFO: H0328 está en la zona común.
may 02, 2025 1:14:21 P. M. Log info
INFO: H0972 está en la zona común.
may 02, 2025 1:14:21 P. M. Log info
INFO: H0559 está en la zona común.
may 02, 2025 1:14:21 P. M. Log info
INFO: H0535 está en la zona común.
may 02, 2025 1:14:21 P. M. Log info
INFO: H0428 está en la zona común.
may 02, 2025 1:14:21 P. M. Log info
INFO: H0973 está en la zona común.
may 02, 2025 1:14:21 P. M. Log info
INFO: H0966 está en la zona común.
may 02, 2025 1:14:21 P. M. Log info
INFO: H0843 está en la zona común.
may 02, 2025 1:14:21 P. M. Log info
INFO: H0124 está en la zona común.
may 02, 2025 1:14:21 P. M. Log info
INFO: H0499 está en la zona común.
may 02, 2025 1:14:21 P. M. Log info
INFO: H0839 está en la zona común.
may 02, 2025 1:14:21 P. M. Log info
INFO: H0470 está en la zona común.
may 02, 2025 1:14:21 P. M. Log info
INFO: H0119 está en la zona común.
may 02, 2025 1:14:21 P. M. Log info
INFO: H0121 está en la zona común.
may 02, 2025 1:14:21 P. M. Log info
INFO: H0258 está en la zona común.
may 02, 2025 1:14:21 P. M. Log info
INFO: H0343 está en la zona común.
may 02, 2025 1:14:21 P. M. Log info
INFO: H0692 está en la zona común.
may 02, 2025 1:14:21 P. M. Log info
INFO: H0379 está en la zona común.
may 02, 2025 1:14:21 P. M. Log info
INFO: H0852 está en la zona común.
may 02, 2025 1:14:21 P. M. Log info
INFO: H0400 está en la zona común.
may 02, 2025 1:14:21 P. M. Log info
INFO: H0592 está en la zona común.
may 02, 2025 1:14:21 P. M. Log info
INFO: H0953 está en la zona común.
may 02, 2025 1:14:21 P. M. Log info
INFO: H0896 está en la zona común.
may 02, 2025 1:14:21 P. M. Log info
INFO: H0129 está en la zona común.
may 02, 2025 1:14:21 P. M. Log info
INFO: H0801 está en la zona común.
may 02, 2025 1:14:21 P. M. Log info
INFO: H0091 está en la zona común.
may 02, 2025 1:14:21 P. M. Log info
INFO: H0586 está en la zona común.
may 02, 2025 1:14:21 P. M. Log info
INFO: H0894 está en la zona común.
may 02, 2025 1:14:21 P. M. Log info
INFO: H0643 está en la zona común.
may 02, 2025 1:14:21 P. M. Log info
INFO: H0672 está en la zona común.
may 02, 2025 1:14:21 P. M. Log info
INFO: H0970 está en la zona común.
may 02, 2025 1:14:21 P. M. Log info
INFO: H0402 está en la zona común.
may 02, 2025 1:14:21 P. M. Log info
INFO: H0756 está en la zona común.
may 02, 2025 1:14:21 P. M. Log info
INFO: H0394 está en la zona común.
may 02, 2025 1:14:21 P. M. Log info
INFO: H0276 está en la zona común.
may 02, 2025 1:14:21 P. M. Log info
INFO: H0859 está en la zona común.
may 02, 2025 1:14:21 P. M. Log info
INFO: H0207 está en la zona común.
may 02, 2025 1:14:21 P. M. Log info
INFO: H0714 está en la zona común.
may 02, 2025 1:14:21 P. M. Log info
INFO: H0915 está en la zona común.
may 02, 2025 1:14:21 P. M. Log info
INFO: H0539 está en la zona común.
may 02, 2025 1:14:21 P. M. Log info
INFO: H0687 está en la zona común.
may 02, 2025 1:14:21 P. M. Log info
INFO: H0425 está en la zona común.
may 02, 2025 1:14:21 P. M. Log info
INFO: H0698 está en la zona común.
may 02, 2025 1:14:21 P. M. Log info
INFO: H0351 está en la zona común.
may 02, 2025 1:14:21 P. M. Log info
INFO: H0928 está en la zona común.
may 02, 2025 1:14:21 P. M. Log info
INFO: H0334 está en la zona común.
may 02, 2025 1:14:21 P. M. Log info
INFO: H0310 está en la zona común.
may 02, 2025 1:14:21 P. M. Log info
INFO: H0981 está en la zona común.
may 02, 2025 1:14:21 P. M. Log info
INFO: H0802 está en la zona común.
may 02, 2025 1:14:21 P. M. Log info
INFO: H0094 está en la zona común.
may 02, 2025 1:14:21 P. M. Log info
INFO: H0035 está en la zona común.
may 02, 2025 1:14:21 P. M. Log info
INFO: H0685 está en la zona común.
may 02, 2025 1:14:21 P. M. Log info
INFO: H0417 está en la zona común.
may 02, 2025 1:14:21 P. M. Log info
INFO: H0724 está en la zona común.
may 02, 2025 1:14:21 P. M. Log info
INFO: H0486 está en la zona común.
may 02, 2025 1:14:21 P. M. Log info
INFO: H0200 está en la zona común.
may 02, 2025 1:14:21 P. M. Log info
INFO: H0578 está en la zona común.
may 02, 2025 1:14:21 P. M. Log info
INFO: H0448 está en la zona común.
may 02, 2025 1:14:21 P. M. Log info
INFO: H0269 está en la zona común.
may 02, 2025 1:14:21 P. M. Log info
INFO: H0031 está en la zona común.
may 02, 2025 1:14:21 P. M. Log info
INFO: H0787 está en la zona común.
may 02, 2025 1:14:21 P. M. Log info
INFO: H0141 está en la zona común.
may 02, 2025 1:14:21 P. M. Log info
INFO: H0983 está en la zona común.
may 02, 2025 1:14:21 P. M. Log info
INFO: H0049 está en la zona común.
may 02, 2025 1:14:21 P. M. Log info
INFO: H0431 está en la zona común.
may 02, 2025 1:14:21 P. M. Log info
INFO: H0860 está en la zona común.
may 02, 2025 1:14:21 P. M. Log info
INFO: H0809 está en la zona común.
may 02, 2025 1:14:21 P. M. Log info
INFO: H0317 está en la zona común.
may 02, 2025 1:14:21 P. M. Log info
INFO: H0464 está en la zona común.
may 02, 2025 1:14:21 P. M. Log info
INFO: H0987 está en la zona común.
may 02, 2025 1:14:21 P. M. Log info
INFO: H0028 está en la zona común.
may 02, 2025 1:14:21 P. M. Log info
INFO: H0609 está en la zona común.
may 02, 2025 1:14:21 P. M. Log info
INFO: H0835 está en la zona común.
may 02, 2025 1:14:21 P. M. Log info
INFO: H0979 está en la zona común.
may 02, 2025 1:14:21 P. M. Log info
INFO: H0389 está en la zona común.
may 02, 2025 1:14:21 P. M. Log info
INFO: H0759 está en la zona común.
may 02, 2025 1:14:21 P. M. Log info
INFO: H0772 está en la zona común.
may 02, 2025 1:14:21 P. M. Log info
INFO: H0397 está en la zona común.
may 02, 2025 1:14:21 P. M. Log info
INFO: H0765 está en la zona común.
may 02, 2025 1:14:21 P. M. Log info
INFO: H0449 está en la zona común.
may 02, 2025 1:14:21 P. M. Log info
INFO: H0515 está en la zona común.
may 02, 2025 1:14:21 P. M. Log info
INFO: H0252 está en la zona común.
may 02, 2025 1:14:21 P. M. Log info
INFO: H0916 está en la zona común.
may 02, 2025 1:14:21 P. M. Log info
INFO: H0007 está en la zona común.
may 02, 2025 1:14:21 P. M. Log info
INFO: H0741 está en la zona común.
may 02, 2025 1:14:21 P. M. Log info
INFO: H0102 está en la zona común.
may 02, 2025 1:14:21 P. M. Log info
INFO: H0893 está en la zona común.
may 02, 2025 1:14:21 P. M. Log info
INFO: H0446 está en la zona común.
may 02, 2025 1:14:21 P. M. Log info
INFO: H0134 está en la zona común.
may 02, 2025 1:14:21 P. M. Log info
INFO: H0305 está en la zona común.
may 02, 2025 1:14:21 P. M. Log info
INFO: H0492 está en la zona común.
may 02, 2025 1:14:21 P. M. Log info
INFO: H0245 está en la zona común.
may 02, 2025 1:14:21 P. M. Log info
INFO: H0680 está en la zona común.
may 02, 2025 1:14:21 P. M. Log info
INFO: H0469 está en la zona común.
may 02, 2025 1:14:21 P. M. Log info
INFO: H0683 está en la zona común.
may 02, 2025 1:14:21 P. M. Log info
INFO: H0677 está en la zona común.
may 02, 2025 1:14:21 P. M. Log info
INFO: H0684 está en la zona común.
may 02, 2025 1:14:21 P. M. Log info
INFO: H0693 está en la zona común.
may 02, 2025 1:14:21 P. M. Log info
INFO: H0600 está en la zona común.
may 02, 2025 1:14:21 P. M. Log info
INFO: H0908 está en la zona común.
may 02, 2025 1:14:21 P. M. Log info
INFO: H0175 está en la zona común.
may 02, 2025 1:14:21 P. M. Log info
INFO: H0583 está en la zona común.
may 02, 2025 1:14:21 P. M. Log info
INFO: H0554 está en la zona común.
may 02, 2025 1:14:21 P. M. Log info
INFO: H0493 está en la zona común.
may 02, 2025 1:14:21 P. M. Log info
INFO: H0959 está en la zona común.
may 02, 2025 1:14:21 P. M. Log info
INFO: H0998 está en la zona común.
may 02, 2025 1:14:21 P. M. Log info
INFO: H0833 está en la zona común.
may 02, 2025 1:14:21 P. M. Log info
INFO: H0375 está en la zona común.
may 02, 2025 1:14:21 P. M. Log info
INFO: H0599 está en la zona común.
may 02, 2025 1:14:21 P. M. Log info
INFO: H0488 está en la zona común.
may 02, 2025 1:14:21 P. M. Log info
INFO: H0074 está en la zona común.
may 02, 2025 1:14:21 P. M. Log info
INFO: H0956 está en la zona común.
may 02, 2025 1:14:21 P. M. Log info
INFO: H0650 está en la zona común.
may 02, 2025 1:14:21 P. M. Log info
INFO: H0760 está en la zona común.
may 02, 2025 1:14:21 P. M. Log info
INFO: H0914 está en la zona común.
may 02, 2025 1:14:21 P. M. Log info
INFO: H0904 está en la zona común.
may 02, 2025 1:14:21 P. M. Log info
INFO: H0524 está en la zona común.
may 02, 2025 1:14:21 P. M. Log info
INFO: H0174 está en la zona común.
may 02, 2025 1:14:21 P. M. Log info
INFO: H0533 está en la zona común.
may 02, 2025 1:14:21 P. M. Log info
INFO: H0857 está en la zona común.
may 02, 2025 1:14:21 P. M. Log info
INFO: H0605 está en la zona común.
may 02, 2025 1:14:21 P. M. Log info
INFO: H0313 está en la zona común.
may 02, 2025 1:14:21 P. M. Log info
INFO: H0930 está en la zona común.
may 02, 2025 1:14:21 P. M. Log info
INFO: H0384 está en la zona común.
may 02, 2025 1:14:21 P. M. Log info
INFO: H0768 está en la zona común.
may 02, 2025 1:14:21 P. M. Log info
INFO: H0770 está en la zona común.
may 02, 2025 1:14:21 P. M. Log info
INFO: H0601 está en la zona común.
may 02, 2025 1:14:21 P. M. Log info
INFO: H0612 está en la zona común.
may 02, 2025 1:14:21 P. M. Log info
INFO: H0710 está en la zona común.
may 02, 2025 1:14:21 P. M. Log info
INFO: H0556 está en la zona común.
may 02, 2025 1:14:21 P. M. Log info
INFO: H0767 está en la zona común.
may 02, 2025 1:14:21 P. M. Log info
INFO: H0114 está en la zona común.
may 02, 2025 1:14:21 P. M. Log info
INFO: H0215 está en la zona común.
may 02, 2025 1:14:21 P. M. Log info
INFO: H0046 está en la zona común.
may 02, 2025 1:14:21 P. M. Log info
INFO: H0992 está en la zona común.
may 02, 2025 1:14:21 P. M. Log info
INFO: H0099 está en la zona común.
may 02, 2025 1:14:21 P. M. Log info
INFO: H0874 está en la zona común.
may 02, 2025 1:14:21 P. M. Log info
INFO: H0287 está en la zona común.
may 02, 2025 1:14:21 P. M. Log info
INFO: H0803 está en la zona común.
may 02, 2025 1:14:21 P. M. Log info
INFO: H0964 está en la zona común.
may 02, 2025 1:14:21 P. M. Log info
INFO: H0149 está en la zona común.
may 02, 2025 1:14:21 P. M. Log info
INFO: H0900 está en la zona común.
may 02, 2025 1:14:21 P. M. Log info
INFO: H0306 está en la zona común.
may 02, 2025 1:14:21 P. M. Log info
INFO: H0941 está en la zona común.
may 02, 2025 1:14:21 P. M. Log info
INFO: H0127 está en la zona común.
may 02, 2025 1:14:21 P. M. Log info
INFO: H0871 está en la zona común.
may 02, 2025 1:14:21 P. M. Log info
INFO: H0408 está en la zona común.
may 02, 2025 1:14:21 P. M. Log info
INFO: H0372 está en la zona común.
may 02, 2025 1:14:21 P. M. Log info
INFO: H0152 está en la zona común.
may 02, 2025 1:14:21 P. M. Log info
INFO: H0720 está en la zona común.
may 02, 2025 1:14:21 P. M. Log info
INFO: H0125 está en la zona común.
may 02, 2025 1:14:21 P. M. Log info
INFO: H0697 está en la zona común.
may 02, 2025 1:14:21 P. M. Log info
INFO: H0385 está en la zona común.
may 02, 2025 1:14:21 P. M. Log info
INFO: H0922 está en la zona común.
may 02, 2025 1:14:21 P. M. Log info
INFO: H0172 está en la zona común.
may 02, 2025 1:14:21 P. M. Log info
INFO: H0302 está en la zona común.
may 02, 2025 1:14:21 P. M. Log info
INFO: H0455 está en la zona común.
may 02, 2025 1:14:21 P. M. Log info
INFO: H0450 está en la zona común.
may 02, 2025 1:14:21 P. M. Log info
INFO: H0171 está en la zona común.
may 02, 2025 1:14:21 P. M. Log info
INFO: H0673 está en la zona común.
may 02, 2025 1:14:21 P. M. Log info
INFO: H0209 está en la zona común.
may 02, 2025 1:14:21 P. M. Log info
INFO: H0235 está en la zona común.
may 02, 2025 1:14:21 P. M. Log info
INFO: H0823 está en la zona común.
may 02, 2025 1:14:21 P. M. Log info
INFO: H0754 está en la zona común.
may 02, 2025 1:14:21 P. M. Log info
INFO: H0365 está en la zona común.
may 02, 2025 1:14:21 P. M. Log info
INFO: H0249 está en la zona común.
may 02, 2025 1:14:21 P. M. Log info
INFO: H0143 está en la zona común.
may 02, 2025 1:14:21 P. M. Log info
INFO: H0162 está en la zona común.
may 02, 2025 1:14:21 P. M. Log info
INFO: H0378 está en la zona común.
may 02, 2025 1:14:21 P. M. Log info
INFO: H0903 está en la zona común.
may 02, 2025 1:14:21 P. M. Log info
INFO: H0912 está en la zona común.
may 02, 2025 1:14:21 P. M. Log info
INFO: H0358 está en la zona común.
may 02, 2025 1:14:21 P. M. Log info
INFO: H0015 está en la zona común.
may 02, 2025 1:14:21 P. M. Log info
INFO: H0076 está en la zona común.
may 02, 2025 1:14:21 P. M. Log info
INFO: H0628 está en la zona común.
may 02, 2025 1:14:21 P. M. Log info
INFO: H0111 está en la zona común.
may 02, 2025 1:14:21 P. M. Log info
INFO: H0662 está en la zona común.
may 02, 2025 1:14:21 P. M. Log info
INFO: H0128 está en la zona común.
may 02, 2025 1:14:21 P. M. Log info
INFO: H0476 está en la zona común.
may 02, 2025 1:14:21 P. M. Log info
INFO: H0025 está en la zona común.
may 02, 2025 1:14:21 P. M. Log info
INFO: H0210 está en la zona común.
may 02, 2025 1:14:21 P. M. Log info
INFO: H0432 está en la zona común.
may 02, 2025 1:14:21 P. M. Log info
INFO: H0607 está en la zona común.
may 02, 2025 1:14:21 P. M. Log info
INFO: H0952 está en la zona común.
may 02, 2025 1:14:21 P. M. Log info
INFO: H0109 está en la zona común.
may 02, 2025 1:14:21 P. M. Log info
INFO: H0562 está en la zona común.
may 02, 2025 1:14:21 P. M. Log info
INFO: H0267 está en la zona común.
may 02, 2025 1:14:21 P. M. Log info
INFO: H0089 está en la zona común.
may 02, 2025 1:14:21 P. M. Log info
INFO: H0079 está en la zona común.
may 02, 2025 1:14:21 P. M. Log info
INFO: H0054 está esperando para salir en el túnel 1
may 02, 2025 1:14:21 P. M. Log info
INFO: H0001 está en la zona común.
may 02, 2025 1:14:21 P. M. Log info
INFO: H0000 está esperando para salir en el túnel 2
may 02, 2025 1:23:27 P. M. Log info
INFO: H0031 está en la zona común.
may 02, 2025 1:23:27 P. M. Log info
INFO: H0136 está en la zona común.
may 02, 2025 1:23:27 P. M. Log info
INFO: H0032 está en la zona común.
may 02, 2025 1:23:27 P. M. Log info
INFO: H0133 está en la zona común.
may 02, 2025 1:23:27 P. M. Log info
INFO: H0268 está en la zona común.
may 02, 2025 1:23:27 P. M. Log info
INFO: H0021 está en la zona común.
may 02, 2025 1:23:27 P. M. Log info
INFO: H0230 está en la zona común.
may 02, 2025 1:23:27 P. M. Log info
INFO: H0219 está en la zona común.
may 02, 2025 1:23:27 P. M. Log info
INFO: H0087 está en la zona común.
may 02, 2025 1:23:27 P. M. Log info
INFO: H0054 está en la zona común.
may 02, 2025 1:23:27 P. M. Log info
INFO: H0041 está en la zona común.
may 02, 2025 1:23:27 P. M. Log info
INFO: H0141 está en la zona común.
may 02, 2025 1:23:27 P. M. Log info
INFO: H0063 está en la zona común.
may 02, 2025 1:23:27 P. M. Log info
INFO: H0058 está en la zona común.
may 02, 2025 1:23:27 P. M. Log info
INFO: H0248 está en la zona común.
may 02, 2025 1:23:27 P. M. Log info
INFO: H0157 está en la zona común.
may 02, 2025 1:23:27 P. M. Log info
INFO: H0430 está en la zona común.
may 02, 2025 1:23:27 P. M. Log info
INFO: H0356 está en la zona común.
may 02, 2025 1:23:27 P. M. Log info
INFO: H0204 está en la zona común.
may 02, 2025 1:23:27 P. M. Log info
INFO: H0282 está en la zona común.
may 02, 2025 1:23:27 P. M. Log info
INFO: H0150 está en la zona común.
may 02, 2025 1:23:27 P. M. Log info
INFO: H0288 está en la zona común.
may 02, 2025 1:23:27 P. M. Log info
INFO: H0691 está en la zona común.
may 02, 2025 1:23:27 P. M. Log info
INFO: H0554 está en la zona común.
may 02, 2025 1:23:27 P. M. Log info
INFO: H0152 está en la zona común.
may 02, 2025 1:23:27 P. M. Log info
INFO: H0197 está en la zona común.
may 02, 2025 1:23:27 P. M. Log info
INFO: H0479 está en la zona común.
may 02, 2025 1:23:27 P. M. Log info
INFO: H0300 está en la zona común.
may 02, 2025 1:23:27 P. M. Log info
INFO: H0108 está en la zona común.
may 02, 2025 1:23:27 P. M. Log info
INFO: H0666 está en la zona común.
may 02, 2025 1:23:27 P. M. Log info
INFO: H0312 está en la zona común.
may 02, 2025 1:23:27 P. M. Log info
INFO: H0005 está en la zona común.
may 02, 2025 1:23:27 P. M. Log info
INFO: H0606 está en la zona común.
may 02, 2025 1:23:27 P. M. Log info
INFO: H0354 está en la zona común.
may 02, 2025 1:23:27 P. M. Log info
INFO: H0648 está en la zona común.
may 02, 2025 1:23:27 P. M. Log info
INFO: H0071 está en la zona común.
may 02, 2025 1:23:27 P. M. Log info
INFO: H0413 está en la zona común.
may 02, 2025 1:23:27 P. M. Log info
INFO: H0064 está en la zona común.
may 02, 2025 1:23:27 P. M. Log info
INFO: H0457 está en la zona común.
may 02, 2025 1:23:27 P. M. Log info
INFO: H0241 está en la zona común.
may 02, 2025 1:23:27 P. M. Log info
INFO: H0608 está en la zona común.
may 02, 2025 1:23:27 P. M. Log info
INFO: H0326 está en la zona común.
may 02, 2025 1:23:27 P. M. Log info
INFO: H0093 está en la zona común.
may 02, 2025 1:23:27 P. M. Log info
INFO: H0088 está en la zona común.
may 02, 2025 1:23:27 P. M. Log info
INFO: H0426 está en la zona común.
may 02, 2025 1:23:27 P. M. Log info
INFO: H0226 está en la zona común.
may 02, 2025 1:23:27 P. M. Log info
INFO: H0343 está en la zona común.
may 02, 2025 1:23:27 P. M. Log info
INFO: H0188 está en la zona común.
may 02, 2025 1:23:27 P. M. Log info
INFO: H0271 está en la zona común.
may 02, 2025 1:23:27 P. M. Log info
INFO: H0616 está en la zona común.
may 02, 2025 1:23:27 P. M. Log info
INFO: H0259 está en la zona común.
may 02, 2025 1:23:27 P. M. Log info
INFO: H0548 está en la zona común.
may 02, 2025 1:23:27 P. M. Log info
INFO: H0963 está en la zona común.
may 02, 2025 1:23:27 P. M. Log info
INFO: H0124 está en la zona común.
may 02, 2025 1:23:27 P. M. Log info
INFO: H0119 está en la zona común.
may 02, 2025 1:23:27 P. M. Log info
INFO: H0956 está en la zona común.
may 02, 2025 1:23:27 P. M. Log info
INFO: H0411 está en la zona común.
may 02, 2025 1:23:27 P. M. Log info
INFO: H0046 está en la zona común.
may 02, 2025 1:23:27 P. M. Log info
INFO: H0227 está en la zona común.
may 02, 2025 1:23:27 P. M. Log info
INFO: H0818 está en la zona común.
may 02, 2025 1:23:27 P. M. Log info
INFO: H0246 está en la zona común.
may 02, 2025 1:23:27 P. M. Log info
INFO: H0463 está en la zona común.
may 02, 2025 1:23:27 P. M. Log info
INFO: H0258 está en la zona común.
may 02, 2025 1:23:27 P. M. Log info
INFO: H0777 está en la zona común.
may 02, 2025 1:23:27 P. M. Log info
INFO: H0455 está en la zona común.
may 02, 2025 1:23:27 P. M. Log info
INFO: H0854 está en la zona común.
may 02, 2025 1:23:27 P. M. Log info
INFO: H0953 está en la zona común.
may 02, 2025 1:23:27 P. M. Log info
INFO: H0932 está en la zona común.
may 02, 2025 1:23:27 P. M. Log info
INFO: H0909 está en la zona común.
may 02, 2025 1:23:27 P. M. Log info
INFO: H0421 está en la zona común.
may 02, 2025 1:23:27 P. M. Log info
INFO: H0143 está en la zona común.
may 02, 2025 1:23:27 P. M. Log info
INFO: H0546 está en la zona común.
may 02, 2025 1:23:27 P. M. Log info
INFO: H0127 está en la zona común.
may 02, 2025 1:23:27 P. M. Log info
INFO: H0964 está en la zona común.
may 02, 2025 1:23:27 P. M. Log info
INFO: H0926 está en la zona común.
may 02, 2025 1:23:27 P. M. Log info
INFO: H0484 está en la zona común.
may 02, 2025 1:23:27 P. M. Log info
INFO: H0929 está en la zona común.
may 02, 2025 1:23:27 P. M. Log info
INFO: H0427 está en la zona común.
may 02, 2025 1:23:27 P. M. Log info
INFO: H0200 está en la zona común.
may 02, 2025 1:23:27 P. M. Log info
INFO: H0068 está en la zona común.
may 02, 2025 1:23:27 P. M. Log info
INFO: H0532 está en la zona común.
may 02, 2025 1:23:27 P. M. Log info
INFO: H0624 está en la zona común.
may 02, 2025 1:23:27 P. M. Log info
INFO: H0542 está en la zona común.
may 02, 2025 1:23:27 P. M. Log info
INFO: H0449 está en la zona común.
may 02, 2025 1:23:27 P. M. Log info
INFO: H0010 está en la zona común.
may 02, 2025 1:23:27 P. M. Log info
INFO: H0628 está en la zona común.
may 02, 2025 1:23:27 P. M. Log info
INFO: H0966 está en la zona común.
may 02, 2025 1:23:27 P. M. Log info
INFO: H0382 está en la zona común.
may 02, 2025 1:23:27 P. M. Log info
INFO: H0586 está en la zona común.
may 02, 2025 1:23:27 P. M. Log info
INFO: H0920 está en la zona común.
may 02, 2025 1:23:27 P. M. Log info
INFO: H0805 está en la zona común.
may 02, 2025 1:23:27 P. M. Log info
INFO: H0679 está en la zona común.
may 02, 2025 1:23:27 P. M. Log info
INFO: H0892 está en la zona común.
may 02, 2025 1:23:27 P. M. Log info
INFO: H0782 está en la zona común.
may 02, 2025 1:23:27 P. M. Log info
INFO: H0361 está en la zona común.
may 02, 2025 1:23:27 P. M. Log info
INFO: H0741 está en la zona común.
may 02, 2025 1:23:27 P. M. Log info
INFO: H0637 está en la zona común.
may 02, 2025 1:23:27 P. M. Log info
INFO: H0603 está en la zona común.
may 02, 2025 1:23:27 P. M. Log info
INFO: H0466 está en la zona común.
may 02, 2025 1:23:27 P. M. Log info
INFO: H0077 está en la zona común.
may 02, 2025 1:23:27 P. M. Log info
INFO: H0973 está en la zona común.
may 02, 2025 1:23:27 P. M. Log info
INFO: H0711 está en la zona común.
may 02, 2025 1:23:27 P. M. Log info
INFO: H0646 está en la zona común.
may 02, 2025 1:23:27 P. M. Log info
INFO: H0701 está en la zona común.
may 02, 2025 1:23:27 P. M. Log info
INFO: H0120 está en la zona común.
may 02, 2025 1:23:27 P. M. Log info
INFO: H0907 está en la zona común.
may 02, 2025 1:23:27 P. M. Log info
INFO: H0360 está en la zona común.
may 02, 2025 1:23:27 P. M. Log info
INFO: H0732 está en la zona común.
may 02, 2025 1:23:27 P. M. Log info
INFO: H0156 está en la zona común.
may 02, 2025 1:23:27 P. M. Log info
INFO: H0289 está en la zona común.
may 02, 2025 1:23:27 P. M. Log info
INFO: H0299 está en la zona común.
may 02, 2025 1:23:27 P. M. Log info
INFO: H0495 está en la zona común.
may 02, 2025 1:23:27 P. M. Log info
INFO: H0234 está en la zona común.
may 02, 2025 1:23:27 P. M. Log info
INFO: H0112 está en la zona común.
may 02, 2025 1:23:27 P. M. Log info
INFO: H0076 está en la zona común.
may 02, 2025 1:23:27 P. M. Log info
INFO: H0083 está en la zona común.
may 02, 2025 1:23:27 P. M. Log info
INFO: H0680 está en la zona común.
may 02, 2025 1:23:27 P. M. Log info
INFO: H0480 está en la zona común.
may 02, 2025 1:23:27 P. M. Log info
INFO: H0645 está en la zona común.
may 02, 2025 1:23:27 P. M. Log info
INFO: H0904 está en la zona común.
may 02, 2025 1:23:27 P. M. Log info
INFO: H0845 está en la zona común.
may 02, 2025 1:23:27 P. M. Log info
INFO: H0175 está en la zona común.
may 02, 2025 1:23:27 P. M. Log info
INFO: H0441 está en la zona común.
may 02, 2025 1:23:27 P. M. Log info
INFO: H0335 está en la zona común.
may 02, 2025 1:23:27 P. M. Log info
INFO: H0843 está en la zona común.
may 02, 2025 1:23:27 P. M. Log info
INFO: H0513 está en la zona común.
may 02, 2025 1:23:27 P. M. Log info
INFO: H0298 está en la zona común.
may 02, 2025 1:23:27 P. M. Log info
INFO: H0132 está en la zona común.
may 02, 2025 1:23:27 P. M. Log info
INFO: H0785 está en la zona común.
may 02, 2025 1:23:27 P. M. Log info
INFO: H0273 está en la zona común.
may 02, 2025 1:23:27 P. M. Log info
INFO: H0113 está en la zona común.
may 02, 2025 1:23:27 P. M. Log info
INFO: H0558 está en la zona común.
may 02, 2025 1:23:27 P. M. Log info
INFO: H0344 está en la zona común.
may 02, 2025 1:23:27 P. M. Log info
INFO: H0696 está en la zona común.
may 02, 2025 1:23:27 P. M. Log info
INFO: H0264 está en la zona común.
may 02, 2025 1:23:27 P. M. Log info
INFO: H0439 está en la zona común.
may 02, 2025 1:23:27 P. M. Log info
INFO: H0008 está en la zona común.
may 02, 2025 1:23:27 P. M. Log info
INFO: H0592 está en la zona común.
may 02, 2025 1:23:27 P. M. Log info
INFO: H0099 está en la zona común.
may 02, 2025 1:23:27 P. M. Log info
INFO: H0916 está en la zona común.
may 02, 2025 1:23:27 P. M. Log info
INFO: H0047 está en la zona común.
may 02, 2025 1:23:27 P. M. Log info
INFO: H0999 está en la zona común.
may 02, 2025 1:23:27 P. M. Log info
INFO: H0506 está en la zona común.
may 02, 2025 1:23:27 P. M. Log info
INFO: H0716 está en la zona común.
may 02, 2025 1:23:27 P. M. Log info
INFO: H0440 está en la zona común.
may 02, 2025 1:23:27 P. M. Log info
INFO: H0881 está en la zona común.
may 02, 2025 1:23:27 P. M. Log info
INFO: H0665 está en la zona común.
may 02, 2025 1:23:27 P. M. Log info
INFO: H0686 está en la zona común.
may 02, 2025 1:23:27 P. M. Log info
INFO: H0831 está en la zona común.
may 02, 2025 1:23:27 P. M. Log info
INFO: H0555 está en la zona común.
may 02, 2025 1:23:27 P. M. Log info
INFO: H0952 está en la zona común.
may 02, 2025 1:23:27 P. M. Log info
INFO: H0974 está en la zona común.
may 02, 2025 1:23:27 P. M. Log info
INFO: H0806 está en la zona común.
may 02, 2025 1:23:27 P. M. Log info
INFO: H0722 está en la zona común.
may 02, 2025 1:23:27 P. M. Log info
INFO: H0889 está en la zona común.
may 02, 2025 1:23:27 P. M. Log info
INFO: H0107 está en la zona común.
may 02, 2025 1:23:27 P. M. Log info
INFO: H0212 está en la zona común.
may 02, 2025 1:23:27 P. M. Log info
INFO: H0981 está en la zona común.
may 02, 2025 1:23:27 P. M. Log info
INFO: H0727 está en la zona común.
may 02, 2025 1:23:27 P. M. Log info
INFO: H0522 está en la zona común.
may 02, 2025 1:23:27 P. M. Log info
INFO: H0262 está en la zona común.
may 02, 2025 1:23:27 P. M. Log info
INFO: H0336 está en la zona común.
may 02, 2025 1:23:27 P. M. Log info
INFO: H0783 está en la zona común.
may 02, 2025 1:23:27 P. M. Log info
INFO: H0524 está en la zona común.
may 02, 2025 1:23:27 P. M. Log info
INFO: H0797 está en la zona común.
may 02, 2025 1:23:27 P. M. Log info
INFO: H0539 está en la zona común.
may 02, 2025 1:23:27 P. M. Log info
INFO: H0452 está en la zona común.
may 02, 2025 1:23:27 P. M. Log info
INFO: H0237 está en la zona común.
may 02, 2025 1:23:27 P. M. Log info
INFO: H0632 está en la zona común.
may 02, 2025 1:23:27 P. M. Log info
INFO: H0128 está en la zona común.
may 02, 2025 1:23:27 P. M. Log info
INFO: H0675 está en la zona común.
may 02, 2025 1:23:27 P. M. Log info
INFO: H0333 está en la zona común.
may 02, 2025 1:23:27 P. M. Log info
INFO: H0656 está en la zona común.
may 02, 2025 1:23:27 P. M. Log info
INFO: H0011 está en la zona común.
may 02, 2025 1:23:27 P. M. Log info
INFO: H0123 está en la zona común.
may 02, 2025 1:23:27 P. M. Log info
INFO: H0243 está en la zona común.
may 02, 2025 1:23:27 P. M. Log info
INFO: H0968 está en la zona común.
may 02, 2025 1:23:27 P. M. Log info
INFO: H0768 está en la zona común.
may 02, 2025 1:23:27 P. M. Log info
INFO: H0536 está en la zona común.
may 02, 2025 1:23:27 P. M. Log info
INFO: H0290 está en la zona común.
may 02, 2025 1:23:27 P. M. Log info
INFO: H0501 está en la zona común.
may 02, 2025 1:23:27 P. M. Log info
INFO: H0652 está en la zona común.
may 02, 2025 1:23:27 P. M. Log info
INFO: H0153 está en la zona común.
may 02, 2025 1:23:27 P. M. Log info
INFO: H0211 está en la zona común.
may 02, 2025 1:23:27 P. M. Log info
INFO: H0166 está en la zona común.
may 02, 2025 1:23:27 P. M. Log info
INFO: H0371 está en la zona común.
may 02, 2025 1:23:27 P. M. Log info
INFO: H0779 está en la zona común.
may 02, 2025 1:23:27 P. M. Log info
INFO: H0169 está en la zona común.
may 02, 2025 1:23:27 P. M. Log info
INFO: H0102 está en la zona común.
may 02, 2025 1:23:27 P. M. Log info
INFO: H0116 está en la zona común.
may 02, 2025 1:23:27 P. M. Log info
INFO: H0316 está en la zona común.
may 02, 2025 1:23:27 P. M. Log info
INFO: H0472 está en la zona común.
may 02, 2025 1:23:27 P. M. Log info
INFO: H0186 está en la zona común.
may 02, 2025 1:23:27 P. M. Log info
INFO: H0315 está en la zona común.
may 02, 2025 1:23:27 P. M. Log info
INFO: H0527 está en la zona común.
may 02, 2025 1:23:27 P. M. Log info
INFO: H0412 está en la zona común.
may 02, 2025 1:23:27 P. M. Log info
INFO: H0158 está en la zona común.
may 02, 2025 1:23:27 P. M. Log info
INFO: H0024 está en la zona común.
may 02, 2025 1:23:27 P. M. Log info
INFO: H0781 está en la zona común.
may 02, 2025 1:23:27 P. M. Log info
INFO: H0330 está en la zona común.
may 02, 2025 1:23:27 P. M. Log info
INFO: H0366 está en la zona común.
may 02, 2025 1:23:27 P. M. Log info
INFO: H0563 está en la zona común.
may 02, 2025 1:23:27 P. M. Log info
INFO: H0126 está en la zona común.
may 02, 2025 1:23:27 P. M. Log info
INFO: H0858 está en la zona común.
may 02, 2025 1:23:27 P. M. Log info
INFO: H0225 está en la zona común.
may 02, 2025 1:23:27 P. M. Log info
INFO: H0549 está en la zona común.
may 02, 2025 1:23:27 P. M. Log info
INFO: H0634 está en la zona común.
may 02, 2025 1:23:27 P. M. Log info
INFO: H0286 está en la zona común.
may 02, 2025 1:23:27 P. M. Log info
INFO: H0514 está en la zona común.
may 02, 2025 1:23:27 P. M. Log info
INFO: H0276 está en la zona común.
may 02, 2025 1:23:27 P. M. Log info
INFO: H0118 está en la zona común.
may 02, 2025 1:23:27 P. M. Log info
INFO: H0772 está en la zona común.
may 02, 2025 1:23:27 P. M. Log info
INFO: H0292 está en la zona común.
may 02, 2025 1:23:27 P. M. Log info
INFO: H0078 está en la zona común.
may 02, 2025 1:23:27 P. M. Log info
INFO: H0000 está en la zona común.
may 02, 2025 1:23:27 P. M. Log info
INFO: H0029 está en la zona común.
may 02, 2025 1:23:27 P. M. Log info
INFO: H0329 está en la zona común.
may 02, 2025 1:23:27 P. M. Log info
INFO: H0823 está en la zona común.
may 02, 2025 1:23:27 P. M. Log info
INFO: H0512 está en la zona común.
may 02, 2025 1:23:27 P. M. Log info
INFO: H0630 está en la zona común.
may 02, 2025 1:23:27 P. M. Log info
INFO: H0508 está en la zona común.
may 02, 2025 1:23:27 P. M. Log info
INFO: H0196 está en la zona común.
may 02, 2025 1:23:27 P. M. Log info
INFO: H0284 está en la zona común.
may 02, 2025 1:23:27 P. M. Log info
INFO: H0882 está en la zona común.
may 02, 2025 1:23:27 P. M. Log info
INFO: H0899 está en la zona común.
may 02, 2025 1:23:27 P. M. Log info
INFO: H0519 está en la zona común.
may 02, 2025 1:23:27 P. M. Log info
INFO: H0869 está en la zona común.
may 02, 2025 1:23:27 P. M. Log info
INFO: H0012 está en la zona común.
may 02, 2025 1:23:27 P. M. Log info
INFO: H0661 está en la zona común.
may 02, 2025 1:23:27 P. M. Log info
INFO: H0034 está en la zona común.
may 02, 2025 1:23:27 P. M. Log info
INFO: H0374 está en la zona común.
may 02, 2025 1:23:27 P. M. Log info
INFO: H0036 está en la zona común.
may 02, 2025 1:23:27 P. M. Log info
INFO: H0418 está en la zona común.
may 02, 2025 1:23:27 P. M. Log info
INFO: H0375 está en la zona común.
may 02, 2025 1:23:27 P. M. Log info
INFO: H0534 está en la zona común.
may 02, 2025 1:23:27 P. M. Log info
INFO: H0714 está en la zona común.
may 02, 2025 1:23:27 P. M. Log info
INFO: H0868 está en la zona común.
may 02, 2025 1:23:27 P. M. Log info
INFO: H0220 está en la zona común.
may 02, 2025 1:23:27 P. M. Log info
INFO: H0377 está en la zona común.
may 02, 2025 1:23:27 P. M. Log info
INFO: H0353 está en la zona común.
may 02, 2025 1:23:27 P. M. Log info
INFO: H0023 está en la zona común.
may 02, 2025 1:23:27 P. M. Log info
INFO: H0847 está en la zona común.
may 02, 2025 1:23:27 P. M. Log info
INFO: H0347 está en la zona común.
may 02, 2025 1:23:27 P. M. Log info
INFO: H0962 está en la zona común.
may 02, 2025 1:23:27 P. M. Log info
INFO: H0026 está en la zona común.
may 02, 2025 1:23:27 P. M. Log info
INFO: H0458 está en la zona común.
may 02, 2025 1:23:27 P. M. Log info
INFO: H0394 está en la zona común.
may 02, 2025 1:23:27 P. M. Log info
INFO: H0164 está en la zona común.
may 02, 2025 1:23:27 P. M. Log info
INFO: H0927 está en la zona común.
may 02, 2025 1:23:27 P. M. Log info
INFO: H0822 está en la zona común.
may 02, 2025 1:23:27 P. M. Log info
INFO: H0446 está en la zona común.
may 02, 2025 1:23:27 P. M. Log info
INFO: H0552 está en la zona común.
may 02, 2025 1:23:27 P. M. Log info
INFO: H0251 está en la zona común.
may 02, 2025 1:23:27 P. M. Log info
INFO: H0198 está en la zona común.
may 02, 2025 1:23:27 P. M. Log info
INFO: H0839 está en la zona común.
may 02, 2025 1:23:28 P. M. Log info
INFO: H0901 está en la zona común.
may 02, 2025 1:23:28 P. M. Log info
INFO: H0359 está en la zona común.
may 02, 2025 1:23:28 P. M. Log info
INFO: H0852 está en la zona común.
may 02, 2025 1:23:28 P. M. Log info
INFO: H0331 está en la zona común.
may 02, 2025 1:23:28 P. M. Log info
INFO: H0518 está en la zona común.
may 02, 2025 1:23:28 P. M. Log info
INFO: H0971 está en la zona común.
may 02, 2025 1:23:28 P. M. Log info
INFO: H0195 está en la zona común.
may 02, 2025 1:23:28 P. M. Log info
INFO: H0975 está en la zona común.
may 02, 2025 1:23:28 P. M. Log info
INFO: H0454 está en la zona común.
may 02, 2025 1:23:28 P. M. Log info
INFO: H0804 está en la zona común.
may 02, 2025 1:23:28 P. M. Log info
INFO: H0663 está en la zona común.
may 02, 2025 1:23:28 P. M. Log info
INFO: H0757 está en la zona común.
may 02, 2025 1:23:28 P. M. Log info
INFO: H0275 está en la zona común.
may 02, 2025 1:23:28 P. M. Log info
INFO: H0096 está en la zona común.
may 02, 2025 1:23:28 P. M. Log info
INFO: H0027 está en la zona común.
may 02, 2025 1:23:28 P. M. Log info
INFO: H0459 está en la zona común.
may 02, 2025 1:23:28 P. M. Log info
INFO: H0682 está en la zona común.
may 02, 2025 1:23:28 P. M. Log info
INFO: H0433 está en la zona común.
may 02, 2025 1:23:28 P. M. Log info
INFO: H0201 está en la zona común.
may 02, 2025 1:23:28 P. M. Log info
INFO: H0355 está en la zona común.
may 02, 2025 1:23:28 P. M. Log info
INFO: H0915 está en la zona común.
may 02, 2025 1:23:28 P. M. Log info
INFO: H0171 está en la zona común.
may 02, 2025 1:23:28 P. M. Log info
INFO: H0921 está en la zona común.
may 02, 2025 1:23:28 P. M. Log info
INFO: H0830 está en la zona común.
may 02, 2025 1:23:28 P. M. Log info
INFO: H0207 está en la zona común.
may 02, 2025 1:23:28 P. M. Log info
INFO: H0419 está en la zona común.
may 02, 2025 1:23:28 P. M. Log info
INFO: H0967 está en la zona común.
may 02, 2025 1:23:28 P. M. Log info
INFO: H0735 está en la zona común.
may 02, 2025 1:23:28 P. M. Log info
INFO: H0062 está en la zona común.
may 02, 2025 1:23:28 P. M. Log info
INFO: H0050 está en la zona común.
may 02, 2025 1:23:28 P. M. Log info
INFO: H0587 está en la zona común.
may 02, 2025 1:23:28 P. M. Log info
INFO: H0577 está en la zona común.
may 02, 2025 1:23:28 P. M. Log info
INFO: H0429 está en la zona común.
may 02, 2025 1:23:28 P. M. Log info
INFO: H0877 está en la zona común.
may 02, 2025 1:23:28 P. M. Log info
INFO: H0221 está en la zona común.
may 02, 2025 1:23:28 P. M. Log info
INFO: H0460 está en la zona común.
may 02, 2025 1:23:28 P. M. Log info
INFO: H0228 está en la zona común.
may 02, 2025 1:23:28 P. M. Log info
INFO: H0483 está en la zona común.
may 02, 2025 1:23:28 P. M. Log info
INFO: H0147 está en la zona común.
may 02, 2025 1:23:28 P. M. Log info
INFO: H0979 está en la zona común.
may 02, 2025 1:23:28 P. M. Log info
INFO: H0924 está en la zona común.
may 02, 2025 1:23:28 P. M. Log info
INFO: H0471 está en la zona común.
may 02, 2025 1:23:28 P. M. Log info
INFO: H0122 está en la zona común.
may 02, 2025 1:23:28 P. M. Log info
INFO: H0559 está en la zona común.
may 02, 2025 1:23:28 P. M. Log info
INFO: H0190 está en la zona común.
may 02, 2025 1:23:28 P. M. Log info
INFO: H0676 está en la zona común.
may 02, 2025 1:23:28 P. M. Log info
INFO: H0848 está en la zona común.
may 02, 2025 1:23:28 P. M. Log info
INFO: H0404 está en la zona común.
may 02, 2025 1:23:28 P. M. Log info
INFO: H0080 está en la zona común.
may 02, 2025 1:23:28 P. M. Log info
INFO: H0334 está en la zona común.
may 02, 2025 1:23:28 P. M. Log info
INFO: H0601 está en la zona común.
may 02, 2025 1:23:28 P. M. Log info
INFO: H0919 está en la zona común.
may 02, 2025 1:23:28 P. M. Log info
INFO: H0702 está en la zona común.
may 02, 2025 1:23:28 P. M. Log info
INFO: H0488 está en la zona común.
may 02, 2025 1:23:28 P. M. Log info
INFO: H0486 está en la zona común.
may 02, 2025 1:23:28 P. M. Log info
INFO: H0261 está en la zona común.
may 02, 2025 1:23:28 P. M. Log info
INFO: H0998 está en la zona común.
may 02, 2025 1:23:28 P. M. Log info
INFO: H0977 está en la zona común.
may 02, 2025 1:23:28 P. M. Log info
INFO: H0530 está en la zona común.
may 02, 2025 1:23:28 P. M. Log info
INFO: H0657 está en la zona común.
may 02, 2025 1:23:28 P. M. Log info
INFO: H0432 está en la zona común.
may 02, 2025 1:23:28 P. M. Log info
INFO: H0891 está en la zona común.
may 02, 2025 1:23:28 P. M. Log info
INFO: H0223 está en la zona común.
may 02, 2025 1:23:28 P. M. Log info
INFO: H0202 está en la zona común.
may 02, 2025 1:23:28 P. M. Log info
INFO: H0815 está en la zona común.
may 02, 2025 1:23:28 P. M. Log info
INFO: H0510 está en la zona común.
may 02, 2025 1:23:28 P. M. Log info
INFO: H0638 está en la zona común.
may 02, 2025 1:23:28 P. M. Log info
INFO: H0075 está en la zona común.
may 02, 2025 1:23:28 P. M. Log info
INFO: H0205 está en la zona común.
may 02, 2025 1:23:28 P. M. Log info
INFO: H0667 está en la zona común.
may 02, 2025 1:23:28 P. M. Log info
INFO: H0947 está en la zona común.
may 02, 2025 1:23:28 P. M. Log info
INFO: H0346 está en la zona común.
may 02, 2025 1:23:28 P. M. Log info
INFO: H0053 está en la zona común.
may 02, 2025 1:23:28 P. M. Log info
INFO: H0435 está en la zona común.
may 02, 2025 1:23:28 P. M. Log info
INFO: H0724 está en la zona común.
may 02, 2025 1:23:28 P. M. Log info
INFO: H0621 está en la zona común.
may 02, 2025 1:23:28 P. M. Log info
INFO: H0019 está en la zona común.
may 02, 2025 1:23:28 P. M. Log info
INFO: H0834 está en la zona común.
may 02, 2025 1:23:28 P. M. Log info
INFO: H0365 está en la zona común.
may 02, 2025 1:23:28 P. M. Log info
INFO: H0017 está en la zona común.
may 02, 2025 1:23:28 P. M. Log info
INFO: H0573 está en la zona común.
may 02, 2025 1:23:28 P. M. Log info
INFO: H0337 está en la zona común.
may 02, 2025 1:23:28 P. M. Log info
INFO: H0613 está en la zona común.
may 02, 2025 1:23:28 P. M. Log info
INFO: H0859 está en la zona común.
may 02, 2025 1:23:28 P. M. Log info
INFO: H0990 está en la zona común.
may 02, 2025 1:23:28 P. M. Log info
INFO: H0746 está en la zona común.
may 02, 2025 1:23:28 P. M. Log info
INFO: H0809 está en la zona común.
may 02, 2025 1:23:28 P. M. Log info
INFO: H0543 está en la zona común.
may 02, 2025 1:23:28 P. M. Log info
INFO: H0240 está en la zona común.
may 02, 2025 1:23:28 P. M. Log info
INFO: H0697 está en la zona común.
may 02, 2025 1:23:28 P. M. Log info
INFO: H0477 está en la zona común.
may 02, 2025 1:23:28 P. M. Log info
INFO: H0423 está en la zona común.
may 02, 2025 1:23:28 P. M. Log info
INFO: H0810 está en la zona común.
may 02, 2025 1:23:28 P. M. Log info
INFO: H0803 está en la zona común.
may 02, 2025 1:23:28 P. M. Log info
INFO: H0860 está en la zona común.
may 02, 2025 1:23:28 P. M. Log info
INFO: H0773 está en la zona común.
may 02, 2025 1:23:28 P. M. Log info
INFO: H0028 está en la zona común.
may 02, 2025 1:23:28 P. M. Log info
INFO: H0272 está en la zona común.
may 02, 2025 1:23:28 P. M. Log info
INFO: H0294 está en la zona común.
may 02, 2025 1:23:28 P. M. Log info
INFO: H0551 está en la zona común.
may 02, 2025 1:23:28 P. M. Log info
INFO: H0884 está en la zona común.
may 02, 2025 1:23:28 P. M. Log info
INFO: H0988 está en la zona común.
may 02, 2025 1:23:28 P. M. Log info
INFO: H0748 está en la zona común.
may 02, 2025 1:23:28 P. M. Log info
INFO: H0911 está en la zona común.
may 02, 2025 1:23:28 P. M. Log info
INFO: H0269 está en la zona común.
may 02, 2025 1:23:28 P. M. Log info
INFO: H0923 está en la zona común.
may 02, 2025 1:23:28 P. M. Log info
INFO: H0260 está en la zona común.
may 02, 2025 1:23:28 P. M. Log info
INFO: H0864 está en la zona común.
may 02, 2025 1:23:28 P. M. Log info
INFO: H0403 está en la zona común.
may 02, 2025 1:23:28 P. M. Log info
INFO: H0699 está en la zona común.
may 02, 2025 1:23:28 P. M. Log info
INFO: H0161 está en la zona común.
may 02, 2025 1:23:28 P. M. Log info
INFO: H0037 está en la zona común.
may 02, 2025 1:23:28 P. M. Log info
INFO: H0307 está en la zona común.
may 02, 2025 1:23:28 P. M. Log info
INFO: H0887 está en la zona común.
may 02, 2025 1:23:28 P. M. Log info
INFO: H0464 está en la zona común.
may 02, 2025 1:23:28 P. M. Log info
INFO: H0749 está en la zona común.
may 02, 2025 1:23:28 P. M. Log info
INFO: H0137 está en la zona común.
may 02, 2025 1:23:28 P. M. Log info
INFO: H0609 está en la zona común.
may 02, 2025 1:23:28 P. M. Log info
INFO: H0428 está en la zona común.
may 02, 2025 1:23:28 P. M. Log info
INFO: H0833 está en la zona común.
may 02, 2025 1:23:28 P. M. Log info
INFO: H0341 está en la zona común.
may 02, 2025 1:23:28 P. M. Log info
INFO: H0216 está en la zona común.
may 02, 2025 1:23:28 P. M. Log info
INFO: H0308 está en la zona común.
may 02, 2025 1:23:28 P. M. Log info
INFO: H0874 está en la zona común.
may 02, 2025 1:23:28 P. M. Log info
INFO: H0775 está en la zona común.
may 02, 2025 1:23:28 P. M. Log info
INFO: H0807 está en la zona común.
may 02, 2025 1:23:28 P. M. Log info
INFO: H0725 está en la zona común.
may 02, 2025 1:23:28 P. M. Log info
INFO: H0357 está en la zona común.
may 02, 2025 1:23:28 P. M. Log info
INFO: H0844 está en la zona común.
may 02, 2025 1:23:28 P. M. Log info
INFO: H0035 está en la zona común.
may 02, 2025 1:23:28 P. M. Log info
INFO: H0401 está en la zona común.
may 02, 2025 1:23:28 P. M. Log info
INFO: H0649 está en la zona común.
may 02, 2025 1:23:28 P. M. Log info
INFO: H0185 está en la zona común.
may 02, 2025 1:23:28 P. M. Log info
INFO: H0728 está en la zona común.
may 02, 2025 1:23:28 P. M. Log info
INFO: H0183 está en la zona común.
may 02, 2025 1:23:28 P. M. Log info
INFO: H0388 está en la zona común.
may 02, 2025 1:23:28 P. M. Log info
INFO: H0437 está en la zona común.
may 02, 2025 1:23:28 P. M. Log info
INFO: H0306 está en la zona común.
may 02, 2025 1:23:28 P. M. Log info
INFO: H0303 está en la zona común.
may 02, 2025 1:23:28 P. M. Log info
INFO: H0048 está en la zona común.
may 02, 2025 1:23:28 P. M. Log info
INFO: H0189 está en la zona común.
may 02, 2025 1:23:28 P. M. Log info
INFO: H0528 está en la zona común.
may 02, 2025 1:23:28 P. M. Log info
INFO: H0828 está en la zona común.
may 02, 2025 1:23:28 P. M. Log info
INFO: H0007 está en la zona común.
may 02, 2025 1:23:28 P. M. Log info
INFO: H0612 está en la zona común.
may 02, 2025 1:23:28 P. M. Log info
INFO: H0257 está en la zona común.
may 02, 2025 1:23:28 P. M. Log info
INFO: H0139 está en la zona común.
may 02, 2025 1:23:28 P. M. Log info
INFO: H0106 está en la zona común.
may 02, 2025 1:23:28 P. M. Log info
INFO: H0647 está en la zona común.
may 02, 2025 1:23:28 P. M. Log info
INFO: H0635 está en la zona común.
may 02, 2025 1:23:28 P. M. Log info
INFO: H0149 está en la zona común.
may 02, 2025 1:23:28 P. M. Log info
INFO: H0750 está en la zona común.
may 02, 2025 1:23:28 P. M. Log info
INFO: H0793 está en la zona común.
may 02, 2025 1:23:28 P. M. Log info
INFO: H0095 está en la zona común.
may 02, 2025 1:23:28 P. M. Log info
INFO: H0706 está en la zona común.
may 02, 2025 1:23:28 P. M. Log info
INFO: H0090 está en la zona común.
may 02, 2025 1:23:28 P. M. Log info
INFO: H0790 está en la zona común.
may 02, 2025 1:23:28 P. M. Log info
INFO: H0033 está en la zona común.
may 02, 2025 1:23:28 P. M. Log info
INFO: H0991 está en la zona común.
may 02, 2025 1:23:28 P. M. Log info
INFO: H0776 está en la zona común.
may 02, 2025 1:23:28 P. M. Log info
INFO: H0393 está en la zona común.
may 02, 2025 1:23:28 P. M. Log info
INFO: H0425 está en la zona común.
may 02, 2025 1:23:28 P. M. Log info
INFO: H0368 está en la zona común.
may 02, 2025 1:23:28 P. M. Log info
INFO: H0767 está en la zona común.
may 02, 2025 1:23:28 P. M. Log info
INFO: H0959 está en la zona común.
may 02, 2025 1:23:28 P. M. Log info
INFO: H0309 está en la zona común.
may 02, 2025 1:23:28 P. M. Log info
INFO: H0754 está en la zona común.
may 02, 2025 1:23:28 P. M. Log info
INFO: H0434 está en la zona común.
may 02, 2025 1:23:28 P. M. Log info
INFO: H0131 está en la zona común.
may 02, 2025 1:23:28 P. M. Log info
INFO: H0384 está en la zona común.
may 02, 2025 1:23:28 P. M. Log info
INFO: H0562 está en la zona común.
may 02, 2025 1:23:28 P. M. Log info
INFO: H0070 está en la zona común.
may 02, 2025 1:23:28 P. M. Log info
INFO: H0590 está en la zona común.
may 02, 2025 1:23:28 P. M. Log info
INFO: H0826 está en la zona común.
may 02, 2025 1:23:28 P. M. Log info
INFO: H0266 está en la zona común.
may 02, 2025 1:23:28 P. M. Log info
INFO: H0533 está en la zona común.
may 02, 2025 1:23:28 P. M. Log info
INFO: H0040 está en la zona común.
may 02, 2025 1:23:28 P. M. Log info
INFO: H0896 está en la zona común.
may 02, 2025 1:23:28 P. M. Log info
INFO: H0537 está en la zona común.
may 02, 2025 1:23:28 P. M. Log info
INFO: H0654 está en la zona común.
may 02, 2025 1:23:28 P. M. Log info
INFO: H0576 está en la zona común.
may 02, 2025 1:23:28 P. M. Log info
INFO: H0134 está en la zona común.
may 02, 2025 1:23:28 P. M. Log info
INFO: H0104 está en la zona común.
may 02, 2025 1:23:28 P. M. Log info
INFO: H0500 está en la zona común.
may 02, 2025 1:23:28 P. M. Log info
INFO: H0182 está en la zona común.
may 02, 2025 1:23:28 P. M. Log info
INFO: H0052 está en la zona común.
may 02, 2025 1:23:28 P. M. Log info
INFO: H0402 está en la zona común.
may 02, 2025 1:23:28 P. M. Log info
INFO: H0734 está en la zona común.
may 02, 2025 1:23:28 P. M. Log info
INFO: H0578 está en la zona común.
may 02, 2025 1:23:28 P. M. Log info
INFO: H0764 está en la zona común.
may 02, 2025 1:23:28 P. M. Log info
INFO: H0545 está en la zona común.
may 02, 2025 1:23:28 P. M. Log info
INFO: H0918 está en la zona común.
may 02, 2025 1:23:28 P. M. Log info
INFO: H0476 está en la zona común.
may 02, 2025 1:23:28 P. M. Log info
INFO: H0615 está en la zona común.
may 02, 2025 1:23:28 P. M. Log info
INFO: H0564 está en la zona común.
may 02, 2025 1:23:28 P. M. Log info
INFO: H0993 está en la zona común.
may 02, 2025 1:23:28 P. M. Log info
INFO: H0662 está en la zona común.
may 02, 2025 1:23:28 P. M. Log info
INFO: H0370 está en la zona común.
may 02, 2025 1:23:28 P. M. Log info
INFO: H0420 está en la zona común.
may 02, 2025 1:23:28 P. M. Log info
INFO: H0726 está en la zona común.
may 02, 2025 1:23:28 P. M. Log info
INFO: H0721 está en la zona común.
may 02, 2025 1:23:28 P. M. Log info
INFO: H0073 está en la zona común.
may 02, 2025 1:23:28 P. M. Log info
INFO: H0595 está en la zona común.
may 02, 2025 1:23:28 P. M. Log info
INFO: H0611 está en la zona común.
may 02, 2025 1:23:28 P. M. Log info
INFO: H0109 está en la zona común.
may 02, 2025 1:23:28 P. M. Log info
INFO: H0203 está en la zona común.
may 02, 2025 1:23:28 P. M. Log info
INFO: H0598 está en la zona común.
may 02, 2025 1:23:28 P. M. Log info
INFO: H0698 está en la zona común.
may 02, 2025 1:23:28 P. M. Log info
INFO: H0345 está en la zona común.
may 02, 2025 1:23:28 P. M. Log info
INFO: H0738 está en la zona común.
may 02, 2025 1:23:28 P. M. Log info
INFO: H0170 está en la zona común.
may 02, 2025 1:23:28 P. M. Log info
INFO: H0138 está en la zona común.
may 02, 2025 1:23:28 P. M. Log info
INFO: H0438 está en la zona común.
may 02, 2025 1:23:28 P. M. Log info
INFO: H0305 está en la zona común.
may 02, 2025 1:23:28 P. M. Log info
INFO: H0187 está en la zona común.
may 02, 2025 1:23:28 P. M. Log info
INFO: H0285 está en la zona común.
may 02, 2025 1:23:28 P. M. Log info
INFO: H0761 está en la zona común.
may 02, 2025 1:23:28 P. M. Log info
INFO: H0067 está en la zona común.
may 02, 2025 1:23:28 P. M. Log info
INFO: H0525 está en la zona común.
may 02, 2025 1:23:28 P. M. Log info
INFO: H0743 está en la zona común.
may 02, 2025 1:23:28 P. M. Log info
INFO: H0704 está en la zona común.
may 02, 2025 1:23:28 P. M. Log info
INFO: H0759 está en la zona común.
may 02, 2025 1:23:28 P. M. Log info
INFO: H0151 está en la zona común.
may 02, 2025 1:23:28 P. M. Log info
INFO: H0181 está en la zona común.
may 02, 2025 1:23:28 P. M. Log info
INFO: H0255 está en la zona común.
may 02, 2025 1:23:28 P. M. Log info
INFO: H0100 está en la zona común.
may 02, 2025 1:23:28 P. M. Log info
INFO: H0467 está en la zona común.
may 02, 2025 1:23:28 P. M. Log info
INFO: H0101 está en la zona común.
may 02, 2025 1:23:28 P. M. Log info
INFO: H0094 está en la zona común.
may 02, 2025 1:23:28 P. M. Log info
INFO: H0279 está en la zona común.
may 02, 2025 1:23:28 P. M. Log info
INFO: H0142 está en la zona común.
may 02, 2025 1:23:28 P. M. Log info
INFO: H0935 está en la zona común.
may 02, 2025 1:23:28 P. M. Log info
INFO: H0235 está en la zona común.
may 02, 2025 1:23:28 P. M. Log info
INFO: H0222 está en la zona común.
may 02, 2025 1:23:28 P. M. Log info
INFO: H0829 está en la zona común.
may 02, 2025 1:23:28 P. M. Log info
INFO: H0681 está en la zona común.
may 02, 2025 1:23:28 P. M. Log info
INFO: H0493 está en la zona común.
may 02, 2025 1:23:28 P. M. Log info
INFO: H0633 está en la zona común.
may 02, 2025 1:23:28 P. M. Log info
INFO: H0571 está en la zona común.
may 02, 2025 1:23:28 P. M. Log info
INFO: H0906 está en la zona común.
may 02, 2025 1:23:28 P. M. Log info
INFO: H0597 está en la zona común.
may 02, 2025 1:23:28 P. M. Log info
INFO: H0001 está en la zona común.
may 02, 2025 1:23:28 P. M. Log info
INFO: H0821 está en la zona común.
may 02, 2025 1:23:28 P. M. Log info
INFO: H0996 está en la zona común.
may 02, 2025 1:23:28 P. M. Log info
INFO: H0323 está en la zona común.
may 02, 2025 1:23:28 P. M. Log info
INFO: H0482 está en la zona común.
may 02, 2025 1:23:28 P. M. Log info
INFO: H0950 está en la zona común.
may 02, 2025 1:23:28 P. M. Log info
INFO: H0385 está en la zona común.
may 02, 2025 1:23:28 P. M. Log info
INFO: H0584 está en la zona común.
may 02, 2025 1:23:28 P. M. Log info
INFO: H0372 está en la zona común.
may 02, 2025 1:23:28 P. M. Log info
INFO: H0945 está en la zona común.
may 02, 2025 1:23:28 P. M. Log info
INFO: H0213 está en la zona común.
may 02, 2025 1:23:28 P. M. Log info
INFO: H0084 está en la zona común.
may 02, 2025 1:23:28 P. M. Log info
INFO: H0922 está en la zona común.
may 02, 2025 1:23:28 P. M. Log info
INFO: H0069 está en la zona común.
may 02, 2025 1:23:28 P. M. Log info
INFO: H0194 está en la zona común.
may 02, 2025 1:23:28 P. M. Log info
INFO: H0442 está en la zona común.
may 02, 2025 1:23:28 P. M. Log info
INFO: H0986 está en la zona común.
may 02, 2025 1:23:28 P. M. Log info
INFO: H0644 está en la zona común.
may 02, 2025 1:23:28 P. M. Log info
INFO: H0902 está en la zona común.
may 02, 2025 1:23:28 P. M. Log info
INFO: H0233 está en la zona común.
may 02, 2025 1:23:28 P. M. Log info
INFO: H0030 está en la zona común.
may 02, 2025 1:23:28 P. M. Log info
INFO: H0593 está en la zona común.
may 02, 2025 1:23:28 P. M. Log info
INFO: H0409 está en la zona común.
may 02, 2025 1:23:28 P. M. Log info
INFO: H0487 está en la zona común.
may 02, 2025 1:23:28 P. M. Log info
INFO: H0340 está en la zona común.
may 02, 2025 1:23:28 P. M. Log info
INFO: H0684 está en la zona común.
may 02, 2025 1:23:28 P. M. Log info
INFO: H0145 está en la zona común.
may 02, 2025 1:23:28 P. M. Log info
INFO: H0042 está en la zona común.
may 02, 2025 1:23:28 P. M. Log info
INFO: H0517 está en la zona común.
may 02, 2025 1:23:28 P. M. Log info
INFO: H0509 está en la zona común.
may 02, 2025 1:23:28 P. M. Log info
INFO: H0381 está en la zona común.
may 02, 2025 1:23:28 P. M. Log info
INFO: H0581 está en la zona común.
may 02, 2025 1:23:28 P. M. Log info
INFO: H0599 está en la zona común.
may 02, 2025 1:23:28 P. M. Log info
INFO: H0572 está en la zona común.
may 02, 2025 1:23:28 P. M. Log info
INFO: H0982 está en la zona común.
may 02, 2025 1:23:28 P. M. Log info
INFO: H0004 está en la zona común.
may 02, 2025 1:23:28 P. M. Log info
INFO: H0846 está en la zona común.
may 02, 2025 1:23:28 P. M. Log info
INFO: H0795 está en la zona común.
may 02, 2025 1:23:28 P. M. Log info
INFO: H0580 está en la zona común.
may 02, 2025 1:23:28 P. M. Log info
INFO: H0121 está en la zona común.
may 02, 2025 1:23:28 P. M. Log info
INFO: H0789 está en la zona común.
may 02, 2025 1:23:28 P. M. Log info
INFO: H0538 está en la zona común.
may 02, 2025 1:23:28 P. M. Log info
INFO: H0731 está en la zona común.
may 02, 2025 1:23:28 P. M. Log info
INFO: H0925 está en la zona común.
may 02, 2025 1:23:28 P. M. Log info
INFO: H0535 está en la zona común.
may 02, 2025 1:23:28 P. M. Log info
INFO: H0838 está en la zona común.
may 02, 2025 1:23:28 P. M. Log info
INFO: H0668 está en la zona común.
may 02, 2025 1:23:28 P. M. Log info
INFO: H0511 está en la zona común.
may 02, 2025 1:23:28 P. M. Log info
INFO: H0391 está en la zona común.
may 02, 2025 1:23:28 P. M. Log info
INFO: H0085 está en la zona común.
may 02, 2025 1:23:28 P. M. Log info
INFO: H0407 está en la zona común.
may 02, 2025 1:23:28 P. M. Log info
INFO: H0997 está en la zona común.
may 02, 2025 1:23:28 P. M. Log info
INFO: H0792 está en la zona común.
may 02, 2025 1:23:28 P. M. Log info
INFO: H0462 está en la zona común.
may 02, 2025 1:23:28 P. M. Log info
INFO: H0332 está en la zona común.
may 02, 2025 1:23:28 P. M. Log info
INFO: H0125 está en la zona común.
may 02, 2025 1:23:28 P. M. Log info
INFO: H0398 está en la zona común.
may 02, 2025 1:23:28 P. M. Log info
INFO: H0802 está en la zona común.
may 02, 2025 1:23:28 P. M. Log info
INFO: H0905 está en la zona común.
may 02, 2025 1:23:28 P. M. Log info
INFO: H0730 está en la zona común.
may 02, 2025 1:23:28 P. M. Log info
INFO: H0755 está en la zona común.
may 02, 2025 1:23:28 P. M. Log info
INFO: H0910 está en la zona común.
may 02, 2025 1:23:28 P. M. Log info
INFO: H0940 está en la zona común.
may 02, 2025 1:23:28 P. M. Log info
INFO: H0544 está en la zona común.
may 02, 2025 1:23:28 P. M. Log info
INFO: H0172 está en la zona común.
may 02, 2025 1:23:28 P. M. Log info
INFO: H0614 está en la zona común.
may 02, 2025 1:23:28 P. M. Log info
INFO: H0778 está en la zona común.
may 02, 2025 1:23:28 P. M. Log info
INFO: H0688 está en la zona común.
may 02, 2025 1:23:28 P. M. Log info
INFO: H0043 está en la zona común.
may 02, 2025 1:23:28 P. M. Log info
INFO: H0173 está en la zona común.
may 02, 2025 1:23:28 P. M. Log info
INFO: H0447 está en la zona común.
may 02, 2025 1:23:28 P. M. Log info
INFO: H0242 está en la zona común.
may 02, 2025 1:23:28 P. M. Log info
INFO: H0756 está en la zona común.
may 02, 2025 1:23:28 P. M. Log info
INFO: H0322 está en la zona común.
may 02, 2025 1:23:28 P. M. Log info
INFO: H0296 está en la zona común.
may 02, 2025 1:23:28 P. M. Log info
INFO: H0505 está en la zona común.
may 02, 2025 1:23:28 P. M. Log info
INFO: H0498 está en la zona común.
may 02, 2025 1:23:28 P. M. Log info
INFO: H0451 está en la zona común.
may 02, 2025 1:23:28 P. M. Log info
INFO: H0295 está en la zona común.
may 02, 2025 1:23:28 P. M. Log info
INFO: H0745 está en la zona común.
may 02, 2025 1:23:28 P. M. Log info
INFO: H0560 está en la zona común.
may 02, 2025 1:23:28 P. M. Log info
INFO: H0254 está en la zona común.
may 02, 2025 1:23:28 P. M. Log info
INFO: H0352 está en la zona común.
may 02, 2025 1:23:28 P. M. Log info
INFO: H0540 está en la zona común.
may 02, 2025 1:23:28 P. M. Log info
INFO: H0774 está en la zona común.
may 02, 2025 1:23:28 P. M. Log info
INFO: H0851 está en la zona común.
may 02, 2025 1:23:28 P. M. Log info
INFO: H0135 está en la zona común.
may 02, 2025 1:23:28 P. M. Log info
INFO: H0861 está en la zona común.
may 02, 2025 1:23:28 P. M. Log info
INFO: H0780 está en la zona común.
may 02, 2025 1:23:28 P. M. Log info
INFO: H0526 está en la zona común.
may 02, 2025 1:23:28 P. M. Log info
INFO: H0583 está en la zona común.
may 02, 2025 1:23:28 P. M. Log info
INFO: H0057 está en la zona común.
may 02, 2025 1:23:28 P. M. Log info
INFO: H0895 está en la zona común.
may 02, 2025 1:23:28 P. M. Log info
INFO: H0942 está en la zona común.
may 02, 2025 1:23:28 P. M. Log info
INFO: H0954 está en la zona común.
may 02, 2025 1:23:28 P. M. Log info
INFO: H0878 está en la zona común.
may 02, 2025 1:23:28 P. M. Log info
INFO: H0006 está en la zona común.
may 02, 2025 1:23:28 P. M. Log info
INFO: H0879 está en la zona común.
may 02, 2025 1:23:28 P. M. Log info
INFO: H0155 está en la zona común.
may 02, 2025 1:23:28 P. M. Log info
INFO: H0039 está en la zona común.
may 02, 2025 1:23:28 P. M. Log info
INFO: H0049 está en la zona común.
may 02, 2025 1:23:28 P. M. Log info
INFO: H0659 está en la zona común.
may 02, 2025 1:23:28 P. M. Log info
INFO: H0604 está en la zona común.
may 02, 2025 1:23:28 P. M. Log info
INFO: H0089 está en la zona común.
may 02, 2025 1:23:28 P. M. Log info
INFO: H0951 está en la zona común.
may 02, 2025 1:23:28 P. M. Log info
INFO: H0210 está en la zona común.
may 02, 2025 1:23:28 P. M. Log info
INFO: H0378 está en la zona común.
may 02, 2025 1:23:28 P. M. Log info
INFO: H0097 está en la zona común.
may 02, 2025 1:23:28 P. M. Log info
INFO: H0737 está en la zona común.
may 02, 2025 1:23:28 P. M. Log info
INFO: H0470 está en la zona común.
may 02, 2025 1:23:28 P. M. Log info
INFO: H0319 está en la zona común.
may 02, 2025 1:23:28 P. M. Log info
INFO: H0086 está en la zona común.
may 02, 2025 1:23:28 P. M. Log info
INFO: H0605 está en la zona común.
may 02, 2025 1:23:28 P. M. Log info
INFO: H0886 está en la zona común.
may 02, 2025 1:23:28 P. M. Log info
INFO: H0453 está en la zona común.
may 02, 2025 1:23:28 P. M. Log info
INFO: H0208 está en la zona común.
may 02, 2025 1:23:28 P. M. Log info
INFO: H0863 está en la zona común.
may 02, 2025 1:23:28 P. M. Log info
INFO: H0199 está en la zona común.
may 02, 2025 1:23:28 P. M. Log info
INFO: H0836 está en la zona común.
may 02, 2025 1:23:28 P. M. Log info
INFO: H0238 está en la zona común.
may 02, 2025 1:23:28 P. M. Log info
INFO: H0215 está en la zona común.
may 02, 2025 1:23:28 P. M. Log info
INFO: H0444 está en la zona común.
may 02, 2025 1:23:28 P. M. Log info
INFO: H0908 está en la zona común.
may 02, 2025 1:23:28 P. M. Log info
INFO: H0957 está en la zona común.
may 02, 2025 1:23:28 P. M. Log info
INFO: H0520 está en la zona común.
may 02, 2025 1:23:28 P. M. Log info
INFO: H0641 está en la zona común.
may 02, 2025 1:23:28 P. M. Log info
INFO: H0351 está en la zona común.
may 02, 2025 1:23:28 P. M. Log info
INFO: H0695 está en la zona común.
may 02, 2025 1:23:28 P. M. Log info
INFO: H0349 está en la zona común.
may 02, 2025 1:23:28 P. M. Log info
INFO: H0301 está en la zona común.
may 02, 2025 1:23:28 P. M. Log info
INFO: H0865 está en la zona común.
may 02, 2025 1:23:28 P. M. Log info
INFO: H0144 está en la zona común.
may 02, 2025 1:23:28 P. M. Log info
INFO: H0842 está en la zona común.
may 02, 2025 1:23:28 P. M. Log info
INFO: H0742 está en la zona común.
may 02, 2025 1:23:28 P. M. Log info
INFO: H0794 está en la zona común.
may 02, 2025 1:23:28 P. M. Log info
INFO: H0837 está en la zona común.
may 02, 2025 1:23:28 P. M. Log info
INFO: H0515 está en la zona común.
may 02, 2025 1:23:28 P. M. Log info
INFO: H0239 está en la zona común.
may 02, 2025 1:23:28 P. M. Log info
INFO: H0380 está en la zona común.
may 02, 2025 1:23:28 P. M. Log info
INFO: H0995 está en la zona común.
may 02, 2025 1:23:28 P. M. Log info
INFO: H0669 está en la zona común.
may 02, 2025 1:23:28 P. M. Log info
INFO: H0934 está en la zona común.
may 02, 2025 1:23:28 P. M. Log info
INFO: H0146 está en la zona común.
may 02, 2025 1:23:28 P. M. Log info
INFO: H0678 está en la zona común.
may 02, 2025 1:23:28 P. M. Log info
INFO: H0485 está en la zona común.
may 02, 2025 1:23:28 P. M. Log info
INFO: H0944 está en la zona común.
may 02, 2025 1:23:28 P. M. Log info
INFO: H0582 está en la zona común.
may 02, 2025 1:23:28 P. M. Log info
INFO: H0000 está en la zona común.
may 02, 2025 1:23:28 P. M. Log info
INFO: H0850 está en la zona común.
may 02, 2025 1:23:28 P. M. Log info
INFO: H0766 está en la zona común.
may 02, 2025 1:23:28 P. M. Log info
INFO: H0739 está en la zona común.
may 02, 2025 1:23:28 P. M. Log info
INFO: H0561 está en la zona común.
may 02, 2025 1:23:28 P. M. Log info
INFO: H0469 está en la zona común.
may 02, 2025 1:23:28 P. M. Log info
INFO: H0390 está en la zona común.
may 02, 2025 1:23:28 P. M. Log info
INFO: H0827 está en la zona común.
may 02, 2025 1:23:28 P. M. Log info
INFO: H0989 está en la zona común.
may 02, 2025 1:23:28 P. M. Log info
INFO: H0642 está en la zona común.
may 02, 2025 1:23:28 P. M. Log info
INFO: H0709 está en la zona común.
may 02, 2025 1:23:28 P. M. Log info
INFO: H0970 está en la zona común.
may 02, 2025 1:23:28 P. M. Log info
INFO: H0936 está en la zona común.
may 02, 2025 1:23:28 P. M. Log info
INFO: H0870 está en la zona común.
may 02, 2025 1:23:28 P. M. Log info
INFO: H0937 está en la zona común.
may 02, 2025 1:23:28 P. M. Log info
INFO: H0314 está en la zona común.
may 02, 2025 1:23:28 P. M. Log info
INFO: H0176 está en la zona común.
may 02, 2025 1:23:28 P. M. Log info
INFO: H0092 está en la zona común.
may 02, 2025 1:23:28 P. M. Log info
INFO: H0786 está en la zona común.
may 02, 2025 1:23:28 P. M. Log info
INFO: H0689 está en la zona común.
may 02, 2025 1:23:28 P. M. Log info
INFO: H0976 está en la zona común.
may 02, 2025 1:23:28 P. M. Log info
INFO: H0740 está en la zona común.
may 02, 2025 1:23:28 P. M. Log info
INFO: H0607 está en la zona común.
may 02, 2025 1:23:28 P. M. Log info
INFO: H0579 está en la zona común.
may 02, 2025 1:23:28 P. M. Log info
INFO: H0504 está en la zona común.
may 02, 2025 1:23:28 P. M. Log info
INFO: H0236 está en la zona común.
may 02, 2025 1:23:28 P. M. Log info
INFO: H0753 está en la zona común.
may 02, 2025 1:23:28 P. M. Log info
INFO: H0044 está en la zona común.
may 02, 2025 1:23:28 P. M. Log info
INFO: H0683 está en la zona común.
may 02, 2025 1:23:28 P. M. Log info
INFO: H0214 está en la zona común.
may 02, 2025 1:23:28 P. M. Log info
INFO: H0992 está en la zona común.
may 02, 2025 1:23:28 P. M. Log info
INFO: H0313 está en la zona común.
may 02, 2025 1:23:28 P. M. Log info
INFO: H0015 está en la zona común.
may 02, 2025 1:23:28 P. M. Log info
INFO: H0055 está en la zona común.
may 02, 2025 1:23:28 P. M. Log info
INFO: H0297 está en la zona común.
may 02, 2025 1:23:28 P. M. Log info
INFO: H0111 está en la zona común.
may 02, 2025 1:23:28 P. M. Log info
INFO: H0994 está en la zona común.
may 02, 2025 1:23:28 P. M. Log info
INFO: H0342 está en la zona común.
may 02, 2025 1:23:28 P. M. Log info
INFO: H0140 está en la zona común.
may 02, 2025 1:23:28 P. M. Log info
INFO: H0406 está en la zona común.
may 02, 2025 1:23:28 P. M. Log info
INFO: H0556 está en la zona común.
may 02, 2025 1:23:28 P. M. Log info
INFO: H0320 está en la zona común.
may 02, 2025 1:23:28 P. M. Log info
INFO: H0219 está esperando para salir en el túnel 1
may 02, 2025 1:23:29 P. M. Log info
INFO: H0001 está en la zona común.
may 02, 2025 1:23:29 P. M. Log info
INFO: H0000 está esperando para salir en el túnel 1
may 02, 2025 1:23:57 P. M. Log info
INFO: H0000 está en la zona común.
may 02, 2025 1:23:57 P. M. Log info
INFO: H0064 está en la zona común.
may 02, 2025 1:23:57 P. M. Log info
INFO: H0010 está en la zona común.
may 02, 2025 1:23:57 P. M. Log info
INFO: H0040 está en la zona común.
may 02, 2025 1:23:57 P. M. Log info
INFO: H0085 está en la zona común.
may 02, 2025 1:23:57 P. M. Log info
INFO: H0152 está en la zona común.
may 02, 2025 1:23:57 P. M. Log info
INFO: H0127 está en la zona común.
may 02, 2025 1:23:57 P. M. Log info
INFO: H0195 está en la zona común.
may 02, 2025 1:23:57 P. M. Log info
INFO: H0113 está en la zona común.
may 02, 2025 1:23:57 P. M. Log info
INFO: H0000 está en la zona común.
may 02, 2025 1:23:57 P. M. Log info
INFO: H0160 está en la zona común.
may 02, 2025 1:23:57 P. M. Log info
INFO: H0234 está en la zona común.
may 02, 2025 1:23:57 P. M. Log info
INFO: H0215 está en la zona común.
may 02, 2025 1:23:57 P. M. Log info
INFO: H0260 está en la zona común.
may 02, 2025 1:23:57 P. M. Log info
INFO: H0106 está en la zona común.
may 02, 2025 1:23:57 P. M. Log info
INFO: H0112 está en la zona común.
may 02, 2025 1:23:57 P. M. Log info
INFO: H0289 está en la zona común.
may 02, 2025 1:23:57 P. M. Log info
INFO: H0056 está en la zona común.
may 02, 2025 1:23:57 P. M. Log info
INFO: H0170 está en la zona común.
may 02, 2025 1:23:57 P. M. Log info
INFO: H0033 está en la zona común.
may 02, 2025 1:23:57 P. M. Log info
INFO: H0210 está en la zona común.
may 02, 2025 1:23:57 P. M. Log info
INFO: H0061 está en la zona común.
may 02, 2025 1:23:57 P. M. Log info
INFO: H0271 está en la zona común.
may 02, 2025 1:23:57 P. M. Log info
INFO: H0086 está en la zona común.
may 02, 2025 1:23:57 P. M. Log info
INFO: H0120 está en la zona común.
may 02, 2025 1:23:57 P. M. Log info
INFO: H0191 está en la zona común.
may 02, 2025 1:23:57 P. M. Log info
INFO: H0365 está en la zona común.
may 02, 2025 1:23:57 P. M. Log info
INFO: H0331 está en la zona común.
may 02, 2025 1:23:57 P. M. Log info
INFO: H0411 está en la zona común.
may 02, 2025 1:23:57 P. M. Log info
INFO: H0236 está en la zona común.
may 02, 2025 1:23:57 P. M. Log info
INFO: H0158 está en la zona común.
may 02, 2025 1:23:57 P. M. Log info
INFO: H0055 está en la zona común.
may 02, 2025 1:23:57 P. M. Log info
INFO: H0348 está en la zona común.
may 02, 2025 1:23:57 P. M. Log info
INFO: H0278 está en la zona común.
may 02, 2025 1:23:57 P. M. Log info
INFO: H0076 está en la zona común.
may 02, 2025 1:23:57 P. M. Log info
INFO: H0262 está en la zona común.
may 02, 2025 1:23:57 P. M. Log info
INFO: H0109 está en la zona común.
may 02, 2025 1:23:57 P. M. Log info
INFO: H0372 está en la zona común.
may 02, 2025 1:23:57 P. M. Log info
INFO: H0075 está en la zona común.
may 02, 2025 1:23:57 P. M. Log info
INFO: H0173 está en la zona común.
may 02, 2025 1:23:57 P. M. Log info
INFO: H0139 está en la zona común.
may 02, 2025 1:23:57 P. M. Log info
INFO: H0021 está en la zona común.
may 02, 2025 1:23:57 P. M. Log info
INFO: H0450 está en la zona común.
may 02, 2025 1:23:57 P. M. Log info
INFO: H0192 está en la zona común.
may 02, 2025 1:23:57 P. M. Log info
INFO: H0447 está en la zona común.
may 02, 2025 1:23:57 P. M. Log info
INFO: H0443 está en la zona común.
may 02, 2025 1:23:57 P. M. Log info
INFO: H0320 está en la zona común.
may 02, 2025 1:23:57 P. M. Log info
INFO: H0155 está en la zona común.
may 02, 2025 1:23:57 P. M. Log info
INFO: H0356 está en la zona común.
may 02, 2025 1:23:57 P. M. Log info
INFO: H0128 está en la zona común.
may 02, 2025 1:23:57 P. M. Log info
INFO: H0211 está en la zona común.
may 02, 2025 1:23:57 P. M. Log info
INFO: H0073 está en la zona común.
may 02, 2025 1:23:57 P. M. Log info
INFO: H0189 está en la zona común.
may 02, 2025 1:23:57 P. M. Log info
INFO: H0171 está en la zona común.
may 02, 2025 1:23:57 P. M. Log info
INFO: H0476 está en la zona común.
may 02, 2025 1:23:57 P. M. Log info
INFO: H0383 está en la zona común.
may 02, 2025 1:23:57 P. M. Log info
INFO: H0003 está en la zona común.
may 02, 2025 1:23:57 P. M. Log info
INFO: H0418 está en la zona común.
may 02, 2025 1:23:57 P. M. Log info
INFO: H0617 está en la zona común.
may 02, 2025 1:23:57 P. M. Log info
INFO: H0566 está en la zona común.
may 02, 2025 1:23:57 P. M. Log info
INFO: H0602 está en la zona común.
may 02, 2025 1:23:57 P. M. Log info
INFO: H0631 está en la zona común.
may 02, 2025 1:23:57 P. M. Log info
INFO: H0062 está en la zona común.
may 02, 2025 1:23:57 P. M. Log info
INFO: H0457 está en la zona común.
may 02, 2025 1:23:57 P. M. Log info
INFO: H0251 está en la zona común.
may 02, 2025 1:23:57 P. M. Log info
INFO: H0548 está en la zona común.
may 02, 2025 1:23:57 P. M. Log info
INFO: H0253 está en la zona común.
may 02, 2025 1:23:57 P. M. Log info
INFO: H0396 está en la zona común.
may 02, 2025 1:23:57 P. M. Log info
INFO: H0047 está en la zona común.
may 02, 2025 1:23:57 P. M. Log info
INFO: H0272 está en la zona común.
may 02, 2025 1:23:57 P. M. Log info
INFO: H0250 está en la zona común.
may 02, 2025 1:23:57 P. M. Log info
INFO: H0367 está en la zona común.
may 02, 2025 1:23:57 P. M. Log info
INFO: H0081 está en la zona común.
may 02, 2025 1:23:57 P. M. Log info
INFO: H0373 está en la zona común.
may 02, 2025 1:23:57 P. M. Log info
INFO: H0203 está en la zona común.
may 02, 2025 1:23:57 P. M. Log info
INFO: H0498 está en la zona común.
may 02, 2025 1:23:57 P. M. Log info
INFO: H0743 está en la zona común.
may 02, 2025 1:23:57 P. M. Log info
INFO: H0577 está en la zona común.
may 02, 2025 1:23:57 P. M. Log info
INFO: H0398 está en la zona común.
may 02, 2025 1:23:57 P. M. Log info
INFO: H0162 está en la zona común.
may 02, 2025 1:23:57 P. M. Log info
INFO: H0069 está en la zona común.
may 02, 2025 1:23:57 P. M. Log info
INFO: H0624 está en la zona común.
may 02, 2025 1:23:57 P. M. Log info
INFO: H0233 está en la zona común.
may 02, 2025 1:23:57 P. M. Log info
INFO: H0564 está en la zona común.
may 02, 2025 1:23:57 P. M. Log info
INFO: H0188 está en la zona común.
may 02, 2025 1:23:57 P. M. Log info
INFO: H0641 está en la zona común.
may 02, 2025 1:23:57 P. M. Log info
INFO: H0313 está en la zona común.
may 02, 2025 1:23:57 P. M. Log info
INFO: H0194 está en la zona común.
may 02, 2025 1:23:57 P. M. Log info
INFO: H0806 está en la zona común.
may 02, 2025 1:23:57 P. M. Log info
INFO: H0019 está en la zona común.
may 02, 2025 1:23:57 P. M. Log info
INFO: H0243 está en la zona común.
may 02, 2025 1:23:57 P. M. Log info
INFO: H0823 está en la zona común.
may 02, 2025 1:23:57 P. M. Log info
INFO: H0217 está en la zona común.
may 02, 2025 1:23:57 P. M. Log info
INFO: H0291 está en la zona común.
may 02, 2025 1:23:57 P. M. Log info
INFO: H0487 está en la zona común.
may 02, 2025 1:23:57 P. M. Log info
INFO: H0532 está en la zona común.
may 02, 2025 1:23:57 P. M. Log info
INFO: H0843 está en la zona común.
may 02, 2025 1:23:57 P. M. Log info
INFO: H0865 está en la zona común.
may 02, 2025 1:23:57 P. M. Log info
INFO: H0486 está en la zona común.
may 02, 2025 1:23:57 P. M. Log info
INFO: H0374 está en la zona común.
may 02, 2025 1:23:57 P. M. Log info
INFO: H0427 está en la zona común.
may 02, 2025 1:23:57 P. M. Log info
INFO: H0434 está en la zona común.
may 02, 2025 1:23:57 P. M. Log info
INFO: H0125 está en la zona común.
may 02, 2025 1:23:57 P. M. Log info
INFO: H0524 está en la zona común.
may 02, 2025 1:23:57 P. M. Log info
INFO: H0424 está en la zona común.
may 02, 2025 1:23:57 P. M. Log info
INFO: H0082 está en la zona común.
may 02, 2025 1:23:57 P. M. Log info
INFO: H0212 está en la zona común.
may 02, 2025 1:23:57 P. M. Log info
INFO: H0006 está en la zona común.
may 02, 2025 1:23:57 P. M. Log info
INFO: H0523 está en la zona común.
may 02, 2025 1:23:57 P. M. Log info
INFO: H0765 está en la zona común.
may 02, 2025 1:23:57 P. M. Log info
INFO: H0803 está en la zona común.
may 02, 2025 1:23:57 P. M. Log info
INFO: H0259 está en la zona común.
may 02, 2025 1:23:57 P. M. Log info
INFO: H0786 está en la zona común.
may 02, 2025 1:23:57 P. M. Log info
INFO: H0167 está en la zona común.
may 02, 2025 1:23:57 P. M. Log info
INFO: H0371 está en la zona común.
may 02, 2025 1:23:57 P. M. Log info
INFO: H0939 está en la zona común.
may 02, 2025 1:23:57 P. M. Log info
INFO: H0430 está en la zona común.
may 02, 2025 1:23:57 P. M. Log info
INFO: H0163 está en la zona común.
may 02, 2025 1:23:57 P. M. Log info
INFO: H0946 está en la zona común.
may 02, 2025 1:23:57 P. M. Log info
INFO: H0885 está en la zona común.
may 02, 2025 1:23:57 P. M. Log info
INFO: H0770 está en la zona común.
may 02, 2025 1:23:57 P. M. Log info
INFO: H0264 está en la zona común.
may 02, 2025 1:23:57 P. M. Log info
INFO: H0899 está en la zona común.
may 02, 2025 1:23:57 P. M. Log info
INFO: H0879 está en la zona común.
may 02, 2025 1:23:57 P. M. Log info
INFO: H0852 está en la zona común.
may 02, 2025 1:23:57 P. M. Log info
INFO: H0625 está en la zona común.
may 02, 2025 1:23:57 P. M. Log info
INFO: H0549 está en la zona común.
may 02, 2025 1:23:57 P. M. Log info
INFO: H0389 está en la zona común.
may 02, 2025 1:23:57 P. M. Log info
INFO: H0820 está en la zona común.
may 02, 2025 1:23:57 P. M. Log info
INFO: H0346 está en la zona común.
may 02, 2025 1:23:57 P. M. Log info
INFO: H0165 está en la zona común.
may 02, 2025 1:23:57 P. M. Log info
INFO: H0858 está en la zona común.
may 02, 2025 1:23:57 P. M. Log info
INFO: H0950 está en la zona común.
may 02, 2025 1:23:57 P. M. Log info
INFO: H0397 está en la zona común.
may 02, 2025 1:23:57 P. M. Log info
INFO: H0054 está en la zona común.
may 02, 2025 1:23:57 P. M. Log info
INFO: H0298 está en la zona común.
may 02, 2025 1:23:57 P. M. Log info
INFO: H0197 está en la zona común.
may 02, 2025 1:23:57 P. M. Log info
INFO: H0697 está en la zona común.
may 02, 2025 1:23:57 P. M. Log info
INFO: H0608 está en la zona común.
may 02, 2025 1:23:57 P. M. Log info
INFO: H0181 está en la zona común.
may 02, 2025 1:23:57 P. M. Log info
INFO: H0537 está en la zona común.
may 02, 2025 1:23:57 P. M. Log info
INFO: H0659 está en la zona común.
may 02, 2025 1:23:57 P. M. Log info
INFO: H0855 está en la zona común.
may 02, 2025 1:23:57 P. M. Log info
INFO: H0828 está en la zona común.
may 02, 2025 1:23:57 P. M. Log info
INFO: H0604 está en la zona común.
may 02, 2025 1:23:57 P. M. Log info
INFO: H0918 está en la zona común.
may 02, 2025 1:23:57 P. M. Log info
INFO: H0984 está en la zona común.
may 02, 2025 1:23:57 P. M. Log info
INFO: H0011 está en la zona común.
may 02, 2025 1:23:57 P. M. Log info
INFO: H0036 está en la zona común.
may 02, 2025 1:23:57 P. M. Log info
INFO: H0699 está en la zona común.
may 02, 2025 1:23:57 P. M. Log info
INFO: H0286 está en la zona común.
may 02, 2025 1:23:57 P. M. Log info
INFO: H0099 está en la zona común.
may 02, 2025 1:23:57 P. M. Log info
INFO: H0893 está en la zona común.
may 02, 2025 1:23:57 P. M. Log info
INFO: H0144 está en la zona común.
may 02, 2025 1:23:57 P. M. Log info
INFO: H0183 está en la zona común.
may 02, 2025 1:23:57 P. M. Log info
INFO: H0038 está en la zona común.
may 02, 2025 1:23:57 P. M. Log info
INFO: H0662 está en la zona común.
may 02, 2025 1:23:57 P. M. Log info
INFO: H0500 está en la zona común.
may 02, 2025 1:23:57 P. M. Log info
INFO: H0068 está en la zona común.
may 02, 2025 1:23:57 P. M. Log info
INFO: H0677 está en la zona común.
may 02, 2025 1:23:57 P. M. Log info
INFO: H0166 está en la zona común.
may 02, 2025 1:23:57 P. M. Log info
INFO: H0147 está en la zona común.
may 02, 2025 1:23:57 P. M. Log info
INFO: H0103 está en la zona común.
may 02, 2025 1:23:57 P. M. Log info
INFO: H0934 está en la zona común.
may 02, 2025 1:23:57 P. M. Log info
INFO: H0784 está en la zona común.
may 02, 2025 1:23:57 P. M. Log info
INFO: H0991 está en la zona común.
may 02, 2025 1:23:57 P. M. Log info
INFO: H0249 está en la zona común.
may 02, 2025 1:23:57 P. M. Log info
INFO: H0097 está en la zona común.
may 02, 2025 1:23:57 P. M. Log info
INFO: H0628 está en la zona común.
may 02, 2025 1:23:57 P. M. Log info
INFO: H0246 está en la zona común.
may 02, 2025 1:23:57 P. M. Log info
INFO: H0059 está en la zona común.
may 02, 2025 1:23:57 P. M. Log info
INFO: H0454 está en la zona común.
may 02, 2025 1:23:57 P. M. Log info
INFO: H0393 está en la zona común.
may 02, 2025 1:23:57 P. M. Log info
INFO: H0612 está en la zona común.
may 02, 2025 1:23:57 P. M. Log info
INFO: H0218 está en la zona común.
may 02, 2025 1:23:57 P. M. Log info
INFO: H0463 está en la zona común.
may 02, 2025 1:23:57 P. M. Log info
INFO: H0110 está en la zona común.
may 02, 2025 1:23:57 P. M. Log info
INFO: H0620 está en la zona común.
may 02, 2025 1:23:57 P. M. Log info
INFO: H0334 está en la zona común.
may 02, 2025 1:23:57 P. M. Log info
INFO: H0668 está en la zona común.
may 02, 2025 1:23:57 P. M. Log info
INFO: H0761 está en la zona común.
may 02, 2025 1:23:57 P. M. Log info
INFO: H0547 está en la zona común.
may 02, 2025 1:23:57 P. M. Log info
INFO: H0554 está en la zona común.
may 02, 2025 1:23:57 P. M. Log info
INFO: H0726 está en la zona común.
may 02, 2025 1:23:57 P. M. Log info
INFO: H0041 está en la zona común.
may 02, 2025 1:23:57 P. M. Log info
INFO: H0897 está en la zona común.
may 02, 2025 1:23:57 P. M. Log info
INFO: H0920 está en la zona común.
may 02, 2025 1:23:57 P. M. Log info
INFO: H0861 está en la zona común.
may 02, 2025 1:23:57 P. M. Log info
INFO: H0432 está en la zona común.
may 02, 2025 1:23:57 P. M. Log info
INFO: H0603 está en la zona común.
may 02, 2025 1:23:57 P. M. Log info
INFO: H0240 está en la zona común.
may 02, 2025 1:23:57 P. M. Log info
INFO: H0687 está en la zona común.
may 02, 2025 1:23:57 P. M. Log info
INFO: H0461 está en la zona común.
may 02, 2025 1:23:57 P. M. Log info
INFO: H0842 está en la zona común.
may 02, 2025 1:23:57 P. M. Log info
INFO: H0822 está en la zona común.
may 02, 2025 1:23:57 P. M. Log info
INFO: H0667 está en la zona común.
may 02, 2025 1:23:57 P. M. Log info
INFO: H0690 está en la zona común.
may 02, 2025 1:23:57 P. M. Log info
INFO: H0553 está en la zona común.
may 02, 2025 1:23:57 P. M. Log info
INFO: H0704 está en la zona común.
may 02, 2025 1:23:57 P. M. Log info
INFO: H0282 está en la zona común.
may 02, 2025 1:23:57 P. M. Log info
INFO: H0714 está en la zona común.
may 02, 2025 1:23:57 P. M. Log info
INFO: H0584 está en la zona común.
may 02, 2025 1:23:57 P. M. Log info
INFO: H0226 está en la zona común.
may 02, 2025 1:23:57 P. M. Log info
INFO: H0530 está en la zona común.
may 02, 2025 1:23:57 P. M. Log info
INFO: H0752 está en la zona común.
may 02, 2025 1:23:57 P. M. Log info
INFO: H0510 está en la zona común.
may 02, 2025 1:23:57 P. M. Log info
INFO: H0947 está en la zona común.
may 02, 2025 1:23:57 P. M. Log info
INFO: H0850 está en la zona común.
may 02, 2025 1:23:57 P. M. Log info
INFO: H0052 está en la zona común.
may 02, 2025 1:23:57 P. M. Log info
INFO: H0533 está en la zona común.
may 02, 2025 1:23:57 P. M. Log info
INFO: H0796 está en la zona común.
may 02, 2025 1:23:57 P. M. Log info
INFO: H0232 está en la zona común.
may 02, 2025 1:23:57 P. M. Log info
INFO: H0471 está en la zona común.
may 02, 2025 1:23:57 P. M. Log info
INFO: H0763 está en la zona común.
may 02, 2025 1:23:57 P. M. Log info
INFO: H0473 está en la zona común.
may 02, 2025 1:23:57 P. M. Log info
INFO: H0423 está en la zona común.
may 02, 2025 1:23:57 P. M. Log info
INFO: H0724 está en la zona común.
may 02, 2025 1:23:57 P. M. Log info
INFO: H0730 está en la zona común.
may 02, 2025 1:23:57 P. M. Log info
INFO: H0647 está en la zona común.
may 02, 2025 1:23:57 P. M. Log info
INFO: H0129 está en la zona común.
may 02, 2025 1:23:57 P. M. Log info
INFO: H0107 está en la zona común.
may 02, 2025 1:23:57 P. M. Log info
INFO: H0042 está en la zona común.
may 02, 2025 1:23:57 P. M. Log info
INFO: H0343 está en la zona común.
may 02, 2025 1:23:57 P. M. Log info
INFO: H0951 está en la zona común.
may 02, 2025 1:23:57 P. M. Log info
INFO: H0202 está en la zona común.
may 02, 2025 1:23:57 P. M. Log info
INFO: H0955 está en la zona común.
may 02, 2025 1:23:57 P. M. Log info
INFO: H0993 está en la zona común.
may 02, 2025 1:23:57 P. M. Log info
INFO: H0749 está en la zona común.
may 02, 2025 1:23:57 P. M. Log info
INFO: H0440 está en la zona común.
may 02, 2025 1:23:58 P. M. Log info
INFO: H0680 está en la zona común.
may 02, 2025 1:23:58 P. M. Log info
INFO: H0792 está en la zona común.
may 02, 2025 1:23:58 P. M. Log info
INFO: H0370 está en la zona común.
may 02, 2025 1:23:58 P. M. Log info
INFO: H0911 está en la zona común.
may 02, 2025 1:23:58 P. M. Log info
INFO: H0395 está en la zona común.
may 02, 2025 1:23:58 P. M. Log info
INFO: H0118 está en la zona común.
may 02, 2025 1:23:58 P. M. Log info
INFO: H0727 está en la zona común.
may 02, 2025 1:23:58 P. M. Log info
INFO: H0961 está en la zona común.
may 02, 2025 1:23:58 P. M. Log info
INFO: H0570 está en la zona común.
may 02, 2025 1:23:58 P. M. Log info
INFO: H0588 está en la zona común.
may 02, 2025 1:23:58 P. M. Log info
INFO: H0292 está en la zona común.
may 02, 2025 1:23:58 P. M. Log info
INFO: H0222 está en la zona común.
may 02, 2025 1:23:58 P. M. Log info
INFO: H0830 está en la zona común.
may 02, 2025 1:23:58 P. M. Log info
INFO: H0988 está en la zona común.
may 02, 2025 1:23:58 P. M. Log info
INFO: H0462 está en la zona común.
may 02, 2025 1:23:58 P. M. Log info
INFO: H0261 está en la zona común.
may 02, 2025 1:23:58 P. M. Log info
INFO: H0837 está en la zona común.
may 02, 2025 1:23:58 P. M. Log info
INFO: H0655 está en la zona común.
may 02, 2025 1:23:58 P. M. Log info
INFO: H0903 está en la zona común.
may 02, 2025 1:23:58 P. M. Log info
INFO: H0384 está en la zona común.
may 02, 2025 1:23:58 P. M. Log info
INFO: H0528 está en la zona común.
may 02, 2025 1:23:58 P. M. Log info
INFO: H0018 está en la zona común.
may 02, 2025 1:23:58 P. M. Log info
INFO: H0079 está en la zona común.
may 02, 2025 1:23:58 P. M. Log info
INFO: H0074 está en la zona común.
may 02, 2025 1:23:58 P. M. Log info
INFO: H0735 está en la zona común.
may 02, 2025 1:23:58 P. M. Log info
INFO: H0060 está en la zona común.
may 02, 2025 1:23:58 P. M. Log info
INFO: H0587 está en la zona común.
may 02, 2025 1:23:58 P. M. Log info
INFO: H0004 está en la zona común.
may 02, 2025 1:23:58 P. M. Log info
INFO: H0182 está en la zona común.
may 02, 2025 1:23:58 P. M. Log info
INFO: H0542 está en la zona común.
may 02, 2025 1:23:58 P. M. Log info
INFO: H0546 está en la zona común.
may 02, 2025 1:23:58 P. M. Log info
INFO: H0841 está en la zona común.
may 02, 2025 1:23:58 P. M. Log info
INFO: H0731 está en la zona común.
may 02, 2025 1:23:58 P. M. Log info
INFO: H0555 está en la zona común.
may 02, 2025 1:23:58 P. M. Log info
INFO: H0283 está en la zona común.
may 02, 2025 1:23:58 P. M. Log info
INFO: H0496 está en la zona común.
may 02, 2025 1:23:58 P. M. Log info
INFO: H0119 está en la zona común.
may 02, 2025 1:23:58 P. M. Log info
INFO: H0808 está en la zona común.
may 02, 2025 1:23:58 P. M. Log info
INFO: H0490 está en la zona común.
may 02, 2025 1:23:58 P. M. Log info
INFO: H0121 está en la zona común.
may 02, 2025 1:23:58 P. M. Log info
INFO: H0825 está en la zona común.
may 02, 2025 1:23:58 P. M. Log info
INFO: H0781 está en la zona común.
may 02, 2025 1:23:58 P. M. Log info
INFO: H0552 está en la zona común.
may 02, 2025 1:23:58 P. M. Log info
INFO: H0594 está en la zona común.
may 02, 2025 1:23:58 P. M. Log info
INFO: H0296 está en la zona común.
may 02, 2025 1:23:58 P. M. Log info
INFO: H0983 está en la zona común.
may 02, 2025 1:23:58 P. M. Log info
INFO: H0516 está en la zona común.
may 02, 2025 1:23:58 P. M. Log info
INFO: H0969 está en la zona común.
may 02, 2025 1:23:58 P. M. Log info
INFO: H0926 está en la zona común.
may 02, 2025 1:23:58 P. M. Log info
INFO: H0409 está en la zona común.
may 02, 2025 1:23:58 P. M. Log info
INFO: H0723 está en la zona común.
may 02, 2025 1:23:58 P. M. Log info
INFO: H0269 está en la zona común.
may 02, 2025 1:23:58 P. M. Log info
INFO: H0944 está en la zona común.
may 02, 2025 1:23:58 P. M. Log info
INFO: H0788 está en la zona común.
may 02, 2025 1:23:58 P. M. Log info
INFO: H0874 está en la zona común.
may 02, 2025 1:23:58 P. M. Log info
INFO: H0733 está en la zona común.
may 02, 2025 1:23:58 P. M. Log info
INFO: H0100 está en la zona común.
may 02, 2025 1:23:58 P. M. Log info
INFO: H0636 está en la zona común.
may 02, 2025 1:23:58 P. M. Log info
INFO: H0812 está en la zona común.
may 02, 2025 1:23:58 P. M. Log info
INFO: H0431 está en la zona común.
may 02, 2025 1:23:58 P. M. Log info
INFO: H0684 está en la zona común.
may 02, 2025 1:23:58 P. M. Log info
INFO: H0020 está en la zona común.
may 02, 2025 1:23:58 P. M. Log info
INFO: H0919 está en la zona común.
may 02, 2025 1:23:58 P. M. Log info
INFO: H0607 está en la zona común.
may 02, 2025 1:23:58 P. M. Log info
INFO: H0404 está en la zona común.
may 02, 2025 1:23:58 P. M. Log info
INFO: H0580 está en la zona común.
may 02, 2025 1:23:58 P. M. Log info
INFO: H0072 está en la zona común.
may 02, 2025 1:23:58 P. M. Log info
INFO: H0458 está en la zona común.
may 02, 2025 1:23:58 P. M. Log info
INFO: H0994 está en la zona común.
may 02, 2025 1:23:58 P. M. Log info
INFO: H0245 está en la zona común.
may 02, 2025 1:23:58 P. M. Log info
INFO: H0700 está en la zona común.
may 02, 2025 1:23:58 P. M. Log info
INFO: H0658 está en la zona común.
may 02, 2025 1:23:58 P. M. Log info
INFO: H0149 está en la zona común.
may 02, 2025 1:23:58 P. M. Log info
INFO: H0638 está en la zona común.
may 02, 2025 1:23:58 P. M. Log info
INFO: H0686 está en la zona común.
may 02, 2025 1:23:58 P. M. Log info
INFO: H0179 está en la zona común.
may 02, 2025 1:23:58 P. M. Log info
INFO: H0543 está en la zona común.
may 02, 2025 1:23:58 P. M. Log info
INFO: H0986 está en la zona común.
may 02, 2025 1:23:58 P. M. Log info
INFO: H0300 está en la zona común.
may 02, 2025 1:23:58 P. M. Log info
INFO: H0980 está en la zona común.
may 02, 2025 1:23:58 P. M. Log info
INFO: H0517 está en la zona común.
may 02, 2025 1:23:58 P. M. Log info
INFO: H0015 está en la zona común.
may 02, 2025 1:23:58 P. M. Log info
INFO: H0573 está en la zona común.
may 02, 2025 1:23:58 P. M. Log info
INFO: H0694 está en la zona común.
may 02, 2025 1:23:58 P. M. Log info
INFO: H0915 está en la zona común.
may 02, 2025 1:23:58 P. M. Log info
INFO: H0368 está en la zona común.
may 02, 2025 1:23:58 P. M. Log info
INFO: H0350 está en la zona común.
may 02, 2025 1:23:58 P. M. Log info
INFO: H0094 está en la zona común.
may 02, 2025 1:23:58 P. M. Log info
INFO: H0266 está en la zona común.
may 02, 2025 1:23:58 P. M. Log info
INFO: H0562 está en la zona común.
may 02, 2025 1:23:58 P. M. Log info
INFO: H0996 está en la zona común.
may 02, 2025 1:23:58 P. M. Log info
INFO: H0351 está en la zona común.
may 02, 2025 1:23:58 P. M. Log info
INFO: H0168 está en la zona común.
may 02, 2025 1:23:58 P. M. Log info
INFO: H0679 está en la zona común.
may 02, 2025 1:23:58 P. M. Log info
INFO: H0853 está en la zona común.
may 02, 2025 1:23:58 P. M. Log info
INFO: H0775 está en la zona común.
may 02, 2025 1:23:58 P. M. Log info
INFO: H0352 está en la zona común.
may 02, 2025 1:23:58 P. M. Log info
INFO: H0780 está en la zona común.
may 02, 2025 1:23:58 P. M. Log info
INFO: H0310 está en la zona común.
may 02, 2025 1:23:58 P. M. Log info
INFO: H0207 está en la zona común.
may 02, 2025 1:23:58 P. M. Log info
INFO: H0169 está en la zona común.
may 02, 2025 1:23:58 P. M. Log info
INFO: H0568 está en la zona común.
may 02, 2025 1:23:58 P. M. Log info
INFO: H0263 está en la zona común.
may 02, 2025 1:23:58 P. M. Log info
INFO: H0832 está en la zona común.
may 02, 2025 1:23:58 P. M. Log info
INFO: H0753 está en la zona común.
may 02, 2025 1:23:58 P. M. Log info
INFO: H0623 está en la zona común.
may 02, 2025 1:23:58 P. M. Log info
INFO: H0526 está en la zona común.
may 02, 2025 1:23:58 P. M. Log info
INFO: H0508 está en la zona común.
may 02, 2025 1:23:58 P. M. Log info
INFO: H0811 está en la zona común.
may 02, 2025 1:23:58 P. M. Log info
INFO: H0088 está en la zona común.
may 02, 2025 1:23:58 P. M. Log info
INFO: H0439 está en la zona común.
may 02, 2025 1:23:58 P. M. Log info
INFO: H0635 está en la zona común.
may 02, 2025 1:23:58 P. M. Log info
INFO: H0023 está en la zona común.
may 02, 2025 1:23:58 P. M. Log info
INFO: H0053 está en la zona común.
may 02, 2025 1:23:58 P. M. Log info
INFO: H0936 está en la zona común.
may 02, 2025 1:23:58 P. M. Log info
INFO: H0361 está en la zona común.
may 02, 2025 1:23:58 P. M. Log info
INFO: H0656 está en la zona común.
may 02, 2025 1:23:58 P. M. Log info
INFO: H0506 está en la zona común.
may 02, 2025 1:23:58 P. M. Log info
INFO: H0216 está en la zona común.
may 02, 2025 1:23:58 P. M. Log info
INFO: H0379 está en la zona común.
may 02, 2025 1:23:58 P. M. Log info
INFO: H0090 está en la zona común.
may 02, 2025 1:23:58 P. M. Log info
INFO: H0416 está en la zona común.
may 02, 2025 1:23:58 P. M. Log info
INFO: H0164 está en la zona común.
may 02, 2025 1:23:58 P. M. Log info
INFO: H0174 está en la zona común.
may 02, 2025 1:23:58 P. M. Log info
INFO: H0923 está en la zona común.
may 02, 2025 1:23:58 P. M. Log info
INFO: H0521 está en la zona común.
may 02, 2025 1:23:58 P. M. Log info
INFO: H0593 está en la zona común.
may 02, 2025 1:23:58 P. M. Log info
INFO: H0815 está en la zona común.
may 02, 2025 1:23:58 P. M. Log info
INFO: H0376 está en la zona común.
may 02, 2025 1:23:58 P. M. Log info
INFO: H0824 está en la zona común.
may 02, 2025 1:23:58 P. M. Log info
INFO: H0359 está en la zona común.
may 02, 2025 1:23:58 P. M. Log info
INFO: H0695 está en la zona común.
may 02, 2025 1:23:58 P. M. Log info
INFO: H0505 está en la zona común.
may 02, 2025 1:23:58 P. M. Log info
INFO: H0672 está en la zona común.
may 02, 2025 1:23:58 P. M. Log info
INFO: H0751 está en la zona común.
may 02, 2025 1:23:58 P. M. Log info
INFO: H0280 está en la zona común.
may 02, 2025 1:23:58 P. M. Log info
INFO: H0799 está en la zona común.
may 02, 2025 1:23:58 P. M. Log info
INFO: H0709 está en la zona común.
may 02, 2025 1:23:58 P. M. Log info
INFO: H0997 está en la zona común.
may 02, 2025 1:23:58 P. M. Log info
INFO: H0576 está en la zona común.
may 02, 2025 1:23:58 P. M. Log info
INFO: H0114 está en la zona común.
may 02, 2025 1:23:58 P. M. Log info
INFO: H0982 está en la zona común.
may 02, 2025 1:23:58 P. M. Log info
INFO: H0071 está en la zona común.
may 02, 2025 1:23:58 P. M. Log info
INFO: H0105 está en la zona común.
may 02, 2025 1:23:58 P. M. Log info
INFO: H0958 está en la zona común.
may 02, 2025 1:23:58 P. M. Log info
INFO: H0928 está en la zona común.
may 02, 2025 1:23:58 P. M. Log info
INFO: H0227 está en la zona común.
may 02, 2025 1:23:58 P. M. Log info
INFO: H0478 está en la zona común.
may 02, 2025 1:23:58 P. M. Log info
INFO: H0281 está en la zona común.
may 02, 2025 1:23:58 P. M. Log info
INFO: H0484 está en la zona común.
may 02, 2025 1:23:58 P. M. Log info
INFO: H0058 está en la zona común.
may 02, 2025 1:23:58 P. M. Log info
INFO: H0970 está en la zona común.
may 02, 2025 1:23:58 P. M. Log info
INFO: H0002 está en la zona común.
may 02, 2025 1:23:58 P. M. Log info
INFO: H0248 está en la zona común.
may 02, 2025 1:23:58 P. M. Log info
INFO: H0049 está en la zona común.
may 02, 2025 1:23:58 P. M. Log info
INFO: H0907 está en la zona común.
may 02, 2025 1:23:58 P. M. Log info
INFO: H0898 está en la zona común.
may 02, 2025 1:23:58 P. M. Log info
INFO: H0323 está en la zona común.
may 02, 2025 1:23:58 P. M. Log info
INFO: H0894 está en la zona común.
may 02, 2025 1:23:58 P. M. Log info
INFO: H0205 está en la zona común.
may 02, 2025 1:23:58 P. M. Log info
INFO: H0551 está en la zona común.
may 02, 2025 1:23:58 P. M. Log info
INFO: H0685 está en la zona común.
may 02, 2025 1:23:58 P. M. Log info
INFO: H0953 está en la zona común.
may 02, 2025 1:23:58 P. M. Log info
INFO: H0030 está en la zona común.
may 02, 2025 1:23:58 P. M. Log info
INFO: H0347 está en la zona común.
may 02, 2025 1:23:58 P. M. Log info
INFO: H0354 está en la zona común.
may 02, 2025 1:23:58 P. M. Log info
INFO: H0419 está en la zona común.
may 02, 2025 1:23:58 P. M. Log info
INFO: H0213 está en la zona común.
may 02, 2025 1:23:58 P. M. Log info
INFO: H0544 está en la zona común.
may 02, 2025 1:23:58 P. M. Log info
INFO: H0558 está en la zona común.
may 02, 2025 1:23:58 P. M. Log info
INFO: H0377 está en la zona común.
may 02, 2025 1:23:58 P. M. Log info
INFO: H0146 está en la zona común.
may 02, 2025 1:23:58 P. M. Log info
INFO: H0826 está en la zona común.
may 02, 2025 1:23:58 P. M. Log info
INFO: H0488 está en la zona común.
may 02, 2025 1:23:58 P. M. Log info
INFO: H0622 está en la zona común.
may 02, 2025 1:23:58 P. M. Log info
INFO: H0801 está en la zona común.
may 02, 2025 1:23:58 P. M. Log info
INFO: H0433 está en la zona común.
may 02, 2025 1:23:58 P. M. Log info
INFO: H0425 está en la zona común.
may 02, 2025 1:23:58 P. M. Log info
INFO: H0856 está en la zona común.
may 02, 2025 1:23:58 P. M. Log info
INFO: H0326 está en la zona común.
may 02, 2025 1:23:58 P. M. Log info
INFO: H0273 está en la zona común.
may 02, 2025 1:23:58 P. M. Log info
INFO: H0007 está en la zona común.
may 02, 2025 1:23:58 P. M. Log info
INFO: H0578 está en la zona común.
may 02, 2025 1:23:58 P. M. Log info
INFO: H0979 está en la zona común.
may 02, 2025 1:23:58 P. M. Log info
INFO: H0878 está en la zona común.
may 02, 2025 1:23:58 P. M. Log info
INFO: H0235 está en la zona común.
may 02, 2025 1:23:58 P. M. Log info
INFO: H0353 está en la zona común.
may 02, 2025 1:23:58 P. M. Log info
INFO: H0935 está en la zona común.
may 02, 2025 1:23:58 P. M. Log info
INFO: H0401 está en la zona común.
may 02, 2025 1:23:58 P. M. Log info
INFO: H0881 está en la zona común.
may 02, 2025 1:23:58 P. M. Log info
INFO: H0115 está en la zona común.
may 02, 2025 1:23:58 P. M. Log info
INFO: H0154 está en la zona común.
may 02, 2025 1:23:58 P. M. Log info
INFO: H0990 está en la zona común.
may 02, 2025 1:23:58 P. M. Log info
INFO: H0156 está en la zona común.
may 02, 2025 1:23:58 P. M. Log info
INFO: H0391 está en la zona común.
may 02, 2025 1:23:58 P. M. Log info
INFO: H0627 está en la zona común.
may 02, 2025 1:23:58 P. M. Log info
INFO: H0887 está en la zona común.
may 02, 2025 1:23:58 P. M. Log info
INFO: H0039 está en la zona común.
may 02, 2025 1:23:58 P. M. Log info
INFO: H0977 está en la zona común.
may 02, 2025 1:23:58 P. M. Log info
INFO: H0992 está en la zona común.
may 02, 2025 1:23:58 P. M. Log info
INFO: H0140 está en la zona común.
may 02, 2025 1:23:58 P. M. Log info
INFO: H0051 está en la zona común.
may 02, 2025 1:23:58 P. M. Log info
INFO: H0688 está en la zona común.
may 02, 2025 1:23:58 P. M. Log info
INFO: H0031 está en la zona común.
may 02, 2025 1:23:58 P. M. Log info
INFO: H0921 está en la zona común.
may 02, 2025 1:23:58 P. M. Log info
INFO: H0776 está en la zona común.
may 02, 2025 1:23:58 P. M. Log info
INFO: H0575 está en la zona común.
may 02, 2025 1:23:58 P. M. Log info
INFO: H0301 está en la zona común.
may 02, 2025 1:23:58 P. M. Log info
INFO: H0225 está en la zona común.
may 02, 2025 1:23:58 P. M. Log info
INFO: H0989 está en la zona común.
may 02, 2025 1:23:58 P. M. Log info
INFO: H0001 está en la zona común.
may 02, 2025 1:23:58 P. M. Log info
INFO: H0288 está en la zona común.
may 02, 2025 1:23:58 P. M. Log info
INFO: H0335 está en la zona común.
may 02, 2025 1:23:58 P. M. Log info
INFO: H0661 está en la zona común.
may 02, 2025 1:23:58 P. M. Log info
INFO: H0845 está en la zona común.
may 02, 2025 1:23:58 P. M. Log info
INFO: H0360 está en la zona común.
may 02, 2025 1:23:58 P. M. Log info
INFO: H0238 está en la zona común.
may 02, 2025 1:23:58 P. M. Log info
INFO: H0539 está en la zona común.
may 02, 2025 1:23:58 P. M. Log info
INFO: H0102 está en la zona común.
may 02, 2025 1:23:58 P. M. Log info
INFO: H0029 está en la zona común.
may 02, 2025 1:23:58 P. M. Log info
INFO: H0185 está en la zona común.
may 02, 2025 1:23:58 P. M. Log info
INFO: H0769 está en la zona común.
may 02, 2025 1:23:58 P. M. Log info
INFO: H0138 está en la zona común.
may 02, 2025 1:23:58 P. M. Log info
INFO: H0184 está en la zona común.
may 02, 2025 1:23:58 P. M. Log info
INFO: H0652 está en la zona común.
may 02, 2025 1:23:58 P. M. Log info
INFO: H0196 está en la zona común.
may 02, 2025 1:23:58 P. M. Log info
INFO: H0664 está en la zona común.
may 02, 2025 1:23:58 P. M. Log info
INFO: H0802 está en la zona común.
may 02, 2025 1:23:58 P. M. Log info
INFO: H0145 está en la zona común.
may 02, 2025 1:23:58 P. M. Log info
INFO: H0678 está en la zona común.
may 02, 2025 1:23:58 P. M. Log info
INFO: H0827 está en la zona común.
may 02, 2025 1:23:58 P. M. Log info
INFO: H0209 está en la zona común.
may 02, 2025 1:23:58 P. M. Log info
INFO: H0438 está en la zona común.
may 02, 2025 1:23:58 P. M. Log info
INFO: H0402 está en la zona común.
may 02, 2025 1:23:58 P. M. Log info
INFO: H0116 está en la zona común.
may 02, 2025 1:23:58 P. M. Log info
INFO: H0963 está en la zona común.
may 02, 2025 1:23:58 P. M. Log info
INFO: H0764 está en la zona común.
may 02, 2025 1:23:58 P. M. Log info
INFO: H0605 está en la zona común.
may 02, 2025 1:23:58 P. M. Log info
INFO: H0287 está en la zona común.
may 02, 2025 1:23:58 P. M. Log info
INFO: H0681 está en la zona común.
may 02, 2025 1:23:58 P. M. Log info
INFO: H0902 está en la zona común.
may 02, 2025 1:23:58 P. M. Log info
INFO: H0518 está en la zona común.
may 02, 2025 1:23:58 P. M. Log info
INFO: H0198 está en la zona común.
may 02, 2025 1:23:58 P. M. Log info
INFO: H0466 está en la zona común.
may 02, 2025 1:23:58 P. M. Log info
INFO: H0701 está en la zona común.
may 02, 2025 1:23:58 P. M. Log info
INFO: H0048 está en la zona común.
may 02, 2025 1:23:58 P. M. Log info
INFO: H0285 está en la zona común.
may 02, 2025 1:23:58 P. M. Log info
INFO: H0520 está en la zona común.
may 02, 2025 1:23:58 P. M. Log info
INFO: H0538 está en la zona común.
may 02, 2025 1:23:58 P. M. Log info
INFO: H0972 está en la zona común.
may 02, 2025 1:23:58 P. M. Log info
INFO: H0816 está en la zona común.
may 02, 2025 1:23:58 P. M. Log info
INFO: H0511 está en la zona común.
may 02, 2025 1:23:58 P. M. Log info
INFO: H0691 está en la zona común.
may 02, 2025 1:23:58 P. M. Log info
INFO: H0924 está en la zona común.
may 02, 2025 1:23:58 P. M. Log info
INFO: H0512 está en la zona común.
may 02, 2025 1:23:58 P. M. Log info
INFO: H0123 está en la zona común.
may 02, 2025 1:23:58 P. M. Log info
INFO: H0794 está en la zona común.
may 02, 2025 1:23:58 P. M. Log info
INFO: H0277 está en la zona común.
may 02, 2025 1:23:58 P. M. Log info
INFO: H0615 está en la zona común.
may 02, 2025 1:23:58 P. M. Log info
INFO: H0267 está en la zona común.
may 02, 2025 1:23:58 P. M. Log info
INFO: H0186 está en la zona común.
may 02, 2025 1:23:58 P. M. Log info
INFO: H0890 está en la zona común.
may 02, 2025 1:23:58 P. M. Log info
INFO: H0848 está en la zona común.
may 02, 2025 1:23:58 P. M. Log info
INFO: H0369 está en la zona común.
may 02, 2025 1:23:58 P. M. Log info
INFO: H0219 está en la zona común.
may 02, 2025 1:23:58 P. M. Log info
INFO: H0305 está en la zona común.
may 02, 2025 1:23:58 P. M. Log info
INFO: H0525 está en la zona común.
may 02, 2025 1:23:58 P. M. Log info
INFO: H0895 está en la zona común.
may 02, 2025 1:23:58 P. M. Log info
INFO: H0760 está en la zona común.
may 02, 2025 1:23:58 P. M. Log info
INFO: H0337 está en la zona común.
may 02, 2025 1:23:58 P. M. Log info
INFO: H0560 está en la zona común.
may 02, 2025 1:23:58 P. M. Log info
INFO: H0795 está en la zona común.
may 02, 2025 1:23:58 P. M. Log info
INFO: H0957 está en la zona común.
may 02, 2025 1:23:58 P. M. Log info
INFO: H0408 está en la zona común.
may 02, 2025 1:23:58 P. M. Log info
INFO: H0448 está en la zona común.
may 02, 2025 1:23:58 P. M. Log info
INFO: H0507 está en la zona común.
may 02, 2025 1:23:58 P. M. Log info
INFO: H0355 está en la zona común.
may 02, 2025 1:23:58 P. M. Log info
INFO: H0717 está en la zona común.
may 02, 2025 1:23:58 P. M. Log info
INFO: H0966 está en la zona común.
may 02, 2025 1:23:58 P. M. Log info
INFO: H0050 está en la zona común.
may 02, 2025 1:23:58 P. M. Log info
INFO: H0386 está en la zona común.
may 02, 2025 1:23:58 P. M. Log info
INFO: H0405 está en la zona común.
may 02, 2025 1:23:58 P. M. Log info
INFO: H0403 está en la zona común.
may 02, 2025 1:23:58 P. M. Log info
INFO: H0200 está en la zona común.
may 02, 2025 1:23:58 P. M. Log info
INFO: H0522 está en la zona común.
may 02, 2025 1:23:58 P. M. Log info
INFO: H0698 está en la zona común.
may 02, 2025 1:23:58 P. M. Log info
INFO: H0406 está en la zona común.
may 02, 2025 1:23:58 P. M. Log info
INFO: H0255 está en la zona común.
may 02, 2025 1:23:58 P. M. Log info
INFO: H0095 está en la zona común.
may 02, 2025 1:23:58 P. M. Log info
INFO: H0597 está en la zona común.
may 02, 2025 1:23:58 P. M. Log info
INFO: H0712 está en la zona común.
may 02, 2025 1:23:58 P. M. Log info
INFO: H0728 está en la zona común.
may 02, 2025 1:23:58 P. M. Log info
INFO: H0297 está en la zona común.
may 02, 2025 1:23:58 P. M. Log info
INFO: H0034 está en la zona común.
may 02, 2025 1:23:58 P. M. Log info
INFO: H0306 está en la zona común.
may 02, 2025 1:23:58 P. M. Log info
INFO: H0738 está en la zona común.
may 02, 2025 1:23:58 P. M. Log info
INFO: H0785 está en la zona común.
may 02, 2025 1:23:58 P. M. Log info
INFO: H0501 está en la zona común.
may 02, 2025 1:23:58 P. M. Log info
INFO: H0600 está en la zona común.
may 02, 2025 1:23:58 P. M. Log info
INFO: H0884 está en la zona común.
may 02, 2025 1:23:58 P. M. Log info
INFO: H0962 está en la zona común.
may 02, 2025 1:23:58 P. M. Log info
INFO: H0022 está en la zona común.
may 02, 2025 1:23:58 P. M. Log info
INFO: H0550 está en la zona común.
may 02, 2025 1:23:58 P. M. Log info
INFO: H0839 está en la zona común.
may 02, 2025 1:23:58 P. M. Log info
INFO: H0465 está en la zona común.
may 02, 2025 1:23:58 P. M. Log info
INFO: H0270 está en la zona común.
may 02, 2025 1:23:58 P. M. Log info
INFO: H0702 está en la zona común.
may 02, 2025 1:23:58 P. M. Log info
INFO: H0497 está en la zona común.
may 02, 2025 1:23:58 P. M. Log info
INFO: H0757 está en la zona común.
may 02, 2025 1:23:58 P. M. Log info
INFO: H0489 está en la zona común.
may 02, 2025 1:23:58 P. M. Log info
INFO: H0515 está en la zona común.
may 02, 2025 1:23:58 P. M. Log info
INFO: H0968 está en la zona común.
may 02, 2025 1:23:58 P. M. Log info
INFO: H0078 está en la zona común.
may 02, 2025 1:23:58 P. M. Log info
INFO: H0013 está en la zona común.
may 02, 2025 1:23:58 P. M. Log info
INFO: H0275 está en la zona común.
may 02, 2025 1:23:58 P. M. Log info
INFO: H0324 está en la zona común.
may 02, 2025 1:23:58 P. M. Log info
INFO: H0873 está en la zona común.
may 02, 2025 1:23:58 P. M. Log info
INFO: H0910 está en la zona común.
may 02, 2025 1:23:58 P. M. Log info
INFO: H0942 está en la zona común.
may 02, 2025 1:23:58 P. M. Log info
INFO: H0089 está en la zona común.
may 02, 2025 1:23:58 P. M. Log info
INFO: H0214 está en la zona común.
may 02, 2025 1:23:58 P. M. Log info
INFO: H0870 está en la zona común.
may 02, 2025 1:23:58 P. M. Log info
INFO: H0790 está en la zona común.
may 02, 2025 1:23:58 P. M. Log info
INFO: H0444 está en la zona común.
may 02, 2025 1:23:58 P. M. Log info
INFO: H0230 está en la zona común.
may 02, 2025 1:23:58 P. M. Log info
INFO: H0005 está en la zona común.
may 02, 2025 1:23:58 P. M. Log info
INFO: H0527 está en la zona común.
may 02, 2025 1:23:58 P. M. Log info
INFO: H0204 está en la zona común.
may 02, 2025 1:23:58 P. M. Log info
INFO: H0032 está en la zona común.
may 02, 2025 1:23:58 P. M. Log info
INFO: H0065 está en la zona común.
may 02, 2025 1:23:58 P. M. Log info
INFO: H0026 está en la zona común.
may 02, 2025 1:23:58 P. M. Log info
INFO: H0244 está en la zona común.
may 02, 2025 1:23:58 P. M. Log info
INFO: H0817 está en la zona común.
may 02, 2025 1:23:58 P. M. Log info
INFO: H0772 está en la zona común.
may 02, 2025 1:23:58 P. M. Log info
INFO: H0044 está en la zona común.
may 02, 2025 1:23:58 P. M. Log info
INFO: H0206 está en la zona común.
may 02, 2025 1:23:58 P. M. Log info
INFO: H0747 está en la zona común.
may 02, 2025 1:23:58 P. M. Log info
INFO: H0482 está en la zona común.
may 02, 2025 1:23:58 P. M. Log info
INFO: H0208 está en la zona común.
may 02, 2025 1:23:58 P. M. Log info
INFO: H0933 está en la zona común.
may 02, 2025 1:23:58 P. M. Log info
INFO: H0595 está en la zona común.
may 02, 2025 1:23:58 P. M. Log info
INFO: H0436 está en la zona común.
may 02, 2025 1:23:58 P. M. Log info
INFO: H0591 está en la zona común.
may 02, 2025 1:23:58 P. M. Log info
INFO: H0940 está en la zona común.
may 02, 2025 1:23:58 P. M. Log info
INFO: H0016 está en la zona común.
may 02, 2025 1:23:58 P. M. Log info
INFO: H0417 está en la zona común.
may 02, 2025 1:23:58 P. M. Log info
INFO: H0063 está en la zona común.
may 02, 2025 1:23:58 P. M. Log info
INFO: H0531 está en la zona común.
may 02, 2025 1:23:58 P. M. Log info
INFO: H0732 está en la zona común.
may 02, 2025 1:23:58 P. M. Log info
INFO: H0141 está en la zona común.
may 02, 2025 1:23:58 P. M. Log info
INFO: H0561 está en la zona común.
may 02, 2025 1:23:58 P. M. Log info
INFO: H0590 está en la zona común.
may 02, 2025 1:23:58 P. M. Log info
INFO: H0674 está en la zona común.
may 02, 2025 1:23:58 P. M. Log info
INFO: H0908 está en la zona común.
may 02, 2025 1:23:58 P. M. Log info
INFO: H0126 está en la zona común.
may 02, 2025 1:23:58 P. M. Log info
INFO: H0660 está en la zona común.
may 02, 2025 1:23:58 P. M. Log info
INFO: H0633 está en la zona común.
may 02, 2025 1:23:58 P. M. Log info
INFO: H0178 está en la zona común.
may 02, 2025 1:23:58 P. M. Log info
INFO: H0670 está en la zona común.
may 02, 2025 1:23:58 P. M. Log info
INFO: H0504 está en la zona común.
may 02, 2025 1:23:58 P. M. Log info
INFO: H0582 está en la zona común.
may 02, 2025 1:23:58 P. M. Log info
INFO: H0906 está en la zona común.
may 02, 2025 1:23:58 P. M. Log info
INFO: H0096 está en la zona común.
may 02, 2025 1:23:58 P. M. Log info
INFO: H0905 está en la zona común.
may 02, 2025 1:23:58 P. M. Log info
INFO: H0037 está en la zona común.
may 02, 2025 1:23:58 P. M. Log info
INFO: H0024 está en la zona común.
may 02, 2025 1:23:58 P. M. Log info
INFO: H0559 está en la zona común.
may 02, 2025 1:23:58 P. M. Log info
INFO: H0254 está en la zona común.
may 02, 2025 1:23:58 P. M. Log info
INFO: H0410 está en la zona común.
may 02, 2025 1:23:58 P. M. Log info
INFO: H0616 está en la zona común.
may 02, 2025 1:23:58 P. M. Log info
INFO: H0657 está en la zona común.
may 02, 2025 1:23:58 P. M. Log info
INFO: H0456 está en la zona común.
may 02, 2025 1:23:58 P. M. Log info
INFO: H0027 está en la zona común.
may 02, 2025 1:23:58 P. M. Log info
INFO: H0328 está en la zona común.
may 02, 2025 1:23:58 P. M. Log info
INFO: H0241 está en la zona común.
may 02, 2025 1:23:58 P. M. Log info
INFO: H0771 está en la zona común.
may 02, 2025 1:23:58 P. M. Log info
INFO: H0009 está en la zona común.
may 02, 2025 1:23:58 P. M. Log info
INFO: H0414 está en la zona común.
may 02, 2025 1:23:58 P. M. Log info
INFO: H0177 está en la zona común.
may 02, 2025 1:23:58 P. M. Log info
INFO: H0941 está en la zona común.
may 02, 2025 1:23:58 P. M. Log info
INFO: H0329 está en la zona común.
may 02, 2025 1:23:58 P. M. Log info
INFO: H0912 está en la zona común.
may 02, 2025 1:23:58 P. M. Log info
INFO: H0985 está en la zona común.
may 02, 2025 1:23:58 P. M. Log info
INFO: H0917 está en la zona común.
may 02, 2025 1:23:58 P. M. Log info
INFO: H0257 está en la zona común.
may 02, 2025 1:23:58 P. M. Log info
INFO: H0782 está en la zona común.
may 02, 2025 1:23:58 P. M. Log info
INFO: H0093 está en la zona común.
may 02, 2025 1:23:58 P. M. Log info
INFO: H0364 está en la zona común.
may 02, 2025 1:23:58 P. M. Log info
INFO: H0716 está en la zona común.
may 02, 2025 1:23:58 P. M. Log info
INFO: H0708 está en la zona común.
may 02, 2025 1:23:58 P. M. Log info
INFO: H0345 está en la zona común.
may 02, 2025 1:23:58 P. M. Log info
INFO: H0442 está en la zona común.
may 02, 2025 1:23:58 P. M. Log info
INFO: H0491 está en la zona común.
may 02, 2025 1:23:58 P. M. Log info
INFO: H0618 está en la zona común.
may 02, 2025 1:23:58 P. M. Log info
INFO: H0809 está en la zona común.
may 02, 2025 1:23:58 P. M. Log info
INFO: H0043 está en la zona común.
may 02, 2025 1:23:58 P. M. Log info
INFO: H0336 está en la zona común.
may 02, 2025 1:23:58 P. M. Log info
INFO: H0468 está en la zona común.
may 02, 2025 1:23:58 P. M. Log info
INFO: H0242 está en la zona común.
may 02, 2025 1:23:58 P. M. Log info
INFO: H0475 está en la zona común.
may 02, 2025 1:23:58 P. M. Log info
INFO: H0122 está en la zona común.
may 02, 2025 1:23:58 P. M. Log info
INFO: H0529 está en la zona común.
may 02, 2025 1:23:58 P. M. Log info
INFO: H0840 está en la zona común.
may 02, 2025 1:23:58 P. M. Log info
INFO: H0151 está en la zona común.
may 02, 2025 1:23:58 P. M. Log info
INFO: H0965 está en la zona común.
may 02, 2025 1:23:58 P. M. Log info
INFO: H0279 está en la zona común.
may 02, 2025 1:23:58 P. M. Log info
INFO: H0294 está en la zona común.
may 02, 2025 1:23:58 P. M. Log info
INFO: H0493 está en la zona común.
may 02, 2025 1:23:58 P. M. Log info
INFO: H0265 está en la zona común.
may 02, 2025 1:23:58 P. M. Log info
INFO: H0829 está en la zona común.
may 02, 2025 1:23:58 P. M. Log info
INFO: H0008 está en la zona común.
may 02, 2025 1:23:58 P. M. Log info
INFO: H0446 está en la zona común.
may 02, 2025 1:23:58 P. M. Log info
INFO: H0092 está en la zona común.
may 02, 2025 1:23:58 P. M. Log info
INFO: H0234 está esperando para salir en el túnel 0
may 02, 2025 1:23:58 P. M. Log info
INFO: H0001 está en la zona común.
may 02, 2025 1:23:59 P. M. Log info
INFO: H0000 está esperando para salir en el túnel 1
may 02, 2025 1:28:30 P. M. Log info
INFO: H0088 está en la zona común.
may 02, 2025 1:28:30 P. M. Log info
INFO: H0013 está en la zona común.
may 02, 2025 1:28:30 P. M. Log info
INFO: H0068 está en la zona común.
may 02, 2025 1:28:30 P. M. Log info
INFO: H0275 está en la zona común.
may 02, 2025 1:28:30 P. M. Log info
INFO: H0080 está en la zona común.
may 02, 2025 1:28:30 P. M. Log info
INFO: H0000 está en la zona común.
may 02, 2025 1:28:30 P. M. Log info
INFO: H0027 está en la zona común.
may 02, 2025 1:28:30 P. M. Log info
INFO: H0214 está en la zona común.
may 02, 2025 1:28:30 P. M. Log info
INFO: H0402 está en la zona común.
may 02, 2025 1:28:30 P. M. Log info
INFO: H0310 está en la zona común.
may 02, 2025 1:28:30 P. M. Log info
INFO: H0422 está en la zona común.
may 02, 2025 1:28:30 P. M. Log info
INFO: H0385 está en la zona común.
may 02, 2025 1:28:30 P. M. Log info
INFO: H0041 está en la zona común.
may 02, 2025 1:28:30 P. M. Log info
INFO: H0414 está en la zona común.
may 02, 2025 1:28:30 P. M. Log info
INFO: H0293 está en la zona común.
may 02, 2025 1:28:30 P. M. Log info
INFO: H0251 está en la zona común.
may 02, 2025 1:28:30 P. M. Log info
INFO: H0474 está en la zona común.
may 02, 2025 1:28:30 P. M. Log info
INFO: H0238 está en la zona común.
may 02, 2025 1:28:30 P. M. Log info
INFO: H0070 está en la zona común.
may 02, 2025 1:28:30 P. M. Log info
INFO: H0284 está en la zona común.
may 02, 2025 1:28:30 P. M. Log info
INFO: H0346 está en la zona común.
may 02, 2025 1:28:30 P. M. Log info
INFO: H0306 está en la zona común.
may 02, 2025 1:28:30 P. M. Log info
INFO: H0077 está en la zona común.
may 02, 2025 1:28:30 P. M. Log info
INFO: H0170 está en la zona común.
may 02, 2025 1:28:30 P. M. Log info
INFO: H0000 está en la zona común.
may 02, 2025 1:28:30 P. M. Log info
INFO: H0473 está en la zona común.
may 02, 2025 1:28:30 P. M. Log info
INFO: H0168 está en la zona común.
may 02, 2025 1:28:30 P. M. Log info
INFO: H0155 está en la zona común.
may 02, 2025 1:28:30 P. M. Log info
INFO: H0362 está en la zona común.
may 02, 2025 1:28:30 P. M. Log info
INFO: H0169 está en la zona común.
may 02, 2025 1:28:30 P. M. Log info
INFO: H0562 está en la zona común.
may 02, 2025 1:28:30 P. M. Log info
INFO: H0714 está en la zona común.
may 02, 2025 1:28:30 P. M. Log info
INFO: H0061 está en la zona común.
may 02, 2025 1:28:30 P. M. Log info
INFO: H0054 está en la zona común.
may 02, 2025 1:28:30 P. M. Log info
INFO: H0509 está en la zona común.
may 02, 2025 1:28:30 P. M. Log info
INFO: H0264 está en la zona común.
may 02, 2025 1:28:30 P. M. Log info
INFO: H0560 está en la zona común.
may 02, 2025 1:28:30 P. M. Log info
INFO: H0079 está en la zona común.
may 02, 2025 1:28:30 P. M. Log info
INFO: H0330 está en la zona común.
may 02, 2025 1:28:30 P. M. Log info
INFO: H0400 está en la zona común.
may 02, 2025 1:28:30 P. M. Log info
INFO: H0147 está en la zona común.
may 02, 2025 1:28:30 P. M. Log info
INFO: H0390 está en la zona común.
may 02, 2025 1:28:30 P. M. Log info
INFO: H0032 está en la zona común.
may 02, 2025 1:28:30 P. M. Log info
INFO: H0247 está en la zona común.
may 02, 2025 1:28:30 P. M. Log info
INFO: H0681 está en la zona común.
may 02, 2025 1:28:30 P. M. Log info
INFO: H0564 está en la zona común.
may 02, 2025 1:28:30 P. M. Log info
INFO: H0355 está en la zona común.
may 02, 2025 1:28:30 P. M. Log info
INFO: H0605 está en la zona común.
may 02, 2025 1:28:30 P. M. Log info
INFO: H0004 está en la zona común.
may 02, 2025 1:28:30 P. M. Log info
INFO: H0353 está en la zona común.
may 02, 2025 1:28:30 P. M. Log info
INFO: H0616 está en la zona común.
may 02, 2025 1:28:30 P. M. Log info
INFO: H0368 está en la zona común.
may 02, 2025 1:28:30 P. M. Log info
INFO: H0848 está en la zona común.
may 02, 2025 1:28:30 P. M. Log info
INFO: H0646 está en la zona común.
may 02, 2025 1:28:30 P. M. Log info
INFO: H0175 está en la zona común.
may 02, 2025 1:28:30 P. M. Log info
INFO: H0203 está en la zona común.
may 02, 2025 1:28:30 P. M. Log info
INFO: H0210 está en la zona común.
may 02, 2025 1:28:30 P. M. Log info
INFO: H0847 está en la zona común.
may 02, 2025 1:28:30 P. M. Log info
INFO: H0172 está en la zona común.
may 02, 2025 1:28:30 P. M. Log info
INFO: H0729 está en la zona común.
may 02, 2025 1:28:30 P. M. Log info
INFO: H0265 está en la zona común.
may 02, 2025 1:28:30 P. M. Log info
INFO: H0367 está en la zona común.
may 02, 2025 1:28:31 P. M. Log info
INFO: H0544 está en la zona común.
may 02, 2025 1:28:31 P. M. Log info
INFO: H0892 está en la zona común.
may 02, 2025 1:28:31 P. M. Log info
INFO: H0186 está en la zona común.
may 02, 2025 1:28:31 P. M. Log info
INFO: H0446 está en la zona común.
may 02, 2025 1:28:31 P. M. Log info
INFO: H0750 está en la zona común.
may 02, 2025 1:28:31 P. M. Log info
INFO: H0081 está en la zona común.
may 02, 2025 1:28:31 P. M. Log info
INFO: H0048 está en la zona común.
may 02, 2025 1:28:31 P. M. Log info
INFO: H0538 está en la zona común.
may 02, 2025 1:28:31 P. M. Log info
INFO: H0497 está en la zona común.
may 02, 2025 1:28:31 P. M. Log info
INFO: H0502 está en la zona común.
may 02, 2025 1:28:31 P. M. Log info
INFO: H0822 está en la zona común.
may 02, 2025 1:28:31 P. M. Log info
INFO: H0519 está en la zona común.
may 02, 2025 1:28:31 P. M. Log info
INFO: H0370 está en la zona común.
may 02, 2025 1:28:31 P. M. Log info
INFO: H0520 está en la zona común.
may 02, 2025 1:28:31 P. M. Log info
INFO: H0767 está en la zona común.
may 02, 2025 1:28:31 P. M. Log info
INFO: H0753 está en la zona común.
may 02, 2025 1:28:31 P. M. Log info
INFO: H0173 está en la zona común.
may 02, 2025 1:28:31 P. M. Log info
INFO: H0182 está en la zona común.
may 02, 2025 1:28:31 P. M. Log info
INFO: H0475 está en la zona común.
may 02, 2025 1:28:31 P. M. Log info
INFO: H0898 está en la zona común.
may 02, 2025 1:28:31 P. M. Log info
INFO: H0688 está en la zona común.
may 02, 2025 1:28:31 P. M. Log info
INFO: H0403 está en la zona común.
may 02, 2025 1:28:31 P. M. Log info
INFO: H0298 está en la zona común.
may 02, 2025 1:28:31 P. M. Log info
INFO: H0623 está en la zona común.
may 02, 2025 1:28:31 P. M. Log info
INFO: H0545 está en la zona común.
may 02, 2025 1:28:31 P. M. Log info
INFO: H0136 está en la zona común.
may 02, 2025 1:28:31 P. M. Log info
INFO: H0650 está en la zona común.
may 02, 2025 1:28:31 P. M. Log info
INFO: H0324 está en la zona común.
may 02, 2025 1:28:31 P. M. Log info
INFO: H0249 está en la zona común.
may 02, 2025 1:28:31 P. M. Log info
INFO: H0314 está en la zona común.
may 02, 2025 1:28:31 P. M. Log info
INFO: H0340 está en la zona común.
may 02, 2025 1:28:31 P. M. Log info
INFO: H0130 está en la zona común.
may 02, 2025 1:28:31 P. M. Log info
INFO: H0140 está en la zona común.
may 02, 2025 1:28:31 P. M. Log info
INFO: H0283 está en la zona común.
may 02, 2025 1:28:31 P. M. Log info
INFO: H0072 está en la zona común.
may 02, 2025 1:28:31 P. M. Log info
INFO: H0191 está en la zona común.
may 02, 2025 1:28:31 P. M. Log info
INFO: H0989 está en la zona común.
may 02, 2025 1:28:31 P. M. Log info
INFO: H0299 está en la zona común.
may 02, 2025 1:28:31 P. M. Log info
INFO: H0277 está en la zona común.
may 02, 2025 1:28:31 P. M. Log info
INFO: H0157 está en la zona común.
may 02, 2025 1:28:31 P. M. Log info
INFO: H0731 está en la zona común.
may 02, 2025 1:28:31 P. M. Log info
INFO: H0649 está en la zona común.
may 02, 2025 1:28:31 P. M. Log info
INFO: H0579 está en la zona común.
may 02, 2025 1:28:31 P. M. Log info
INFO: H0875 está en la zona común.
may 02, 2025 1:28:31 P. M. Log info
INFO: H0854 está en la zona común.
may 02, 2025 1:28:31 P. M. Log info
INFO: H0213 está en la zona común.
may 02, 2025 1:28:31 P. M. Log info
INFO: H0125 está en la zona común.
may 02, 2025 1:28:31 P. M. Log info
INFO: H0378 está en la zona común.
may 02, 2025 1:28:31 P. M. Log info
INFO: H0880 está en la zona común.
may 02, 2025 1:28:31 P. M. Log info
INFO: H0359 está en la zona común.
may 02, 2025 1:28:31 P. M. Log info
INFO: H0452 está en la zona común.
may 02, 2025 1:28:31 P. M. Log info
INFO: H0637 está en la zona común.
may 02, 2025 1:28:31 P. M. Log info
INFO: H0654 está en la zona común.
may 02, 2025 1:28:31 P. M. Log info
INFO: H0678 está en la zona común.
may 02, 2025 1:28:31 P. M. Log info
INFO: H0798 está en la zona común.
may 02, 2025 1:28:31 P. M. Log info
INFO: H0943 está en la zona común.
may 02, 2025 1:28:31 P. M. Log info
INFO: H0111 está en la zona común.
may 02, 2025 1:28:31 P. M. Log info
INFO: H0732 está en la zona común.
may 02, 2025 1:28:31 P. M. Log info
INFO: H0209 está en la zona común.
may 02, 2025 1:28:31 P. M. Log info
INFO: H0881 está en la zona común.
may 02, 2025 1:28:31 P. M. Log info
INFO: H0814 está en la zona común.
may 02, 2025 1:28:31 P. M. Log info
INFO: H0739 está en la zona común.
may 02, 2025 1:28:31 P. M. Log info
INFO: H0686 está en la zona común.
may 02, 2025 1:28:31 P. M. Log info
INFO: H0043 está en la zona común.
may 02, 2025 1:28:31 P. M. Log info
INFO: H0090 está en la zona común.
may 02, 2025 1:28:31 P. M. Log info
INFO: H0149 está en la zona común.
may 02, 2025 1:28:31 P. M. Log info
INFO: H0317 está en la zona común.
may 02, 2025 1:28:31 P. M. Log info
INFO: H0201 está en la zona común.
may 02, 2025 1:28:31 P. M. Log info
INFO: H0046 está en la zona común.
may 02, 2025 1:28:31 P. M. Log info
INFO: H0110 está en la zona común.
may 02, 2025 1:28:31 P. M. Log info
INFO: H0635 está en la zona común.
may 02, 2025 1:28:31 P. M. Log info
INFO: H0493 está en la zona común.
may 02, 2025 1:28:31 P. M. Log info
INFO: H0208 está en la zona común.
may 02, 2025 1:28:31 P. M. Log info
INFO: H0868 está en la zona común.
may 02, 2025 1:28:31 P. M. Log info
INFO: H0384 está en la zona común.
may 02, 2025 1:28:31 P. M. Log info
INFO: H0877 está en la zona común.
may 02, 2025 1:28:31 P. M. Log info
INFO: H0327 está en la zona común.
may 02, 2025 1:28:31 P. M. Log info
INFO: H0802 está en la zona común.
may 02, 2025 1:28:31 P. M. Log info
INFO: H0775 está en la zona común.
may 02, 2025 1:28:31 P. M. Log info
INFO: H0316 está en la zona común.
may 02, 2025 1:28:31 P. M. Log info
INFO: H0569 está en la zona común.
may 02, 2025 1:28:31 P. M. Log info
INFO: H0554 está en la zona común.
may 02, 2025 1:28:31 P. M. Log info
INFO: H0835 está en la zona común.
may 02, 2025 1:28:31 P. M. Log info
INFO: H0127 está en la zona común.
may 02, 2025 1:28:31 P. M. Log info
INFO: H0524 está en la zona común.
may 02, 2025 1:28:31 P. M. Log info
INFO: H0651 está en la zona común.
may 02, 2025 1:28:31 P. M. Log info
INFO: H0006 está en la zona común.
may 02, 2025 1:28:31 P. M. Log info
INFO: H0850 está en la zona común.
may 02, 2025 1:28:31 P. M. Log info
INFO: H0243 está en la zona común.
may 02, 2025 1:28:31 P. M. Log info
INFO: H0913 está en la zona común.
may 02, 2025 1:28:31 P. M. Log info
INFO: H0423 está en la zona común.
may 02, 2025 1:28:31 P. M. Log info
INFO: H0078 está en la zona común.
may 02, 2025 1:28:31 P. M. Log info
INFO: H0308 está en la zona común.
may 02, 2025 1:28:31 P. M. Log info
INFO: H0089 está en la zona común.
may 02, 2025 1:28:31 P. M. Log info
INFO: H0388 está en la zona común.
may 02, 2025 1:28:31 P. M. Log info
INFO: H0695 está en la zona común.
may 02, 2025 1:28:31 P. M. Log info
INFO: H0179 está en la zona común.
may 02, 2025 1:28:31 P. M. Log info
INFO: H0588 está en la zona común.
may 02, 2025 1:28:31 P. M. Log info
INFO: H0548 está en la zona común.
may 02, 2025 1:28:31 P. M. Log info
INFO: H0507 está en la zona común.
may 02, 2025 1:28:31 P. M. Log info
INFO: H0845 está en la zona común.
may 02, 2025 1:28:31 P. M. Log info
INFO: H0568 está en la zona común.
may 02, 2025 1:28:31 P. M. Log info
INFO: H0138 está en la zona común.
may 02, 2025 1:28:31 P. M. Log info
INFO: H0436 está en la zona común.
may 02, 2025 1:28:31 P. M. Log info
INFO: H0747 está en la zona común.
may 02, 2025 1:28:31 P. M. Log info
INFO: H0242 está en la zona común.
may 02, 2025 1:28:31 P. M. Log info
INFO: H0156 está en la zona común.
may 02, 2025 1:28:31 P. M. Log info
INFO: H0410 está en la zona común.
may 02, 2025 1:28:31 P. M. Log info
INFO: H0510 está en la zona común.
may 02, 2025 1:28:31 P. M. Log info
INFO: H0893 está en la zona común.
may 02, 2025 1:28:31 P. M. Log info
INFO: H0599 está en la zona común.
may 02, 2025 1:28:31 P. M. Log info
INFO: H0276 está en la zona común.
may 02, 2025 1:28:31 P. M. Log info
INFO: H0151 está en la zona común.
may 02, 2025 1:28:31 P. M. Log info
INFO: H0219 está en la zona común.
may 02, 2025 1:28:31 P. M. Log info
INFO: H0067 está en la zona común.
may 02, 2025 1:28:31 P. M. Log info
INFO: H0542 está en la zona común.
may 02, 2025 1:28:31 P. M. Log info
INFO: H0918 está en la zona común.
may 02, 2025 1:28:31 P. M. Log info
INFO: H0690 está en la zona común.
may 02, 2025 1:28:31 P. M. Log info
INFO: H0634 está en la zona común.
may 02, 2025 1:28:31 P. M. Log info
INFO: H0270 está en la zona común.
may 02, 2025 1:28:31 P. M. Log info
INFO: H0222 está en la zona común.
may 02, 2025 1:28:31 P. M. Log info
INFO: H0575 está en la zona común.
may 02, 2025 1:28:31 P. M. Log info
INFO: H0211 está en la zona común.
may 02, 2025 1:28:31 P. M. Log info
INFO: H0030 está en la zona común.
may 02, 2025 1:28:31 P. M. Log info
INFO: H0647 está en la zona común.
may 02, 2025 1:28:31 P. M. Log info
INFO: H0641 está en la zona común.
may 02, 2025 1:28:31 P. M. Log info
INFO: H0857 está en la zona común.
may 02, 2025 1:28:31 P. M. Log info
INFO: H0189 está en la zona común.
may 02, 2025 1:28:31 P. M. Log info
INFO: H0757 está en la zona común.
may 02, 2025 1:28:31 P. M. Log info
INFO: H0304 está en la zona común.
may 02, 2025 1:28:31 P. M. Log info
INFO: H0345 está en la zona común.
may 02, 2025 1:28:31 P. M. Log info
INFO: H0472 está en la zona común.
may 02, 2025 1:28:31 P. M. Log info
INFO: H0024 está en la zona común.
may 02, 2025 1:28:31 P. M. Log info
INFO: H0383 está en la zona común.
may 02, 2025 1:28:31 P. M. Log info
INFO: H0963 está en la zona común.
may 02, 2025 1:28:31 P. M. Log info
INFO: H0212 está en la zona común.
may 02, 2025 1:28:31 P. M. Log info
INFO: H0377 está en la zona común.
may 02, 2025 1:28:31 P. M. Log info
INFO: H0334 está en la zona común.
may 02, 2025 1:28:31 P. M. Log info
INFO: H0919 está en la zona común.
may 02, 2025 1:28:31 P. M. Log info
INFO: H0601 está en la zona común.
may 02, 2025 1:28:31 P. M. Log info
INFO: H0911 está en la zona común.
may 02, 2025 1:28:31 P. M. Log info
INFO: H0643 está en la zona común.
may 02, 2025 1:28:31 P. M. Log info
INFO: H0465 está en la zona común.
may 02, 2025 1:28:31 P. M. Log info
INFO: H0468 está en la zona común.
may 02, 2025 1:28:31 P. M. Log info
INFO: H0903 está en la zona común.
may 02, 2025 1:28:31 P. M. Log info
INFO: H0484 está en la zona común.
may 02, 2025 1:28:31 P. M. Log info
INFO: H0928 está en la zona común.
may 02, 2025 1:28:31 P. M. Log info
INFO: H0748 está en la zona común.
may 02, 2025 1:28:31 P. M. Log info
INFO: H0670 está en la zona común.
may 02, 2025 1:28:31 P. M. Log info
INFO: H0964 está en la zona común.
may 02, 2025 1:28:31 P. M. Log info
INFO: H0386 está en la zona común.
may 02, 2025 1:28:31 P. M. Log info
INFO: H0225 está en la zona común.
may 02, 2025 1:28:31 P. M. Log info
INFO: H0482 está en la zona común.
may 02, 2025 1:28:31 P. M. Log info
INFO: H0990 está en la zona común.
may 02, 2025 1:28:31 P. M. Log info
INFO: H0254 está en la zona común.
may 02, 2025 1:28:31 P. M. Log info
INFO: H0481 está en la zona común.
may 02, 2025 1:28:31 P. M. Log info
INFO: H0640 está en la zona común.
may 02, 2025 1:28:31 P. M. Log info
INFO: H0708 está en la zona común.
may 02, 2025 1:28:31 P. M. Log info
INFO: H0154 está en la zona común.
may 02, 2025 1:28:31 P. M. Log info
INFO: H0611 está en la zona común.
may 02, 2025 1:28:31 P. M. Log info
INFO: H0941 está en la zona común.
may 02, 2025 1:28:31 P. M. Log info
INFO: H0259 está en la zona común.
may 02, 2025 1:28:31 P. M. Log info
INFO: H0133 está en la zona común.
may 02, 2025 1:28:31 P. M. Log info
INFO: H0220 está en la zona común.
may 02, 2025 1:28:31 P. M. Log info
INFO: H0305 está en la zona común.
may 02, 2025 1:28:31 P. M. Log info
INFO: H0087 está en la zona común.
may 02, 2025 1:28:31 P. M. Log info
INFO: H0540 está en la zona común.
may 02, 2025 1:28:31 P. M. Log info
INFO: H0366 está en la zona común.
may 02, 2025 1:28:31 P. M. Log info
INFO: H0843 está en la zona común.
may 02, 2025 1:28:31 P. M. Log info
INFO: H0758 está en la zona común.
may 02, 2025 1:28:31 P. M. Log info
INFO: H0656 está en la zona común.
may 02, 2025 1:28:31 P. M. Log info
INFO: H0319 está en la zona común.
may 02, 2025 1:28:31 P. M. Log info
INFO: H0584 está en la zona común.
may 02, 2025 1:28:31 P. M. Log info
INFO: H0975 está en la zona común.
may 02, 2025 1:28:31 P. M. Log info
INFO: H0992 está en la zona común.
may 02, 2025 1:28:31 P. M. Log info
INFO: H0107 está en la zona común.
may 02, 2025 1:28:31 P. M. Log info
INFO: H0728 está en la zona común.
may 02, 2025 1:28:31 P. M. Log info
INFO: H0415 está en la zona común.
may 02, 2025 1:28:31 P. M. Log info
INFO: H0176 está en la zona común.
may 02, 2025 1:28:31 P. M. Log info
INFO: H0796 está en la zona común.
may 02, 2025 1:28:31 P. M. Log info
INFO: H0844 está en la zona común.
may 02, 2025 1:28:31 P. M. Log info
INFO: H0235 está en la zona común.
may 02, 2025 1:28:31 P. M. Log info
INFO: H0433 está en la zona común.
may 02, 2025 1:28:31 P. M. Log info
INFO: H0218 está en la zona común.
may 02, 2025 1:28:31 P. M. Log info
INFO: H0495 está en la zona común.
may 02, 2025 1:28:31 P. M. Log info
INFO: H0301 está en la zona común.
may 02, 2025 1:28:31 P. M. Log info
INFO: H0429 está en la zona común.
may 02, 2025 1:28:31 P. M. Log info
INFO: H0718 está en la zona común.
may 02, 2025 1:28:31 P. M. Log info
INFO: H0055 está en la zona común.
may 02, 2025 1:28:31 P. M. Log info
INFO: H0766 está en la zona común.
may 02, 2025 1:28:31 P. M. Log info
INFO: H0669 está en la zona común.
may 02, 2025 1:28:31 P. M. Log info
INFO: H0063 está en la zona común.
may 02, 2025 1:28:31 P. M. Log info
INFO: H0394 está en la zona común.
may 02, 2025 1:28:31 P. M. Log info
INFO: H0177 está en la zona común.
may 02, 2025 1:28:31 P. M. Log info
INFO: H0039 está en la zona común.
may 02, 2025 1:28:31 P. M. Log info
INFO: H0268 está en la zona común.
may 02, 2025 1:28:31 P. M. Log info
INFO: H0115 está en la zona común.
may 02, 2025 1:28:31 P. M. Log info
INFO: H0721 está en la zona común.
may 02, 2025 1:28:31 P. M. Log info
INFO: H0652 está en la zona común.
may 02, 2025 1:28:31 P. M. Log info
INFO: H0135 está en la zona común.
may 02, 2025 1:28:31 P. M. Log info
INFO: H0962 está en la zona común.
may 02, 2025 1:28:31 P. M. Log info
INFO: H0550 está en la zona común.
may 02, 2025 1:28:31 P. M. Log info
INFO: H0239 está en la zona común.
may 02, 2025 1:28:31 P. M. Log info
INFO: H0969 está en la zona común.
may 02, 2025 1:28:31 P. M. Log info
INFO: H0399 está en la zona común.
may 02, 2025 1:28:31 P. M. Log info
INFO: H0371 está en la zona común.
may 02, 2025 1:28:31 P. M. Log info
INFO: H0159 está en la zona común.
may 02, 2025 1:28:31 P. M. Log info
INFO: H0603 está en la zona común.
may 02, 2025 1:28:31 P. M. Log info
INFO: H0826 está en la zona común.
may 02, 2025 1:28:31 P. M. Log info
INFO: H0805 está en la zona común.
may 02, 2025 1:28:31 P. M. Log info
INFO: H0051 está en la zona común.
may 02, 2025 1:28:31 P. M. Log info
INFO: H0704 está en la zona común.
may 02, 2025 1:28:31 P. M. Log info
INFO: H0586 está en la zona común.
may 02, 2025 1:28:31 P. M. Log info
INFO: H0537 está en la zona común.
may 02, 2025 1:28:31 P. M. Log info
INFO: H0462 está en la zona común.
may 02, 2025 1:28:31 P. M. Log info
INFO: H0905 está en la zona común.
may 02, 2025 1:28:31 P. M. Log info
INFO: H0009 está en la zona común.
may 02, 2025 1:28:31 P. M. Log info
INFO: H0364 está en la zona común.
may 02, 2025 1:28:31 P. M. Log info
INFO: H0973 está en la zona común.
may 02, 2025 1:28:31 P. M. Log info
INFO: H0709 está en la zona común.
may 02, 2025 1:28:31 P. M. Log info
INFO: H0253 está en la zona común.
may 02, 2025 1:28:31 P. M. Log info
INFO: H0139 está en la zona común.
may 02, 2025 1:28:31 P. M. Log info
INFO: H0873 está en la zona común.
may 02, 2025 1:28:31 P. M. Log info
INFO: H0246 está en la zona común.
may 02, 2025 1:28:31 P. M. Log info
INFO: H0097 está en la zona común.
may 02, 2025 1:28:31 P. M. Log info
INFO: H0765 está en la zona común.
may 02, 2025 1:28:31 P. M. Log info
INFO: H0444 está en la zona común.
may 02, 2025 1:28:31 P. M. Log info
INFO: H0999 está en la zona común.
may 02, 2025 1:28:31 P. M. Log info
INFO: H0667 está en la zona común.
may 02, 2025 1:28:31 P. M. Log info
INFO: H0863 está en la zona común.
may 02, 2025 1:28:31 P. M. Log info
INFO: H0581 está en la zona común.
may 02, 2025 1:28:31 P. M. Log info
INFO: H0234 está en la zona común.
may 02, 2025 1:28:31 P. M. Log info
INFO: H0271 está en la zona común.
may 02, 2025 1:28:31 P. M. Log info
INFO: H0288 está en la zona común.
may 02, 2025 1:28:31 P. M. Log info
INFO: H0578 está en la zona común.
may 02, 2025 1:28:31 P. M. Log info
INFO: H0754 está en la zona común.
may 02, 2025 1:28:31 P. M. Log info
INFO: H0066 está en la zona común.
may 02, 2025 1:28:31 P. M. Log info
INFO: H0496 está en la zona común.
may 02, 2025 1:28:31 P. M. Log info
INFO: H0917 está en la zona común.
may 02, 2025 1:28:31 P. M. Log info
INFO: H0337 está en la zona común.
may 02, 2025 1:28:31 P. M. Log info
INFO: H0624 está en la zona común.
may 02, 2025 1:28:31 P. M. Log info
INFO: H0887 está en la zona común.
may 02, 2025 1:28:31 P. M. Log info
INFO: H0121 está en la zona común.
may 02, 2025 1:28:31 P. M. Log info
INFO: H0922 está en la zona común.
may 02, 2025 1:28:31 P. M. Log info
INFO: H0804 está en la zona común.
may 02, 2025 1:28:31 P. M. Log info
INFO: H0951 está en la zona común.
may 02, 2025 1:28:31 P. M. Log info
INFO: H0946 está en la zona común.
may 02, 2025 1:28:31 P. M. Log info
INFO: H0122 está en la zona común.
may 02, 2025 1:28:31 P. M. Log info
INFO: H0530 está en la zona común.
may 02, 2025 1:28:31 P. M. Log info
INFO: H0274 está en la zona común.
may 02, 2025 1:28:31 P. M. Log info
INFO: H0363 está en la zona común.
may 02, 2025 1:28:31 P. M. Log info
INFO: H0487 está en la zona común.
may 02, 2025 1:28:31 P. M. Log info
INFO: H0026 está en la zona común.
may 02, 2025 1:28:31 P. M. Log info
INFO: H0236 está en la zona común.
may 02, 2025 1:28:31 P. M. Log info
INFO: H0687 está en la zona común.
may 02, 2025 1:28:31 P. M. Log info
INFO: H0470 está en la zona común.
may 02, 2025 1:28:31 P. M. Log info
INFO: H0604 está en la zona común.
may 02, 2025 1:28:31 P. M. Log info
INFO: H0198 está en la zona común.
may 02, 2025 1:28:31 P. M. Log info
INFO: H0033 está en la zona común.
may 02, 2025 1:28:31 P. M. Log info
INFO: H0512 está en la zona común.
may 02, 2025 1:28:31 P. M. Log info
INFO: H0883 está en la zona común.
may 02, 2025 1:28:31 P. M. Log info
INFO: H0215 está en la zona común.
may 02, 2025 1:28:31 P. M. Log info
INFO: H0734 está en la zona común.
may 02, 2025 1:28:31 P. M. Log info
INFO: H0158 está en la zona común.
may 02, 2025 1:28:31 P. M. Log info
INFO: H0533 está en la zona común.
may 02, 2025 1:28:31 P. M. Log info
INFO: H0976 está en la zona común.
may 02, 2025 1:28:31 P. M. Log info
INFO: H0142 está en la zona común.
may 02, 2025 1:28:31 P. M. Log info
INFO: H0494 está en la zona común.
may 02, 2025 1:28:31 P. M. Log info
INFO: H0733 está en la zona común.
may 02, 2025 1:28:31 P. M. Log info
INFO: H0205 está en la zona común.
may 02, 2025 1:28:31 P. M. Log info
INFO: H0648 está en la zona común.
may 02, 2025 1:28:31 P. M. Log info
INFO: H0984 está en la zona común.
may 02, 2025 1:28:31 P. M. Log info
INFO: H0500 está en la zona común.
may 02, 2025 1:28:31 P. M. Log info
INFO: H0602 está en la zona común.
may 02, 2025 1:28:31 P. M. Log info
INFO: H0696 está en la zona común.
may 02, 2025 1:28:31 P. M. Log info
INFO: H0866 está en la zona común.
may 02, 2025 1:28:31 P. M. Log info
INFO: H0204 está en la zona común.
may 02, 2025 1:28:31 P. M. Log info
INFO: H0764 está en la zona común.
may 02, 2025 1:28:31 P. M. Log info
INFO: H0085 está en la zona común.
may 02, 2025 1:28:31 P. M. Log info
INFO: H0776 está en la zona común.
may 02, 2025 1:28:31 P. M. Log info
INFO: H0393 está en la zona común.
may 02, 2025 1:28:31 P. M. Log info
INFO: H0933 está en la zona común.
may 02, 2025 1:28:31 P. M. Log info
INFO: H0543 está en la zona común.
may 02, 2025 1:28:31 P. M. Log info
INFO: H0716 está en la zona común.
may 02, 2025 1:28:31 P. M. Log info
INFO: H0448 está en la zona común.
may 02, 2025 1:28:31 P. M. Log info
INFO: H0335 está en la zona común.
may 02, 2025 1:28:31 P. M. Log info
INFO: H0832 está en la zona común.
may 02, 2025 1:28:31 P. M. Log info
INFO: H0890 está en la zona común.
may 02, 2025 1:28:31 P. M. Log info
INFO: H0143 está en la zona común.
may 02, 2025 1:28:31 P. M. Log info
INFO: H0392 está en la zona común.
may 02, 2025 1:28:31 P. M. Log info
INFO: H0986 está en la zona común.
may 02, 2025 1:28:31 P. M. Log info
INFO: H0438 está en la zona común.
may 02, 2025 1:28:31 P. M. Log info
INFO: H0577 está en la zona común.
may 02, 2025 1:28:31 P. M. Log info
INFO: H0823 está en la zona común.
may 02, 2025 1:28:31 P. M. Log info
INFO: H0803 está en la zona común.
may 02, 2025 1:28:31 P. M. Log info
INFO: H0742 está en la zona común.
may 02, 2025 1:28:31 P. M. Log info
INFO: H0320 está en la zona común.
may 02, 2025 1:28:31 P. M. Log info
INFO: H0440 está en la zona común.
may 02, 2025 1:28:31 P. M. Log info
INFO: H0312 está en la zona común.
may 02, 2025 1:28:31 P. M. Log info
INFO: H0607 está en la zona común.
may 02, 2025 1:28:31 P. M. Log info
INFO: H0018 está en la zona común.
may 02, 2025 1:28:31 P. M. Log info
INFO: H0522 está en la zona común.
may 02, 2025 1:28:31 P. M. Log info
INFO: H0720 está en la zona común.
may 02, 2025 1:28:31 P. M. Log info
INFO: H0404 está en la zona común.
may 02, 2025 1:28:31 P. M. Log info
INFO: H0076 está en la zona común.
may 02, 2025 1:28:31 P. M. Log info
INFO: H0644 está en la zona común.
may 02, 2025 1:28:31 P. M. Log info
INFO: H0369 está en la zona común.
may 02, 2025 1:28:31 P. M. Log info
INFO: H0958 está en la zona común.
may 02, 2025 1:28:31 P. M. Log info
INFO: H0421 está en la zona común.
may 02, 2025 1:28:31 P. M. Log info
INFO: H0285 está en la zona común.
may 02, 2025 1:28:31 P. M. Log info
INFO: H0105 está en la zona común.
may 02, 2025 1:28:31 P. M. Log info
INFO: H0164 está en la zona común.
may 02, 2025 1:28:31 P. M. Log info
INFO: H0912 está en la zona común.
may 02, 2025 1:28:31 P. M. Log info
INFO: H0699 está en la zona común.
may 02, 2025 1:28:31 P. M. Log info
INFO: H0093 está en la zona común.
may 02, 2025 1:28:31 P. M. Log info
INFO: H0626 está en la zona común.
may 02, 2025 1:28:31 P. M. Log info
INFO: H0552 está en la zona común.
may 02, 2025 1:28:31 P. M. Log info
INFO: H0409 está en la zona común.
may 02, 2025 1:28:31 P. M. Log info
INFO: H0849 está en la zona común.
may 02, 2025 1:28:31 P. M. Log info
INFO: H0812 está en la zona común.
may 02, 2025 1:28:31 P. M. Log info
INFO: H0572 está en la zona común.
may 02, 2025 1:28:31 P. M. Log info
INFO: H0945 está en la zona común.
may 02, 2025 1:28:31 P. M. Log info
INFO: H0897 está en la zona común.
may 02, 2025 1:28:31 P. M. Log info
INFO: H0659 está en la zona común.
may 02, 2025 1:28:31 P. M. Log info
INFO: H0228 está en la zona común.
may 02, 2025 1:28:31 P. M. Log info
INFO: H0597 está en la zona común.
may 02, 2025 1:28:31 P. M. Log info
INFO: H0756 está en la zona común.
may 02, 2025 1:28:31 P. M. Log info
INFO: H0867 está en la zona común.
may 02, 2025 1:28:31 P. M. Log info
INFO: H0083 está en la zona común.
may 02, 2025 1:28:31 P. M. Log info
INFO: H0869 está en la zona común.
may 02, 2025 1:28:31 P. M. Log info
INFO: H0010 está en la zona común.
may 02, 2025 1:28:31 P. M. Log info
INFO: H0466 está en la zona común.
may 02, 2025 1:28:31 P. M. Log info
INFO: H0988 está en la zona común.
may 02, 2025 1:28:31 P. M. Log info
INFO: H0787 está en la zona común.
may 02, 2025 1:28:31 P. M. Log info
INFO: H0194 está en la zona común.
may 02, 2025 1:28:31 P. M. Log info
INFO: H0589 está en la zona común.
may 02, 2025 1:28:31 P. M. Log info
INFO: H0888 está en la zona común.
may 02, 2025 1:28:31 P. M. Log info
INFO: H0045 está en la zona común.
may 02, 2025 1:28:31 P. M. Log info
INFO: H0724 está en la zona común.
may 02, 2025 1:28:31 P. M. Log info
INFO: H0309 está en la zona común.
may 02, 2025 1:28:31 P. M. Log info
INFO: H0036 está en la zona común.
may 02, 2025 1:28:31 P. M. Log info
INFO: H0595 está en la zona común.
may 02, 2025 1:28:31 P. M. Log info
INFO: H0790 está en la zona común.
may 02, 2025 1:28:31 P. M. Log info
INFO: H0129 está en la zona común.
may 02, 2025 1:28:31 P. M. Log info
INFO: H0406 está en la zona común.
may 02, 2025 1:28:31 P. M. Log info
INFO: H0382 está en la zona común.
may 02, 2025 1:28:31 P. M. Log info
INFO: H0141 está en la zona común.
may 02, 2025 1:28:31 P. M. Log info
INFO: H0527 está en la zona común.
may 02, 2025 1:28:31 P. M. Log info
INFO: H0417 está en la zona común.
may 02, 2025 1:28:31 P. M. Log info
INFO: H0784 está en la zona común.
may 02, 2025 1:28:31 P. M. Log info
INFO: H0505 está en la zona común.
may 02, 2025 1:28:31 P. M. Log info
INFO: H0188 está en la zona común.
may 02, 2025 1:28:31 P. M. Log info
INFO: H0134 está en la zona común.
may 02, 2025 1:28:31 P. M. Log info
INFO: H0012 está en la zona común.
may 02, 2025 1:28:31 P. M. Log info
INFO: H0023 está en la zona común.
may 02, 2025 1:28:31 P. M. Log info
INFO: H0374 está en la zona común.
may 02, 2025 1:28:31 P. M. Log info
INFO: H0825 está en la zona común.
may 02, 2025 1:28:31 P. M. Log info
INFO: H0008 está en la zona común.
may 02, 2025 1:28:31 P. M. Log info
INFO: H0871 está en la zona común.
may 02, 2025 1:28:31 P. M. Log info
INFO: H0396 está en la zona común.
may 02, 2025 1:28:31 P. M. Log info
INFO: H0420 está en la zona común.
may 02, 2025 1:28:31 P. M. Log info
INFO: H0948 está en la zona común.
may 02, 2025 1:28:31 P. M. Log info
INFO: H0944 está en la zona común.
may 02, 2025 1:28:31 P. M. Log info
INFO: H0885 está en la zona común.
may 02, 2025 1:28:31 P. M. Log info
INFO: H0950 está en la zona común.
may 02, 2025 1:28:31 P. M. Log info
INFO: H0985 está en la zona común.
may 02, 2025 1:28:31 P. M. Log info
INFO: H0490 está en la zona común.
may 02, 2025 1:28:31 P. M. Log info
INFO: H0715 está en la zona común.
may 02, 2025 1:28:31 P. M. Log info
INFO: H0128 está en la zona común.
may 02, 2025 1:28:31 P. M. Log info
INFO: H0065 está en la zona común.
may 02, 2025 1:28:31 P. M. Log info
INFO: H0842 está en la zona común.
may 02, 2025 1:28:31 P. M. Log info
INFO: H0513 está en la zona común.
may 02, 2025 1:28:31 P. M. Log info
INFO: H0546 está en la zona común.
may 02, 2025 1:28:31 P. M. Log info
INFO: H0034 está en la zona común.
may 02, 2025 1:28:31 P. M. Log info
INFO: H0627 está en la zona común.
may 02, 2025 1:28:31 P. M. Log info
INFO: H0447 está en la zona común.
may 02, 2025 1:28:31 P. M. Log info
INFO: H0660 está en la zona común.
may 02, 2025 1:28:31 P. M. Log info
INFO: H0237 está en la zona común.
may 02, 2025 1:28:31 P. M. Log info
INFO: H0101 está en la zona común.
may 02, 2025 1:28:31 P. M. Log info
INFO: H0676 está en la zona común.
may 02, 2025 1:28:31 P. M. Log info
INFO: H0762 está en la zona común.
may 02, 2025 1:28:31 P. M. Log info
INFO: H0094 está en la zona común.
may 02, 2025 1:28:31 P. M. Log info
INFO: H0064 está en la zona común.
may 02, 2025 1:28:31 P. M. Log info
INFO: H0343 está en la zona común.
may 02, 2025 1:28:31 P. M. Log info
INFO: H0980 está en la zona común.
may 02, 2025 1:28:31 P. M. Log info
INFO: H0257 está en la zona común.
may 02, 2025 1:28:31 P. M. Log info
INFO: H0280 está en la zona común.
may 02, 2025 1:28:31 P. M. Log info
INFO: H0655 está en la zona común.
may 02, 2025 1:28:31 P. M. Log info
INFO: H0799 está en la zona común.
may 02, 2025 1:28:31 P. M. Log info
INFO: H0174 está en la zona común.
may 02, 2025 1:28:31 P. M. Log info
INFO: H0909 está en la zona común.
may 02, 2025 1:28:31 P. M. Log info
INFO: H0160 está en la zona común.
may 02, 2025 1:28:31 P. M. Log info
INFO: H0622 está en la zona común.
may 02, 2025 1:28:31 P. M. Log info
INFO: H0486 está en la zona común.
may 02, 2025 1:28:31 P. M. Log info
INFO: H0625 está en la zona común.
may 02, 2025 1:28:31 P. M. Log info
INFO: H0057 está en la zona común.
may 02, 2025 1:28:31 P. M. Log info
INFO: H0328 está en la zona común.
may 02, 2025 1:28:31 P. M. Log info
INFO: H0240 está en la zona común.
may 02, 2025 1:28:31 P. M. Log info
INFO: H0256 está en la zona común.
may 02, 2025 1:28:31 P. M. Log info
INFO: H0003 está en la zona común.
may 02, 2025 1:28:31 P. M. Log info
INFO: H0398 está en la zona común.
may 02, 2025 1:28:31 P. M. Log info
INFO: H0615 está en la zona común.
may 02, 2025 1:28:31 P. M. Log info
INFO: H0195 está en la zona común.
may 02, 2025 1:28:31 P. M. Log info
INFO: H0114 está en la zona común.
may 02, 2025 1:28:31 P. M. Log info
INFO: H0692 está en la zona común.
may 02, 2025 1:28:31 P. M. Log info
INFO: H0707 está en la zona común.
may 02, 2025 1:28:31 P. M. Log info
INFO: H0995 está en la zona común.
may 02, 2025 1:28:31 P. M. Log info
INFO: H0971 está en la zona común.
may 02, 2025 1:28:31 P. M. Log info
INFO: H0020 está en la zona común.
may 02, 2025 1:28:31 P. M. Log info
INFO: H0357 está en la zona común.
may 02, 2025 1:28:31 P. M. Log info
INFO: H0811 está en la zona común.
may 02, 2025 1:28:31 P. M. Log info
INFO: H0566 está en la zona común.
may 02, 2025 1:28:31 P. M. Log info
INFO: H0454 está en la zona común.
may 02, 2025 1:28:31 P. M. Log info
INFO: H0596 está en la zona común.
may 02, 2025 1:28:31 P. M. Log info
INFO: H0927 está en la zona común.
may 02, 2025 1:28:31 P. M. Log info
INFO: H0356 está en la zona común.
may 02, 2025 1:28:31 P. M. Log info
INFO: H0638 está en la zona común.
may 02, 2025 1:28:31 P. M. Log info
INFO: H0929 está en la zona común.
may 02, 2025 1:28:31 P. M. Log info
INFO: H0612 está en la zona común.
may 02, 2025 1:28:31 P. M. Log info
INFO: H0930 está en la zona común.
may 02, 2025 1:28:31 P. M. Log info
INFO: H0810 está en la zona común.
may 02, 2025 1:28:31 P. M. Log info
INFO: H0407 está en la zona común.
may 02, 2025 1:28:31 P. M. Log info
INFO: H0828 está en la zona común.
may 02, 2025 1:28:31 P. M. Log info
INFO: H0741 está en la zona común.
may 02, 2025 1:28:31 P. M. Log info
INFO: H0075 está en la zona común.
may 02, 2025 1:28:31 P. M. Log info
INFO: H0302 está en la zona común.
may 02, 2025 1:28:31 P. M. Log info
INFO: H0852 está en la zona común.
may 02, 2025 1:28:31 P. M. Log info
INFO: H0879 está en la zona común.
may 02, 2025 1:28:31 P. M. Log info
INFO: H0631 está en la zona común.
may 02, 2025 1:28:31 P. M. Log info
INFO: H0937 está en la zona común.
may 02, 2025 1:28:31 P. M. Log info
INFO: H0227 está en la zona común.
may 02, 2025 1:28:31 P. M. Log info
INFO: H0582 está en la zona común.
may 02, 2025 1:28:31 P. M. Log info
INFO: H0025 está en la zona común.
may 02, 2025 1:28:31 P. M. Log info
INFO: H0511 está en la zona común.
may 02, 2025 1:28:31 P. M. Log info
INFO: H0788 está en la zona común.
may 02, 2025 1:28:31 P. M. Log info
INFO: H0162 está en la zona común.
may 02, 2025 1:28:31 P. M. Log info
INFO: H0435 está en la zona común.
may 02, 2025 1:28:31 P. M. Log info
INFO: H0780 está en la zona común.
may 02, 2025 1:28:31 P. M. Log info
INFO: H0492 está en la zona común.
may 02, 2025 1:28:31 P. M. Log info
INFO: H0113 está en la zona común.
may 02, 2025 1:28:31 P. M. Log info
INFO: H0102 está en la zona común.
may 02, 2025 1:28:31 P. M. Log info
INFO: H0706 está en la zona común.
may 02, 2025 1:28:31 P. M. Log info
INFO: H0361 está en la zona común.
may 02, 2025 1:28:31 P. M. Log info
INFO: H0791 está en la zona común.
may 02, 2025 1:28:31 P. M. Log info
INFO: H0573 está en la zona común.
may 02, 2025 1:28:31 P. M. Log info
INFO: H0350 está en la zona común.
may 02, 2025 1:28:31 P. M. Log info
INFO: H0196 está en la zona común.
may 02, 2025 1:28:31 P. M. Log info
INFO: H0736 está en la zona común.
may 02, 2025 1:28:31 P. M. Log info
INFO: H0318 está en la zona común.
may 02, 2025 1:28:31 P. M. Log info
INFO: H0099 está en la zona común.
may 02, 2025 1:28:31 P. M. Log info
INFO: H0947 está en la zona común.
may 02, 2025 1:28:31 P. M. Log info
INFO: H0478 está en la zona común.
may 02, 2025 1:28:31 P. M. Log info
INFO: H0042 está en la zona común.
may 02, 2025 1:28:31 P. M. Log info
INFO: H0517 está en la zona común.
may 02, 2025 1:28:31 P. M. Log info
INFO: H0818 está en la zona común.
may 02, 2025 1:28:31 P. M. Log info
INFO: H0303 está en la zona común.
may 02, 2025 1:28:31 P. M. Log info
INFO: H0295 está en la zona común.
may 02, 2025 1:28:31 P. M. Log info
INFO: H0118 está en la zona común.
may 02, 2025 1:28:31 P. M. Log info
INFO: H0907 está en la zona común.
may 02, 2025 1:28:31 P. M. Log info
INFO: H0200 está en la zona común.
may 02, 2025 1:28:31 P. M. Log info
INFO: H0190 está en la zona común.
may 02, 2025 1:28:31 P. M. Log info
INFO: H0846 está en la zona común.
may 02, 2025 1:28:31 P. M. Log info
INFO: H0292 está en la zona común.
may 02, 2025 1:28:31 P. M. Log info
INFO: H0972 está en la zona común.
may 02, 2025 1:28:31 P. M. Log info
INFO: H0015 está en la zona común.
may 02, 2025 1:28:31 P. M. Log info
INFO: H0349 está en la zona común.
may 02, 2025 1:28:31 P. M. Log info
INFO: H0002 está en la zona común.
may 02, 2025 1:28:31 P. M. Log info
INFO: H0942 está en la zona común.
may 02, 2025 1:28:31 P. M. Log info
INFO: H0571 está en la zona común.
may 02, 2025 1:28:31 P. M. Log info
INFO: H0959 está en la zona común.
may 02, 2025 1:28:31 P. M. Log info
INFO: H0515 está en la zona común.
may 02, 2025 1:28:31 P. M. Log info
INFO: H0464 está en la zona común.
may 02, 2025 1:28:31 P. M. Log info
INFO: H0232 está en la zona común.
may 02, 2025 1:28:31 P. M. Log info
INFO: H0633 está en la zona común.
may 02, 2025 1:28:31 P. M. Log info
INFO: H0712 está en la zona común.
may 02, 2025 1:28:31 P. M. Log info
INFO: H0658 está en la zona común.
may 02, 2025 1:28:31 P. M. Log info
INFO: H0957 está en la zona común.
may 02, 2025 1:28:31 P. M. Log info
INFO: H0663 está en la zona común.
may 02, 2025 1:28:31 P. M. Log info
INFO: H0019 está en la zona común.
may 02, 2025 1:28:31 P. M. Log info
INFO: H0697 está en la zona común.
may 02, 2025 1:28:31 P. M. Log info
INFO: H0723 está en la zona común.
may 02, 2025 1:28:31 P. M. Log info
INFO: H0058 está en la zona común.
may 02, 2025 1:28:31 P. M. Log info
INFO: H0781 está en la zona común.
may 02, 2025 1:28:31 P. M. Log info
INFO: H0322 está en la zona común.
may 02, 2025 1:28:31 P. M. Log info
INFO: H0679 está en la zona común.
may 02, 2025 1:28:31 P. M. Log info
INFO: H0049 está en la zona común.
may 02, 2025 1:28:31 P. M. Log info
INFO: H0773 está en la zona común.
may 02, 2025 1:28:31 P. M. Log info
INFO: H0266 está en la zona común.
may 02, 2025 1:28:31 P. M. Log info
INFO: H0379 está en la zona común.
may 02, 2025 1:28:31 P. M. Log info
INFO: H0183 está en la zona común.
may 02, 2025 1:28:31 P. M. Log info
INFO: H0559 está en la zona común.
may 02, 2025 1:28:31 P. M. Log info
INFO: H0286 está en la zona común.
may 02, 2025 1:28:31 P. M. Log info
INFO: H0459 está en la zona común.
may 02, 2025 1:28:31 P. M. Log info
INFO: H0996 está en la zona común.
may 02, 2025 1:28:31 P. M. Log info
INFO: H0029 está en la zona común.
may 02, 2025 1:28:31 P. M. Log info
INFO: H0131 está en la zona común.
may 02, 2025 1:28:31 P. M. Log info
INFO: H0389 está en la zona común.
may 02, 2025 1:28:31 P. M. Log info
INFO: H0824 está en la zona común.
may 02, 2025 1:28:31 P. M. Log info
INFO: H0923 está en la zona común.
may 02, 2025 1:28:31 P. M. Log info
INFO: H0541 está en la zona común.
may 02, 2025 1:28:31 P. M. Log info
INFO: H0590 está en la zona común.
may 02, 2025 1:28:31 P. M. Log info
INFO: H0442 está en la zona común.
may 02, 2025 1:28:31 P. M. Log info
INFO: H0069 está en la zona común.
may 02, 2025 1:28:31 P. M. Log info
INFO: H0269 está en la zona común.
may 02, 2025 1:28:31 P. M. Log info
INFO: H0071 está en la zona común.
may 02, 2025 1:28:31 P. M. Log info
INFO: H0430 está en la zona común.
may 02, 2025 1:28:31 P. M. Log info
INFO: H0931 está en la zona común.
may 02, 2025 1:28:31 P. M. Log info
INFO: H0587 está en la zona común.
may 02, 2025 1:28:31 P. M. Log info
INFO: H0801 está en la zona común.
may 02, 2025 1:28:31 P. M. Log info
INFO: H0772 está en la zona común.
may 02, 2025 1:28:31 P. M. Log info
INFO: H0614 está en la zona común.
may 02, 2025 1:28:31 P. M. Log info
INFO: H0451 está en la zona común.
may 02, 2025 1:28:31 P. M. Log info
INFO: H0017 está en la zona común.
may 02, 2025 1:28:31 P. M. Log info
INFO: H0935 está en la zona común.
may 02, 2025 1:28:31 P. M. Log info
INFO: H0932 está en la zona común.
may 02, 2025 1:28:31 P. M. Log info
INFO: H0778 está en la zona común.
may 02, 2025 1:28:31 P. M. Log info
INFO: H0514 está en la zona común.
may 02, 2025 1:28:31 P. M. Log info
INFO: H0837 está en la zona común.
may 02, 2025 1:28:31 P. M. Log info
INFO: H0727 está en la zona común.
may 02, 2025 1:28:31 P. M. Log info
INFO: H0339 está en la zona común.
may 02, 2025 1:28:31 P. M. Log info
INFO: H0016 está en la zona común.
may 02, 2025 1:28:31 P. M. Log info
INFO: H0052 está en la zona común.
may 02, 2025 1:28:31 P. M. Log info
INFO: H0148 está en la zona común.
may 02, 2025 1:28:31 P. M. Log info
INFO: H0391 está en la zona común.
may 02, 2025 1:28:31 P. M. Log info
INFO: H0132 está en la zona común.
may 02, 2025 1:28:31 P. M. Log info
INFO: H0053 está en la zona común.
may 02, 2025 1:28:31 P. M. Log info
INFO: H0260 está en la zona común.
may 02, 2025 1:28:31 P. M. Log info
INFO: H0684 está en la zona común.
may 02, 2025 1:28:31 P. M. Log info
INFO: H0476 está en la zona común.
may 02, 2025 1:28:31 P. M. Log info
INFO: H0884 está en la zona común.
may 02, 2025 1:28:31 P. M. Log info
INFO: H0167 está en la zona común.
may 02, 2025 1:28:31 P. M. Log info
INFO: H0755 está en la zona común.
may 02, 2025 1:28:31 P. M. Log info
INFO: H0645 está en la zona común.
may 02, 2025 1:28:31 P. M. Log info
INFO: H0693 está en la zona común.
may 02, 2025 1:28:31 P. M. Log info
INFO: H0807 está en la zona común.
may 02, 2025 1:28:31 P. M. Log info
INFO: H0014 está en la zona común.
may 02, 2025 1:28:31 P. M. Log info
INFO: H0994 está en la zona común.
may 02, 2025 1:28:31 P. M. Log info
INFO: H0861 está en la zona común.
may 02, 2025 1:28:31 P. M. Log info
INFO: H0119 está en la zona común.
may 02, 2025 1:28:31 P. M. Log info
INFO: H0073 está en la zona común.
may 02, 2025 1:28:31 P. M. Log info
INFO: H0056 está en la zona común.
may 02, 2025 1:28:31 P. M. Log info
INFO: H0506 está en la zona común.
may 02, 2025 1:28:31 P. M. Log info
INFO: H0313 está en la zona común.
may 02, 2025 1:28:31 P. M. Log info
INFO: H0841 está en la zona común.
may 02, 2025 1:28:31 P. M. Log info
INFO: H0336 está en la zona común.
may 02, 2025 1:28:31 P. M. Log info
INFO: H0427 está en la zona común.
may 02, 2025 1:28:31 P. M. Log info
INFO: H0163 está en la zona común.
may 02, 2025 1:28:31 P. M. Log info
INFO: H0915 está en la zona común.
may 02, 2025 1:28:31 P. M. Log info
INFO: H0252 está en la zona común.
may 02, 2025 1:28:31 P. M. Log info
INFO: H0338 está en la zona común.
may 02, 2025 1:28:31 P. M. Log info
INFO: H0074 está en la zona común.
may 02, 2025 1:28:31 P. M. Log info
INFO: H0653 está en la zona común.
may 02, 2025 1:28:31 P. M. Log info
INFO: H0970 está en la zona común.
may 02, 2025 1:28:31 P. M. Log info
INFO: H0387 está en la zona común.
may 02, 2025 1:28:31 P. M. Log info
INFO: H0184 está en la zona común.
may 02, 2025 1:28:31 P. M. Log info
INFO: H0217 está en la zona común.
may 02, 2025 1:28:31 P. M. Log info
INFO: H0661 está en la zona común.
may 02, 2025 1:28:31 P. M. Log info
INFO: H0150 está en la zona común.
may 02, 2025 1:28:31 P. M. Log info
INFO: H0685 está en la zona común.
may 02, 2025 1:28:31 P. M. Log info
INFO: H0262 está en la zona común.
may 02, 2025 1:28:31 P. M. Log info
INFO: H0331 está en la zona común.
may 02, 2025 1:28:31 P. M. Log info
INFO: H0178 está en la zona común.
may 02, 2025 1:28:31 P. M. Log info
INFO: H0489 está en la zona común.
may 02, 2025 1:28:31 P. M. Log info
INFO: H0657 está en la zona común.
may 02, 2025 1:28:31 P. M. Log info
INFO: H0144 está en la zona común.
may 02, 2025 1:28:31 P. M. Log info
INFO: H0084 está en la zona común.
may 02, 2025 1:28:31 P. M. Log info
INFO: H0783 está en la zona común.
may 02, 2025 1:28:31 P. M. Log info
INFO: H0981 está en la zona común.
may 02, 2025 1:28:31 P. M. Log info
INFO: H0323 está en la zona común.
may 02, 2025 1:28:31 P. M. Log info
INFO: H0528 está en la zona común.
may 02, 2025 1:28:31 P. M. Log info
INFO: H0547 está en la zona común.
may 02, 2025 1:28:31 P. M. Log info
INFO: H0565 está en la zona común.
may 02, 2025 1:28:31 P. M. Log info
INFO: H0902 está en la zona común.
may 02, 2025 1:28:31 P. M. Log info
INFO: H0040 está en la zona común.
may 02, 2025 1:28:31 P. M. Log info
INFO: H0035 está en la zona común.
may 02, 2025 1:28:31 P. M. Log info
INFO: H0974 está en la zona común.
may 02, 2025 1:28:31 P. M. Log info
INFO: H0516 está en la zona común.
may 02, 2025 1:28:31 P. M. Log info
INFO: H0508 está en la zona común.
may 02, 2025 1:28:31 P. M. Log info
INFO: H0674 está en la zona común.
may 02, 2025 1:28:31 P. M. Log info
INFO: H0642 está en la zona común.
may 02, 2025 1:28:31 P. M. Log info
INFO: H0282 está en la zona común.
may 02, 2025 1:28:31 P. M. Log info
INFO: H0123 está en la zona común.
may 02, 2025 1:28:31 P. M. Log info
INFO: H0817 está en la zona común.
may 02, 2025 1:28:31 P. M. Log info
INFO: H0098 está en la zona común.
may 02, 2025 1:28:31 P. M. Log info
INFO: H0116 está en la zona común.
may 02, 2025 1:28:31 P. M. Log info
INFO: H0662 está en la zona común.
may 02, 2025 1:28:31 P. M. Log info
INFO: H0967 está en la zona común.
may 02, 2025 1:28:31 P. M. Log info
INFO: H0007 está en la zona común.
may 02, 2025 1:28:31 P. M. Log info
INFO: H0939 está en la zona común.
may 02, 2025 1:28:31 P. M. Log info
INFO: H0583 está en la zona común.
may 02, 2025 1:28:31 P. M. Log info
INFO: H0561 está en la zona común.
may 02, 2025 1:28:31 P. M. Log info
INFO: H0358 está en la zona común.
may 02, 2025 1:28:31 P. M. Log info
INFO: H0376 está en la zona común.
may 02, 2025 1:28:31 P. M. Log info
INFO: H0092 está en la zona común.
may 02, 2025 1:28:31 P. M. Log info
INFO: H0278 está en la zona común.
may 02, 2025 1:28:31 P. M. Log info
INFO: H0671 está en la zona común.
may 02, 2025 1:28:31 P. M. Log info
INFO: H0109 está en la zona común.
may 02, 2025 1:28:31 P. M. Log info
INFO: H0838 está en la zona común.
may 02, 2025 1:28:31 P. M. Log info
INFO: H0618 está en la zona común.
may 02, 2025 1:28:31 P. M. Log info
INFO: H0744 está en la zona común.
may 02, 2025 1:28:31 P. M. Log info
INFO: H0192 está en la zona común.
may 02, 2025 1:28:31 P. M. Log info
INFO: H0769 está en la zona común.
may 02, 2025 1:28:31 P. M. Log info
INFO: H0532 está en la zona común.
may 02, 2025 1:28:31 P. M. Log info
INFO: H0549 está en la zona común.
may 02, 2025 1:28:31 P. M. Log info
INFO: H0761 está en la zona común.
may 02, 2025 1:28:31 P. M. Log info
INFO: H0535 está en la zona común.
may 02, 2025 1:28:31 P. M. Log info
INFO: H0165 está en la zona común.
may 02, 2025 1:28:31 P. M. Log info
INFO: H0904 está en la zona común.
may 02, 2025 1:28:31 P. M. Log info
INFO: H0479 está en la zona común.
may 02, 2025 1:28:31 P. M. Log info
INFO: H0117 está en la zona común.
may 02, 2025 1:28:31 P. M. Log info
INFO: H0806 está en la zona común.
may 02, 2025 1:28:31 P. M. Log info
INFO: H0529 está en la zona común.
may 02, 2025 1:28:31 P. M. Log info
INFO: H0600 está en la zona común.
may 02, 2025 1:28:31 P. M. Log info
INFO: H0711 está en la zona común.
may 02, 2025 1:28:31 P. M. Log info
INFO: H0793 está en la zona común.
may 02, 2025 1:28:31 P. M. Log info
INFO: H0997 está en la zona común.
may 02, 2025 1:28:31 P. M. Log info
INFO: H0272 está en la zona común.
may 02, 2025 1:28:31 P. M. Log info
INFO: H0104 está en la zona común.
may 02, 2025 1:28:31 P. M. Log info
INFO: H0864 está en la zona común.
may 02, 2025 1:28:31 P. M. Log info
INFO: H0713 está en la zona común.
may 02, 2025 1:28:31 P. M. Log info
INFO: H0443 está en la zona común.
may 02, 2025 1:28:31 P. M. Log info
INFO: H0221 está en la zona común.
may 02, 2025 1:28:31 P. M. Log info
INFO: H0248 está en la zona común.
may 02, 2025 1:28:31 P. M. Log info
INFO: H0483 está en la zona común.
may 02, 2025 1:28:31 P. M. Log info
INFO: H0193 está en la zona común.
may 02, 2025 1:28:31 P. M. Log info
INFO: H0629 está en la zona común.
may 02, 2025 1:28:31 P. M. Log info
INFO: H0202 está en la zona común.
may 02, 2025 1:28:31 P. M. Log info
INFO: H0226 está en la zona común.
may 02, 2025 1:28:31 P. M. Log info
INFO: H0287 está en la zona común.
may 02, 2025 1:28:31 P. M. Log info
INFO: H0258 está en la zona común.
may 02, 2025 1:28:31 P. M. Log info
INFO: H0894 está en la zona común.
may 02, 2025 1:28:31 P. M. Log info
INFO: H0940 está en la zona común.
may 02, 2025 1:28:31 P. M. Log info
INFO: H0385 está esperando para salir en el túnel 0
may 02, 2025 1:28:32 P. M. Log info
INFO: H0001 está en la zona común.
may 02, 2025 1:28:32 P. M. Log info
INFO: H0000 está esperando para salir en el túnel 1
may 02, 2025 1:39:32 P. M. Log info
INFO: H0000 está en la zona común.
may 02, 2025 1:39:34 P. M. Log info
INFO: H0000 está esperando para salir en el túnel 0
may 02, 2025 1:48:00 P. M. Log info
INFO: H0000 está en la zona común.
may 02, 2025 1:48:02 P. M. Log info
INFO: H0000 está esperando para salir en el túnel 3
may 02, 2025 1:49:37 P. M. Log info
INFO: H0035 está en la zona común.
may 02, 2025 1:49:37 P. M. Log info
INFO: H0129 está en la zona común.
may 02, 2025 1:49:37 P. M. Log info
INFO: H0183 está en la zona común.
may 02, 2025 1:49:37 P. M. Log info
INFO: H0145 está en la zona común.
may 02, 2025 1:49:37 P. M. Log info
INFO: H0038 está en la zona común.
may 02, 2025 1:49:37 P. M. Log info
INFO: H0061 está en la zona común.
may 02, 2025 1:49:37 P. M. Log info
INFO: H0120 está en la zona común.
may 02, 2025 1:49:37 P. M. Log info
INFO: H0082 está en la zona común.
may 02, 2025 1:49:37 P. M. Log info
INFO: H0258 está en la zona común.
may 02, 2025 1:49:37 P. M. Log info
INFO: H0008 está en la zona común.
may 02, 2025 1:49:37 P. M. Log info
INFO: H0006 está en la zona común.
may 02, 2025 1:49:37 P. M. Log info
INFO: H0153 está en la zona común.
may 02, 2025 1:49:37 P. M. Log info
INFO: H0100 está en la zona común.
may 02, 2025 1:49:37 P. M. Log info
INFO: H0065 está en la zona común.
may 02, 2025 1:49:37 P. M. Log info
INFO: H0109 está en la zona común.
may 02, 2025 1:49:37 P. M. Log info
INFO: H0192 está en la zona común.
may 02, 2025 1:49:37 P. M. Log info
INFO: H0067 está en la zona común.
may 02, 2025 1:49:37 P. M. Log info
INFO: H0081 está en la zona común.
may 02, 2025 1:49:37 P. M. Log info
INFO: H0336 está en la zona común.
may 02, 2025 1:49:37 P. M. Log info
INFO: H0275 está en la zona común.
may 02, 2025 1:49:37 P. M. Log info
INFO: H0077 está en la zona común.
may 02, 2025 1:49:37 P. M. Log info
INFO: H0377 está en la zona común.
may 02, 2025 1:49:37 P. M. Log info
INFO: H0232 está en la zona común.
may 02, 2025 1:49:37 P. M. Log info
INFO: H0001 está en la zona común.
may 02, 2025 1:49:37 P. M. Log info
INFO: H0441 está en la zona común.
may 02, 2025 1:49:37 P. M. Log info
INFO: H0398 está en la zona común.
may 02, 2025 1:49:37 P. M. Log info
INFO: H0386 está en la zona común.
may 02, 2025 1:49:37 P. M. Log info
INFO: H0244 está en la zona común.
may 02, 2025 1:49:37 P. M. Log info
INFO: H0335 está en la zona común.
may 02, 2025 1:49:37 P. M. Log info
INFO: H0426 está en la zona común.
may 02, 2025 1:49:37 P. M. Log info
INFO: H0051 está en la zona común.
may 02, 2025 1:49:37 P. M. Log info
INFO: H0625 está en la zona común.
may 02, 2025 1:49:37 P. M. Log info
INFO: H0032 está en la zona común.
may 02, 2025 1:49:37 P. M. Log info
INFO: H0564 está en la zona común.
may 02, 2025 1:49:37 P. M. Log info
INFO: H0237 está en la zona común.
may 02, 2025 1:49:37 P. M. Log info
INFO: H0444 está en la zona común.
may 02, 2025 1:49:37 P. M. Log info
INFO: H0483 está en la zona común.
may 02, 2025 1:49:37 P. M. Log info
INFO: H0195 está en la zona común.
may 02, 2025 1:49:37 P. M. Log info
INFO: H0400 está en la zona común.
may 02, 2025 1:49:37 P. M. Log info
INFO: H0235 está en la zona común.
may 02, 2025 1:49:37 P. M. Log info
INFO: H0280 está en la zona común.
may 02, 2025 1:49:37 P. M. Log info
INFO: H0535 está en la zona común.
may 02, 2025 1:49:37 P. M. Log info
INFO: H0512 está en la zona común.
may 02, 2025 1:49:37 P. M. Log info
INFO: H0354 está en la zona común.
may 02, 2025 1:49:37 P. M. Log info
INFO: H0627 está en la zona común.
may 02, 2025 1:49:37 P. M. Log info
INFO: H0574 está en la zona común.
may 02, 2025 1:49:37 P. M. Log info
INFO: H0165 está en la zona común.
may 02, 2025 1:49:37 P. M. Log info
INFO: H0672 está en la zona común.
may 02, 2025 1:49:37 P. M. Log info
INFO: H0046 está en la zona común.
may 02, 2025 1:49:37 P. M. Log info
INFO: H0086 está en la zona común.
may 02, 2025 1:49:37 P. M. Log info
INFO: H0549 está en la zona común.
may 02, 2025 1:49:37 P. M. Log info
INFO: H0748 está en la zona común.
may 02, 2025 1:49:37 P. M. Log info
INFO: H0343 está en la zona común.
may 02, 2025 1:49:37 P. M. Log info
INFO: H0594 está en la zona común.
may 02, 2025 1:49:37 P. M. Log info
INFO: H0566 está en la zona común.
may 02, 2025 1:49:37 P. M. Log info
INFO: H0000 está en la zona común.
may 02, 2025 1:49:37 P. M. Log info
INFO: H0123 está en la zona común.
may 02, 2025 1:49:37 P. M. Log info
INFO: H0039 está en la zona común.
may 02, 2025 1:49:37 P. M. Log info
INFO: H0473 está en la zona común.
may 02, 2025 1:49:37 P. M. Log info
INFO: H0027 está en la zona común.
may 02, 2025 1:49:37 P. M. Log info
INFO: H0586 está en la zona común.
may 02, 2025 1:49:37 P. M. Log info
INFO: H0609 está en la zona común.
may 02, 2025 1:49:37 P. M. Log info
INFO: H0246 está en la zona común.
may 02, 2025 1:49:37 P. M. Log info
INFO: H0091 está en la zona común.
may 02, 2025 1:49:37 P. M. Log info
INFO: H0317 está en la zona común.
may 02, 2025 1:49:37 P. M. Log info
INFO: H0469 está en la zona común.
may 02, 2025 1:49:37 P. M. Log info
INFO: H0352 está en la zona común.
may 02, 2025 1:49:37 P. M. Log info
INFO: H0611 está en la zona común.
may 02, 2025 1:49:37 P. M. Log info
INFO: H0254 está en la zona común.
may 02, 2025 1:49:37 P. M. Log info
INFO: H0804 está en la zona común.
may 02, 2025 1:49:37 P. M. Log info
INFO: H0492 está en la zona común.
may 02, 2025 1:49:37 P. M. Log info
INFO: H0565 está en la zona común.
may 02, 2025 1:49:37 P. M. Log info
INFO: H0260 está en la zona común.
may 02, 2025 1:49:37 P. M. Log info
INFO: H0834 está en la zona común.
may 02, 2025 1:49:37 P. M. Log info
INFO: H0012 está en la zona común.
may 02, 2025 1:49:37 P. M. Log info
INFO: H0704 está en la zona común.
may 02, 2025 1:49:37 P. M. Log info
INFO: H0321 está en la zona común.
may 02, 2025 1:49:37 P. M. Log info
INFO: H0339 está en la zona común.
may 02, 2025 1:49:37 P. M. Log info
INFO: H0776 está en la zona común.
may 02, 2025 1:49:37 P. M. Log info
INFO: H0487 está en la zona común.
may 02, 2025 1:49:37 P. M. Log info
INFO: H0903 está en la zona común.
may 02, 2025 1:49:37 P. M. Log info
INFO: H0033 está en la zona común.
may 02, 2025 1:49:37 P. M. Log info
INFO: H0707 está en la zona común.
may 02, 2025 1:49:37 P. M. Log info
INFO: H0349 está en la zona común.
may 02, 2025 1:49:37 P. M. Log info
INFO: H0599 está en la zona común.
may 02, 2025 1:49:37 P. M. Log info
INFO: H0466 está en la zona común.
may 02, 2025 1:49:37 P. M. Log info
INFO: H0733 está en la zona común.
may 02, 2025 1:49:37 P. M. Log info
INFO: H0819 está en la zona común.
may 02, 2025 1:49:37 P. M. Log info
INFO: H0213 está en la zona común.
may 02, 2025 1:49:37 P. M. Log info
INFO: H0304 está en la zona común.
may 02, 2025 1:49:37 P. M. Log info
INFO: H0085 está en la zona común.
may 02, 2025 1:49:37 P. M. Log info
INFO: H0801 está en la zona común.
may 02, 2025 1:49:37 P. M. Log info
INFO: H0924 está en la zona común.
may 02, 2025 1:49:37 P. M. Log info
INFO: H0702 está en la zona común.
may 02, 2025 1:49:37 P. M. Log info
INFO: H0005 está en la zona común.
may 02, 2025 1:49:37 P. M. Log info
INFO: H0230 está en la zona común.
may 02, 2025 1:49:37 P. M. Log info
INFO: H0864 está en la zona común.
may 02, 2025 1:49:37 P. M. Log info
INFO: H0267 está en la zona común.
may 02, 2025 1:49:37 P. M. Log info
INFO: H0247 está en la zona común.
may 02, 2025 1:49:37 P. M. Log info
INFO: H0203 está en la zona común.
may 02, 2025 1:49:37 P. M. Log info
INFO: H0179 está en la zona común.
may 02, 2025 1:49:37 P. M. Log info
INFO: H0485 está en la zona común.
may 02, 2025 1:49:37 P. M. Log info
INFO: H0060 está en la zona común.
may 02, 2025 1:49:37 P. M. Log info
INFO: H0877 está en la zona común.
may 02, 2025 1:49:37 P. M. Log info
INFO: H0126 está en la zona común.
may 02, 2025 1:49:37 P. M. Log info
INFO: H0738 está en la zona común.
may 02, 2025 1:49:37 P. M. Log info
INFO: H0421 está en la zona común.
may 02, 2025 1:49:37 P. M. Log info
INFO: H0829 está en la zona común.
may 02, 2025 1:49:37 P. M. Log info
INFO: H0021 está en la zona común.
may 02, 2025 1:49:37 P. M. Log info
INFO: H0133 está en la zona común.
may 02, 2025 1:49:37 P. M. Log info
INFO: H0909 está en la zona común.
may 02, 2025 1:49:37 P. M. Log info
INFO: H0887 está en la zona común.
may 02, 2025 1:49:37 P. M. Log info
INFO: H0584 está en la zona común.
may 02, 2025 1:49:37 P. M. Log info
INFO: H0543 está en la zona común.
may 02, 2025 1:49:37 P. M. Log info
INFO: H0727 está en la zona común.
may 02, 2025 1:49:37 P. M. Log info
INFO: H0657 está en la zona común.
may 02, 2025 1:49:37 P. M. Log info
INFO: H0746 está en la zona común.
may 02, 2025 1:49:37 P. M. Log info
INFO: H0205 está en la zona común.
may 02, 2025 1:49:37 P. M. Log info
INFO: H0274 está en la zona común.
may 02, 2025 1:49:37 P. M. Log info
INFO: H0898 está en la zona común.
may 02, 2025 1:49:37 P. M. Log info
INFO: H0261 está en la zona común.
may 02, 2025 1:49:37 P. M. Log info
INFO: H0169 está en la zona común.
may 02, 2025 1:49:37 P. M. Log info
INFO: H0559 está en la zona común.
may 02, 2025 1:49:37 P. M. Log info
INFO: H0894 está en la zona común.
may 02, 2025 1:49:37 P. M. Log info
INFO: H0459 está en la zona común.
may 02, 2025 1:49:37 P. M. Log info
INFO: H0440 está en la zona común.
may 02, 2025 1:49:37 P. M. Log info
INFO: H0742 está en la zona común.
may 02, 2025 1:49:37 P. M. Log info
INFO: H0501 está en la zona común.
may 02, 2025 1:49:37 P. M. Log info
INFO: H0062 está en la zona común.
may 02, 2025 1:49:37 P. M. Log info
INFO: H0918 está en la zona común.
may 02, 2025 1:49:37 P. M. Log info
INFO: H0752 está en la zona común.
may 02, 2025 1:49:37 P. M. Log info
INFO: H0670 está en la zona común.
may 02, 2025 1:49:37 P. M. Log info
INFO: H0540 está en la zona común.
may 02, 2025 1:49:37 P. M. Log info
INFO: H0620 está en la zona común.
may 02, 2025 1:49:37 P. M. Log info
INFO: H0362 está en la zona común.
may 02, 2025 1:49:37 P. M. Log info
INFO: H0355 está en la zona común.
may 02, 2025 1:49:37 P. M. Log info
INFO: H0774 está en la zona común.
may 02, 2025 1:49:37 P. M. Log info
INFO: H0366 está en la zona común.
may 02, 2025 1:49:37 P. M. Log info
INFO: H0961 está en la zona común.
may 02, 2025 1:49:37 P. M. Log info
INFO: H0075 está en la zona común.
may 02, 2025 1:49:37 P. M. Log info
INFO: H0560 está en la zona común.
may 02, 2025 1:49:37 P. M. Log info
INFO: H0506 está en la zona común.
may 02, 2025 1:49:37 P. M. Log info
INFO: H0443 está en la zona común.
may 02, 2025 1:49:37 P. M. Log info
INFO: H0608 está en la zona común.
may 02, 2025 1:49:37 P. M. Log info
INFO: H0911 está en la zona común.
may 02, 2025 1:49:37 P. M. Log info
INFO: H0563 está en la zona común.
may 02, 2025 1:49:37 P. M. Log info
INFO: H0567 está en la zona común.
may 02, 2025 1:49:37 P. M. Log info
INFO: H0290 está en la zona común.
may 02, 2025 1:49:37 P. M. Log info
INFO: H0526 está en la zona común.
may 02, 2025 1:49:37 P. M. Log info
INFO: H0687 está en la zona común.
may 02, 2025 1:49:37 P. M. Log info
INFO: H0202 está en la zona común.
may 02, 2025 1:49:37 P. M. Log info
INFO: H0425 está en la zona común.
may 02, 2025 1:49:37 P. M. Log info
INFO: H0374 está en la zona común.
may 02, 2025 1:49:37 P. M. Log info
INFO: H0498 está en la zona común.
may 02, 2025 1:49:37 P. M. Log info
INFO: H0953 está en la zona común.
may 02, 2025 1:49:37 P. M. Log info
INFO: H0777 está en la zona común.
may 02, 2025 1:49:37 P. M. Log info
INFO: H0351 está en la zona común.
may 02, 2025 1:49:37 P. M. Log info
INFO: H0159 está en la zona común.
may 02, 2025 1:49:37 P. M. Log info
INFO: H0026 está en la zona común.
may 02, 2025 1:49:37 P. M. Log info
INFO: H0922 está en la zona común.
may 02, 2025 1:49:37 P. M. Log info
INFO: H0289 está en la zona común.
may 02, 2025 1:49:37 P. M. Log info
INFO: H0313 está en la zona común.
may 02, 2025 1:49:37 P. M. Log info
INFO: H0970 está en la zona común.
may 02, 2025 1:49:37 P. M. Log info
INFO: H0076 está en la zona común.
may 02, 2025 1:49:37 P. M. Log info
INFO: H0486 está en la zona común.
may 02, 2025 1:49:37 P. M. Log info
INFO: H0853 está en la zona común.
may 02, 2025 1:49:37 P. M. Log info
INFO: H0413 está en la zona común.
may 02, 2025 1:49:37 P. M. Log info
INFO: H0649 está en la zona común.
may 02, 2025 1:49:37 P. M. Log info
INFO: H0821 está en la zona común.
may 02, 2025 1:49:37 P. M. Log info
INFO: H0455 está en la zona común.
may 02, 2025 1:49:37 P. M. Log info
INFO: H0356 está en la zona común.
may 02, 2025 1:49:37 P. M. Log info
INFO: H0029 está en la zona común.
may 02, 2025 1:49:37 P. M. Log info
INFO: H0394 está en la zona común.
may 02, 2025 1:49:37 P. M. Log info
INFO: H0399 está en la zona común.
may 02, 2025 1:49:37 P. M. Log info
INFO: H0447 está en la zona común.
may 02, 2025 1:49:37 P. M. Log info
INFO: H0667 está en la zona común.
may 02, 2025 1:49:37 P. M. Log info
INFO: H0457 está en la zona común.
may 02, 2025 1:49:37 P. M. Log info
INFO: H0040 está en la zona común.
may 02, 2025 1:49:37 P. M. Log info
INFO: H0098 está en la zona común.
may 02, 2025 1:49:37 P. M. Log info
INFO: H0104 está en la zona común.
may 02, 2025 1:49:37 P. M. Log info
INFO: H0189 está en la zona común.
may 02, 2025 1:49:37 P. M. Log info
INFO: H0536 está en la zona común.
may 02, 2025 1:49:37 P. M. Log info
INFO: H0615 está en la zona común.
may 02, 2025 1:49:37 P. M. Log info
INFO: H0166 está en la zona común.
may 02, 2025 1:49:37 P. M. Log info
INFO: H0103 está en la zona común.
may 02, 2025 1:49:37 P. M. Log info
INFO: H0883 está en la zona común.
may 02, 2025 1:49:37 P. M. Log info
INFO: H0726 está en la zona común.
may 02, 2025 1:49:37 P. M. Log info
INFO: H0472 está en la zona común.
may 02, 2025 1:49:37 P. M. Log info
INFO: H0064 está en la zona común.
may 02, 2025 1:49:37 P. M. Log info
INFO: H0002 está en la zona común.
may 02, 2025 1:49:37 P. M. Log info
INFO: H0268 está en la zona común.
may 02, 2025 1:49:37 P. M. Log info
INFO: H0823 está en la zona común.
may 02, 2025 1:49:37 P. M. Log info
INFO: H0858 está en la zona común.
may 02, 2025 1:49:37 P. M. Log info
INFO: H0987 está en la zona común.
may 02, 2025 1:49:37 P. M. Log info
INFO: H0510 está en la zona común.
may 02, 2025 1:49:37 P. M. Log info
INFO: H0418 está en la zona común.
may 02, 2025 1:49:37 P. M. Log info
INFO: H0242 está en la zona común.
may 02, 2025 1:49:37 P. M. Log info
INFO: H0350 está en la zona común.
may 02, 2025 1:49:37 P. M. Log info
INFO: H0562 está en la zona común.
may 02, 2025 1:49:37 P. M. Log info
INFO: H0467 está en la zona común.
may 02, 2025 1:49:37 P. M. Log info
INFO: H0695 está en la zona común.
may 02, 2025 1:49:37 P. M. Log info
INFO: H0643 está en la zona común.
may 02, 2025 1:49:37 P. M. Log info
INFO: H0613 está en la zona común.
may 02, 2025 1:49:37 P. M. Log info
INFO: H0826 está en la zona común.
may 02, 2025 1:49:37 P. M. Log info
INFO: H0175 está en la zona común.
may 02, 2025 1:49:37 P. M. Log info
INFO: H0229 está en la zona común.
may 02, 2025 1:49:37 P. M. Log info
INFO: H0882 está en la zona común.
may 02, 2025 1:49:37 P. M. Log info
INFO: H0018 está en la zona común.
may 02, 2025 1:49:37 P. M. Log info
INFO: H0131 está en la zona común.
may 02, 2025 1:49:37 P. M. Log info
INFO: H0066 está en la zona común.
may 02, 2025 1:49:37 P. M. Log info
INFO: H0986 está en la zona común.
may 02, 2025 1:49:37 P. M. Log info
INFO: H0809 está en la zona común.
may 02, 2025 1:49:37 P. M. Log info
INFO: H0150 está en la zona común.
may 02, 2025 1:49:37 P. M. Log info
INFO: H0999 está en la zona común.
may 02, 2025 1:49:37 P. M. Log info
INFO: H0099 está en la zona común.
may 02, 2025 1:49:37 P. M. Log info
INFO: H0529 está en la zona común.
may 02, 2025 1:49:37 P. M. Log info
INFO: H0892 está en la zona común.
may 02, 2025 1:49:37 P. M. Log info
INFO: H0612 está en la zona común.
may 02, 2025 1:49:37 P. M. Log info
INFO: H0532 está en la zona común.
may 02, 2025 1:49:37 P. M. Log info
INFO: H0088 está en la zona común.
may 02, 2025 1:49:37 P. M. Log info
INFO: H0990 está en la zona común.
may 02, 2025 1:49:37 P. M. Log info
INFO: H0253 está en la zona común.
may 02, 2025 1:49:37 P. M. Log info
INFO: H0107 está en la zona común.
may 02, 2025 1:49:37 P. M. Log info
INFO: H0359 está en la zona común.
may 02, 2025 1:49:37 P. M. Log info
INFO: H0814 está en la zona común.
may 02, 2025 1:49:37 P. M. Log info
INFO: H0328 está en la zona común.
may 02, 2025 1:49:37 P. M. Log info
INFO: H0939 está en la zona común.
may 02, 2025 1:49:37 P. M. Log info
INFO: H0287 está en la zona común.
may 02, 2025 1:49:37 P. M. Log info
INFO: H0936 está en la zona común.
may 02, 2025 1:49:37 P. M. Log info
INFO: H0491 está en la zona común.
may 02, 2025 1:49:37 P. M. Log info
INFO: H0991 está en la zona común.
may 02, 2025 1:49:37 P. M. Log info
INFO: H0325 está en la zona común.
may 02, 2025 1:49:37 P. M. Log info
INFO: H0660 está en la zona común.
may 02, 2025 1:49:37 P. M. Log info
INFO: H0194 está en la zona común.
may 02, 2025 1:49:37 P. M. Log info
INFO: H0976 está en la zona común.
may 02, 2025 1:49:37 P. M. Log info
INFO: H0174 está en la zona común.
may 02, 2025 1:49:37 P. M. Log info
INFO: H0383 está en la zona común.
may 02, 2025 1:49:37 P. M. Log info
INFO: H0568 está en la zona común.
may 02, 2025 1:49:37 P. M. Log info
INFO: H0783 está en la zona común.
may 02, 2025 1:49:37 P. M. Log info
INFO: H0785 está en la zona común.
may 02, 2025 1:49:37 P. M. Log info
INFO: H0857 está en la zona común.
may 02, 2025 1:49:37 P. M. Log info
INFO: H0619 está en la zona común.
may 02, 2025 1:49:37 P. M. Log info
INFO: H0606 está en la zona común.
may 02, 2025 1:49:37 P. M. Log info
INFO: H0323 está en la zona común.
may 02, 2025 1:49:37 P. M. Log info
INFO: H0971 está en la zona común.
may 02, 2025 1:49:37 P. M. Log info
INFO: H0341 está en la zona común.
may 02, 2025 1:49:37 P. M. Log info
INFO: H0255 está en la zona común.
may 02, 2025 1:49:37 P. M. Log info
INFO: H0130 está en la zona común.
may 02, 2025 1:49:37 P. M. Log info
INFO: H0292 está en la zona común.
may 02, 2025 1:49:37 P. M. Log info
INFO: H0079 está en la zona común.
may 02, 2025 1:49:37 P. M. Log info
INFO: H0409 está en la zona común.
may 02, 2025 1:49:37 P. M. Log info
INFO: H0294 está en la zona común.
may 02, 2025 1:49:37 P. M. Log info
INFO: H0697 está en la zona común.
may 02, 2025 1:49:37 P. M. Log info
INFO: H0045 está en la zona común.
may 02, 2025 1:49:37 P. M. Log info
INFO: H0833 está en la zona común.
may 02, 2025 1:49:37 P. M. Log info
INFO: H0575 está en la zona común.
may 02, 2025 1:49:37 P. M. Log info
INFO: H0206 está en la zona común.
may 02, 2025 1:49:37 P. M. Log info
INFO: H0816 está en la zona común.
may 02, 2025 1:49:37 P. M. Log info
INFO: H0279 está en la zona común.
may 02, 2025 1:49:37 P. M. Log info
INFO: H0423 está en la zona común.
may 02, 2025 1:49:37 P. M. Log info
INFO: H0326 está en la zona común.
may 02, 2025 1:49:37 P. M. Log info
INFO: H0974 está en la zona común.
may 02, 2025 1:49:37 P. M. Log info
INFO: H0278 está en la zona común.
may 02, 2025 1:49:37 P. M. Log info
INFO: H0514 está en la zona común.
may 02, 2025 1:49:37 P. M. Log info
INFO: H0436 está en la zona común.
may 02, 2025 1:49:37 P. M. Log info
INFO: H0614 está en la zona común.
may 02, 2025 1:49:37 P. M. Log info
INFO: H0753 está en la zona común.
may 02, 2025 1:49:37 P. M. Log info
INFO: H0201 está en la zona común.
may 02, 2025 1:49:37 P. M. Log info
INFO: H0662 está en la zona común.
may 02, 2025 1:49:37 P. M. Log info
INFO: H0950 está en la zona común.
may 02, 2025 1:49:37 P. M. Log info
INFO: H0712 está en la zona común.
may 02, 2025 1:49:37 P. M. Log info
INFO: H0832 está en la zona común.
may 02, 2025 1:49:37 P. M. Log info
INFO: H0578 está en la zona común.
may 02, 2025 1:49:37 P. M. Log info
INFO: H0797 está en la zona común.
may 02, 2025 1:49:37 P. M. Log info
INFO: H0729 está en la zona común.
may 02, 2025 1:49:37 P. M. Log info
INFO: H0780 está en la zona común.
may 02, 2025 1:49:37 P. M. Log info
INFO: H0689 está en la zona común.
may 02, 2025 1:49:37 P. M. Log info
INFO: H0581 está en la zona común.
may 02, 2025 1:49:37 P. M. Log info
INFO: H0538 está en la zona común.
may 02, 2025 1:49:37 P. M. Log info
INFO: H0407 está en la zona común.
may 02, 2025 1:49:37 P. M. Log info
INFO: H0057 está en la zona común.
may 02, 2025 1:49:37 P. M. Log info
INFO: H0946 está en la zona común.
may 02, 2025 1:49:37 P. M. Log info
INFO: H0553 está en la zona común.
may 02, 2025 1:49:37 P. M. Log info
INFO: H0901 está en la zona común.
may 02, 2025 1:49:37 P. M. Log info
INFO: H0331 está en la zona común.
may 02, 2025 1:49:37 P. M. Log info
INFO: H0791 está en la zona común.
may 02, 2025 1:49:37 P. M. Log info
INFO: H0856 está en la zona común.
may 02, 2025 1:49:37 P. M. Log info
INFO: H0873 está en la zona común.
may 02, 2025 1:49:37 P. M. Log info
INFO: H0917 está en la zona común.
may 02, 2025 1:49:37 P. M. Log info
INFO: H0036 está en la zona común.
may 02, 2025 1:49:37 P. M. Log info
INFO: H0458 está en la zona común.
may 02, 2025 1:49:37 P. M. Log info
INFO: H0795 está en la zona común.
may 02, 2025 1:49:37 P. M. Log info
INFO: H0135 está en la zona común.
may 02, 2025 1:49:37 P. M. Log info
INFO: H0781 está en la zona común.
may 02, 2025 1:49:37 P. M. Log info
INFO: H0209 está en la zona común.
may 02, 2025 1:49:37 P. M. Log info
INFO: H0792 está en la zona común.
may 02, 2025 1:49:37 P. M. Log info
INFO: H0765 está en la zona común.
may 02, 2025 1:49:37 P. M. Log info
INFO: H0876 está en la zona común.
may 02, 2025 1:49:37 P. M. Log info
INFO: H0739 está en la zona común.
may 02, 2025 1:49:37 P. M. Log info
INFO: H0162 está en la zona común.
may 02, 2025 1:49:37 P. M. Log info
INFO: H0031 está en la zona común.
may 02, 2025 1:49:37 P. M. Log info
INFO: H0288 está en la zona común.
may 02, 2025 1:49:37 P. M. Log info
INFO: H0722 está en la zona común.
may 02, 2025 1:49:37 P. M. Log info
INFO: H0445 está en la zona común.
may 02, 2025 1:49:37 P. M. Log info
INFO: H0589 está en la zona común.
may 02, 2025 1:49:37 P. M. Log info
INFO: H0364 está en la zona común.
may 02, 2025 1:49:37 P. M. Log info
INFO: H0111 está en la zona común.
may 02, 2025 1:49:37 P. M. Log info
INFO: H0241 está en la zona común.
may 02, 2025 1:49:37 P. M. Log info
INFO: H0724 está en la zona común.
may 02, 2025 1:49:37 P. M. Log info
INFO: H0899 está en la zona común.
may 02, 2025 1:49:37 P. M. Log info
INFO: H0020 está en la zona común.
may 02, 2025 1:49:37 P. M. Log info
INFO: H0813 está en la zona común.
may 02, 2025 1:49:37 P. M. Log info
INFO: H0735 está en la zona común.
may 02, 2025 1:49:37 P. M. Log info
INFO: H0730 está en la zona común.
may 02, 2025 1:49:37 P. M. Log info
INFO: H0080 está en la zona común.
may 02, 2025 1:49:37 P. M. Log info
INFO: H0736 está en la zona común.
may 02, 2025 1:49:37 P. M. Log info
INFO: H0477 está en la zona común.
may 02, 2025 1:49:37 P. M. Log info
INFO: H0871 está en la zona común.
may 02, 2025 1:49:37 P. M. Log info
INFO: H0138 está en la zona común.
may 02, 2025 1:49:37 P. M. Log info
INFO: H0945 está en la zona común.
may 02, 2025 1:49:37 P. M. Log info
INFO: H0766 está en la zona común.
may 02, 2025 1:49:37 P. M. Log info
INFO: H0297 está en la zona común.
may 02, 2025 1:49:37 P. M. Log info
INFO: H0009 está en la zona común.
may 02, 2025 1:49:37 P. M. Log info
INFO: H0291 está en la zona común.
may 02, 2025 1:49:37 P. M. Log info
INFO: H0460 está en la zona común.
may 02, 2025 1:49:37 P. M. Log info
INFO: H0740 está en la zona común.
may 02, 2025 1:49:37 P. M. Log info
INFO: H0461 está en la zona común.
may 02, 2025 1:49:37 P. M. Log info
INFO: H0755 está en la zona común.
may 02, 2025 1:49:37 P. M. Log info
INFO: H0913 está en la zona común.
may 02, 2025 1:49:37 P. M. Log info
INFO: H0465 está en la zona común.
may 02, 2025 1:49:37 P. M. Log info
INFO: H0188 está en la zona común.
may 02, 2025 1:49:37 P. M. Log info
INFO: H0754 está en la zona común.
may 02, 2025 1:49:37 P. M. Log info
INFO: H0751 está en la zona común.
may 02, 2025 1:49:37 P. M. Log info
INFO: H0402 está en la zona común.
may 02, 2025 1:49:37 P. M. Log info
INFO: H0245 está en la zona común.
may 02, 2025 1:49:37 P. M. Log info
INFO: H0422 está en la zona común.
may 02, 2025 1:49:37 P. M. Log info
INFO: H0862 está en la zona común.
may 02, 2025 1:49:37 P. M. Log info
INFO: H0368 está en la zona común.
may 02, 2025 1:49:37 P. M. Log info
INFO: H0597 está en la zona común.
may 02, 2025 1:49:37 P. M. Log info
INFO: H0930 está en la zona común.
may 02, 2025 1:49:37 P. M. Log info
INFO: H0998 está en la zona común.
may 02, 2025 1:49:37 P. M. Log info
INFO: H0651 está en la zona común.
may 02, 2025 1:49:37 P. M. Log info
INFO: H0653 está en la zona común.
may 02, 2025 1:49:37 P. M. Log info
INFO: H0329 está en la zona común.
may 02, 2025 1:49:37 P. M. Log info
INFO: H0716 está en la zona común.
may 02, 2025 1:49:37 P. M. Log info
INFO: H0644 está en la zona común.
may 02, 2025 1:49:37 P. M. Log info
INFO: H0679 está en la zona común.
may 02, 2025 1:49:37 P. M. Log info
INFO: H0011 está en la zona común.
may 02, 2025 1:49:37 P. M. Log info
INFO: H0533 está en la zona común.
may 02, 2025 1:49:37 P. M. Log info
INFO: H0231 está en la zona común.
may 02, 2025 1:49:37 P. M. Log info
INFO: H0863 está en la zona común.
may 02, 2025 1:49:37 P. M. Log info
INFO: H0639 está en la zona común.
may 02, 2025 1:49:37 P. M. Log info
INFO: H0236 está en la zona común.
may 02, 2025 1:49:37 P. M. Log info
INFO: H0190 está en la zona común.
may 02, 2025 1:49:37 P. M. Log info
INFO: H0217 está en la zona común.
may 02, 2025 1:49:37 P. M. Log info
INFO: H0438 está en la zona común.
may 02, 2025 1:49:37 P. M. Log info
INFO: H0978 está en la zona común.
may 02, 2025 1:49:37 P. M. Log info
INFO: H0226 está en la zona común.
may 02, 2025 1:49:37 P. M. Log info
INFO: H0404 está en la zona común.
may 02, 2025 1:49:37 P. M. Log info
INFO: H0633 está en la zona común.
may 02, 2025 1:49:37 P. M. Log info
INFO: H0931 está en la zona común.
may 02, 2025 1:49:37 P. M. Log info
INFO: H0770 está en la zona común.
may 02, 2025 1:49:37 P. M. Log info
INFO: H0789 está en la zona común.
may 02, 2025 1:49:37 P. M. Log info
INFO: H0673 está en la zona común.
may 02, 2025 1:49:37 P. M. Log info
INFO: H0845 está en la zona común.
may 02, 2025 1:49:37 P. M. Log info
INFO: H0281 está en la zona común.
may 02, 2025 1:49:37 P. M. Log info
INFO: H0854 está en la zona común.
may 02, 2025 1:49:37 P. M. Log info
INFO: H0962 está en la zona común.
may 02, 2025 1:49:37 P. M. Log info
INFO: H0385 está en la zona común.
may 02, 2025 1:49:37 P. M. Log info
INFO: H0023 está en la zona común.
may 02, 2025 1:49:37 P. M. Log info
INFO: H0515 está en la zona común.
may 02, 2025 1:49:37 P. M. Log info
INFO: H0424 está en la zona común.
may 02, 2025 1:49:37 P. M. Log info
INFO: H0380 está en la zona común.
may 02, 2025 1:49:37 P. M. Log info
INFO: H0417 está en la zona común.
may 02, 2025 1:49:37 P. M. Log info
INFO: H0756 está en la zona común.
may 02, 2025 1:49:37 P. M. Log info
INFO: H0042 está en la zona común.
may 02, 2025 1:49:37 P. M. Log info
INFO: H0520 está en la zona común.
may 02, 2025 1:49:37 P. M. Log info
INFO: H0658 está en la zona común.
may 02, 2025 1:49:37 P. M. Log info
INFO: H0719 está en la zona común.
may 02, 2025 1:49:37 P. M. Log info
INFO: H0725 está en la zona común.
may 02, 2025 1:49:37 P. M. Log info
INFO: H0375 está en la zona común.
may 02, 2025 1:49:37 P. M. Log info
INFO: H0346 está en la zona común.
may 02, 2025 1:49:37 P. M. Log info
INFO: H0688 está en la zona común.
may 02, 2025 1:49:37 P. M. Log info
INFO: H0815 está en la zona común.
may 02, 2025 1:49:37 P. M. Log info
INFO: H0682 está en la zona común.
may 02, 2025 1:49:37 P. M. Log info
INFO: H0301 está en la zona común.
may 02, 2025 1:49:37 P. M. Log info
INFO: H0810 está en la zona común.
may 02, 2025 1:49:37 P. M. Log info
INFO: H0717 está en la zona común.
may 02, 2025 1:49:37 P. M. Log info
INFO: H0187 está en la zona común.
may 02, 2025 1:49:37 P. M. Log info
INFO: H0932 está en la zona común.
may 02, 2025 1:49:37 P. M. Log info
INFO: H0481 está en la zona común.
may 02, 2025 1:49:37 P. M. Log info
INFO: H0055 está en la zona común.
may 02, 2025 1:49:37 P. M. Log info
INFO: H0768 está en la zona común.
may 02, 2025 1:49:37 P. M. Log info
INFO: H0618 está en la zona común.
may 02, 2025 1:49:37 P. M. Log info
INFO: H0186 está en la zona común.
may 02, 2025 1:49:37 P. M. Log info
INFO: H0967 está en la zona común.
may 02, 2025 1:49:37 P. M. Log info
INFO: H0583 está en la zona común.
may 02, 2025 1:49:37 P. M. Log info
INFO: H0432 está en la zona común.
may 02, 2025 1:49:37 P. M. Log info
INFO: H0118 está en la zona común.
may 02, 2025 1:49:37 P. M. Log info
INFO: H0980 está en la zona común.
may 02, 2025 1:49:37 P. M. Log info
INFO: H0197 está en la zona común.
may 02, 2025 1:49:37 P. M. Log info
INFO: H0334 está en la zona común.
may 02, 2025 1:49:37 P. M. Log info
INFO: H0134 está en la zona común.
may 02, 2025 1:49:37 P. M. Log info
INFO: H0214 está en la zona común.
may 02, 2025 1:49:37 P. M. Log info
INFO: H0396 está en la zona común.
may 02, 2025 1:49:37 P. M. Log info
INFO: H0096 está en la zona común.
may 02, 2025 1:49:37 P. M. Log info
INFO: H0074 está en la zona común.
may 02, 2025 1:49:37 P. M. Log info
INFO: H0504 está en la zona común.
may 02, 2025 1:49:37 P. M. Log info
INFO: H0782 está en la zona común.
may 02, 2025 1:49:37 P. M. Log info
INFO: H0318 está en la zona común.
may 02, 2025 1:49:37 P. M. Log info
INFO: H0773 está en la zona común.
may 02, 2025 1:49:37 P. M. Log info
INFO: H0405 está en la zona común.
may 02, 2025 1:49:37 P. M. Log info
INFO: H0499 está en la zona común.
may 02, 2025 1:49:37 P. M. Log info
INFO: H0523 está en la zona común.
may 02, 2025 1:49:37 P. M. Log info
INFO: H0024 está en la zona común.
may 02, 2025 1:49:37 P. M. Log info
INFO: H0007 está en la zona común.
may 02, 2025 1:49:37 P. M. Log info
INFO: H0798 está en la zona común.
may 02, 2025 1:49:37 P. M. Log info
INFO: H0881 está en la zona común.
may 02, 2025 1:49:37 P. M. Log info
INFO: H0072 está en la zona común.
may 02, 2025 1:49:37 P. M. Log info
INFO: H0796 está en la zona común.
may 02, 2025 1:49:37 P. M. Log info
INFO: H0415 está en la zona común.
may 02, 2025 1:49:37 P. M. Log info
INFO: H0272 está en la zona común.
may 02, 2025 1:49:37 P. M. Log info
INFO: H0747 está en la zona común.
may 02, 2025 1:49:37 P. M. Log info
INFO: H0659 está en la zona común.
may 02, 2025 1:49:37 P. M. Log info
INFO: H0152 está en la zona común.
may 02, 2025 1:49:37 P. M. Log info
INFO: H0964 está en la zona común.
may 02, 2025 1:49:37 P. M. Log info
INFO: H0474 está en la zona común.
may 02, 2025 1:49:37 P. M. Log info
INFO: H0528 está en la zona común.
may 02, 2025 1:49:37 P. M. Log info
INFO: H0048 está en la zona común.
may 02, 2025 1:49:37 P. M. Log info
INFO: H0156 está en la zona común.
may 02, 2025 1:49:37 P. M. Log info
INFO: H0299 está en la zona común.
may 02, 2025 1:49:37 P. M. Log info
INFO: H0052 está en la zona común.
may 02, 2025 1:49:37 P. M. Log info
INFO: H0371 está en la zona común.
may 02, 2025 1:49:37 P. M. Log info
INFO: H0521 está en la zona común.
may 02, 2025 1:49:37 P. M. Log info
INFO: H0542 está en la zona común.
may 02, 2025 1:49:37 P. M. Log info
INFO: H0696 está en la zona común.
may 02, 2025 1:49:37 P. M. Log info
INFO: H0805 está en la zona común.
may 02, 2025 1:49:37 P. M. Log info
INFO: H0807 está en la zona común.
may 02, 2025 1:49:37 P. M. Log info
INFO: H0378 está en la zona común.
may 02, 2025 1:49:37 P. M. Log info
INFO: H0344 está en la zona común.
may 02, 2025 1:49:37 P. M. Log info
INFO: H0462 está en la zona común.
may 02, 2025 1:49:37 P. M. Log info
INFO: H0265 está en la zona común.
may 02, 2025 1:49:37 P. M. Log info
INFO: H0571 está en la zona común.
may 02, 2025 1:49:37 P. M. Log info
INFO: H0916 está en la zona común.
may 02, 2025 1:49:37 P. M. Log info
INFO: H0925 está en la zona común.
may 02, 2025 1:49:37 P. M. Log info
INFO: H0071 está en la zona común.
may 02, 2025 1:49:37 P. M. Log info
INFO: H0897 está en la zona común.
may 02, 2025 1:49:37 P. M. Log info
INFO: H0607 está en la zona común.
may 02, 2025 1:49:37 P. M. Log info
INFO: H0940 está en la zona común.
may 02, 2025 1:49:37 P. M. Log info
INFO: H0699 está en la zona común.
may 02, 2025 1:49:37 P. M. Log info
INFO: H0332 está en la zona común.
may 02, 2025 1:49:37 P. M. Log info
INFO: H0437 está en la zona común.
may 02, 2025 1:49:37 P. M. Log info
INFO: H0286 está en la zona común.
may 02, 2025 1:49:37 P. M. Log info
INFO: H0547 está en la zona común.
may 02, 2025 1:49:37 P. M. Log info
INFO: H0935 está en la zona común.
may 02, 2025 1:49:37 P. M. Log info
INFO: H0637 está en la zona común.
may 02, 2025 1:49:37 P. M. Log info
INFO: H0842 está en la zona común.
may 02, 2025 1:49:37 P. M. Log info
INFO: H0151 está en la zona común.
may 02, 2025 1:49:37 P. M. Log info
INFO: H0604 está en la zona común.
may 02, 2025 1:49:37 P. M. Log info
INFO: H0847 está en la zona común.
may 02, 2025 1:49:37 P. M. Log info
INFO: H0116 está en la zona común.
may 02, 2025 1:49:37 P. M. Log info
INFO: H0884 está en la zona común.
may 02, 2025 1:49:37 P. M. Log info
INFO: H0926 está en la zona común.
may 02, 2025 1:49:37 P. M. Log info
INFO: H0068 está en la zona común.
may 02, 2025 1:49:37 P. M. Log info
INFO: H0143 está en la zona común.
may 02, 2025 1:49:37 P. M. Log info
INFO: H0022 está en la zona común.
may 02, 2025 1:49:37 P. M. Log info
INFO: H0412 está en la zona común.
may 02, 2025 1:49:37 P. M. Log info
INFO: H0125 está en la zona común.
may 02, 2025 1:49:37 P. M. Log info
INFO: H0363 está en la zona común.
may 02, 2025 1:49:37 P. M. Log info
INFO: H0446 está en la zona común.
may 02, 2025 1:49:37 P. M. Log info
INFO: H0663 está en la zona común.
may 02, 2025 1:49:37 P. M. Log info
INFO: H0551 está en la zona común.
may 02, 2025 1:49:37 P. M. Log info
INFO: H0223 está en la zona común.
may 02, 2025 1:49:37 P. M. Log info
INFO: H0149 está en la zona común.
may 02, 2025 1:49:37 P. M. Log info
INFO: H0284 está en la zona común.
may 02, 2025 1:49:37 P. M. Log info
INFO: H0173 está en la zona común.
may 02, 2025 1:49:37 P. M. Log info
INFO: H0124 está en la zona común.
may 02, 2025 1:49:37 P. M. Log info
INFO: H0745 está en la zona común.
may 02, 2025 1:49:37 P. M. Log info
INFO: H0941 está en la zona común.
may 02, 2025 1:49:37 P. M. Log info
INFO: H0070 está en la zona común.
may 02, 2025 1:49:37 P. M. Log info
INFO: H0850 está en la zona común.
may 02, 2025 1:49:37 P. M. Log info
INFO: H0063 está en la zona común.
may 02, 2025 1:49:37 P. M. Log info
INFO: H0977 está en la zona común.
may 02, 2025 1:49:37 P. M. Log info
INFO: H0822 está en la zona común.
may 02, 2025 1:49:37 P. M. Log info
INFO: H0596 está en la zona común.
may 02, 2025 1:49:37 P. M. Log info
INFO: H0851 está en la zona común.
may 02, 2025 1:49:37 P. M. Log info
INFO: H0427 está en la zona común.
may 02, 2025 1:49:37 P. M. Log info
INFO: H0652 está en la zona común.
may 02, 2025 1:49:37 P. M. Log info
INFO: H0714 está en la zona común.
may 02, 2025 1:49:37 P. M. Log info
INFO: H0353 está en la zona común.
may 02, 2025 1:49:37 P. M. Log info
INFO: H0376 está en la zona común.
may 02, 2025 1:49:37 P. M. Log info
INFO: H0034 está en la zona común.
may 02, 2025 1:49:37 P. M. Log info
INFO: H0157 está en la zona común.
may 02, 2025 1:49:37 P. M. Log info
INFO: H0345 está en la zona común.
may 02, 2025 1:49:37 P. M. Log info
INFO: H0761 está en la zona común.
may 02, 2025 1:49:37 P. M. Log info
INFO: H0257 está en la zona común.
may 02, 2025 1:49:37 P. M. Log info
INFO: H0616 está en la zona común.
may 02, 2025 1:49:37 P. M. Log info
INFO: H0285 está en la zona común.
may 02, 2025 1:49:37 P. M. Log info
INFO: H0208 está en la zona común.
may 02, 2025 1:49:37 P. M. Log info
INFO: H0590 está en la zona común.
may 02, 2025 1:49:37 P. M. Log info
INFO: H0570 está en la zona común.
may 02, 2025 1:49:37 P. M. Log info
INFO: H0665 está en la zona común.
may 02, 2025 1:49:37 P. M. Log info
INFO: H0470 está en la zona común.
may 02, 2025 1:49:37 P. M. Log info
INFO: H0471 está en la zona común.
may 02, 2025 1:49:37 P. M. Log info
INFO: H0224 está en la zona común.
may 02, 2025 1:49:37 P. M. Log info
INFO: H0204 está en la zona común.
may 02, 2025 1:49:37 P. M. Log info
INFO: H0621 está en la zona común.
may 02, 2025 1:49:37 P. M. Log info
INFO: H0243 está en la zona común.
may 02, 2025 1:49:37 P. M. Log info
INFO: H0828 está en la zona común.
may 02, 2025 1:49:37 P. M. Log info
INFO: H0666 está en la zona común.
may 02, 2025 1:49:37 P. M. Log info
INFO: H0176 está en la zona común.
may 02, 2025 1:49:37 P. M. Log info
INFO: H0430 está en la zona común.
may 02, 2025 1:49:37 P. M. Log info
INFO: H0836 está en la zona común.
may 02, 2025 1:49:37 P. M. Log info
INFO: H0056 está en la zona común.
may 02, 2025 1:49:37 P. M. Log info
INFO: H0880 está en la zona común.
may 02, 2025 1:49:37 P. M. Log info
INFO: H0181 está en la zona común.
may 02, 2025 1:49:37 P. M. Log info
INFO: H0095 está en la zona común.
may 02, 2025 1:49:37 P. M. Log info
INFO: H0397 está en la zona común.
may 02, 2025 1:49:37 P. M. Log info
INFO: H0750 está en la zona común.
may 02, 2025 1:49:37 P. M. Log info
INFO: H0919 está en la zona común.
may 02, 2025 1:49:38 P. M. Log info
INFO: H0635 está en la zona común.
may 02, 2025 1:49:38 P. M. Log info
INFO: H0010 está en la zona común.
may 02, 2025 1:49:38 P. M. Log info
INFO: H0434 está en la zona común.
may 02, 2025 1:49:38 P. M. Log info
INFO: H0464 está en la zona común.
may 02, 2025 1:49:38 P. M. Log info
INFO: H0855 está en la zona común.
may 02, 2025 1:49:38 P. M. Log info
INFO: H0749 está en la zona común.
may 02, 2025 1:49:38 P. M. Log info
INFO: H0468 está en la zona común.
may 02, 2025 1:49:38 P. M. Log info
INFO: H0505 está en la zona común.
may 02, 2025 1:49:38 P. M. Log info
INFO: H0233 está en la zona común.
may 02, 2025 1:49:38 P. M. Log info
INFO: H0239 está en la zona común.
may 02, 2025 1:49:38 P. M. Log info
INFO: H0508 está en la zona común.
may 02, 2025 1:49:38 P. M. Log info
INFO: H0914 está en la zona común.
may 02, 2025 1:49:38 P. M. Log info
INFO: H0367 está en la zona común.
may 02, 2025 1:49:38 P. M. Log info
INFO: H0148 está en la zona común.
may 02, 2025 1:49:38 P. M. Log info
INFO: H0622 está en la zona común.
may 02, 2025 1:49:38 P. M. Log info
INFO: H0185 está en la zona común.
may 02, 2025 1:49:38 P. M. Log info
INFO: H0708 está en la zona común.
may 02, 2025 1:49:38 P. M. Log info
INFO: H0655 está en la zona común.
may 02, 2025 1:49:38 P. M. Log info
INFO: H0171 está en la zona común.
may 02, 2025 1:49:38 P. M. Log info
INFO: H0878 está en la zona común.
may 02, 2025 1:49:38 P. M. Log info
INFO: H0891 está en la zona común.
may 02, 2025 1:49:38 P. M. Log info
INFO: H0623 está en la zona común.
may 02, 2025 1:49:38 P. M. Log info
INFO: H0530 está en la zona común.
may 02, 2025 1:49:38 P. M. Log info
INFO: H0550 está en la zona común.
may 02, 2025 1:49:38 P. M. Log info
INFO: H0128 está en la zona común.
may 02, 2025 1:49:38 P. M. Log info
INFO: H0522 está en la zona común.
may 02, 2025 1:49:38 P. M. Log info
INFO: H0860 está en la zona común.
may 02, 2025 1:49:38 P. M. Log info
INFO: H0602 está en la zona común.
may 02, 2025 1:49:38 P. M. Log info
INFO: H0493 está en la zona común.
may 02, 2025 1:49:38 P. M. Log info
INFO: H0264 está en la zona común.
may 02, 2025 1:49:38 P. M. Log info
INFO: H0238 está en la zona común.
may 02, 2025 1:49:38 P. M. Log info
INFO: H0912 está en la zona común.
may 02, 2025 1:49:38 P. M. Log info
INFO: H0324 está en la zona común.
may 02, 2025 1:49:38 P. M. Log info
INFO: H0484 está en la zona común.
may 02, 2025 1:49:38 P. M. Log info
INFO: H0435 está en la zona común.
may 02, 2025 1:49:38 P. M. Log info
INFO: H0144 está en la zona común.
may 02, 2025 1:49:38 P. M. Log info
INFO: H0293 está en la zona común.
may 02, 2025 1:49:38 P. M. Log info
INFO: H0954 está en la zona común.
may 02, 2025 1:49:38 P. M. Log info
INFO: H0601 está en la zona común.
may 02, 2025 1:49:38 P. M. Log info
INFO: H0276 está en la zona común.
may 02, 2025 1:49:38 P. M. Log info
INFO: H0319 está en la zona común.
may 02, 2025 1:49:38 P. M. Log info
INFO: H0585 está en la zona común.
may 02, 2025 1:49:38 P. M. Log info
INFO: H0957 está en la zona común.
may 02, 2025 1:49:38 P. M. Log info
INFO: H0669 está en la zona común.
may 02, 2025 1:49:38 P. M. Log info
INFO: H0358 está en la zona común.
may 02, 2025 1:49:38 P. M. Log info
INFO: H0866 está en la zona común.
may 02, 2025 1:49:38 P. M. Log info
INFO: H0456 está en la zona común.
may 02, 2025 1:49:38 P. M. Log info
INFO: H0127 está en la zona común.
may 02, 2025 1:49:38 P. M. Log info
INFO: H0867 está en la zona común.
may 02, 2025 1:49:38 P. M. Log info
INFO: H0800 está en la zona común.
may 02, 2025 1:49:38 P. M. Log info
INFO: H0681 está en la zona común.
may 02, 2025 1:49:38 P. M. Log info
INFO: H0938 está en la zona común.
may 02, 2025 1:49:38 P. M. Log info
INFO: H0249 está en la zona común.
may 02, 2025 1:49:38 P. M. Log info
INFO: H0928 está en la zona común.
may 02, 2025 1:49:38 P. M. Log info
INFO: H0391 está en la zona común.
may 02, 2025 1:49:38 P. M. Log info
INFO: H0558 está en la zona común.
may 02, 2025 1:49:38 P. M. Log info
INFO: H0419 está en la zona común.
may 02, 2025 1:49:38 P. M. Log info
INFO: H0806 está en la zona común.
may 02, 2025 1:49:38 P. M. Log info
INFO: H0524 está en la zona común.
may 02, 2025 1:49:38 P. M. Log info
INFO: H0017 está en la zona común.
may 02, 2025 1:49:38 P. M. Log info
INFO: H0108 está en la zona común.
may 02, 2025 1:49:38 P. M. Log info
INFO: H0365 está en la zona común.
may 02, 2025 1:49:38 P. M. Log info
INFO: H0234 está en la zona común.
may 02, 2025 1:49:38 P. M. Log info
INFO: H0992 está en la zona común.
may 02, 2025 1:49:38 P. M. Log info
INFO: H0715 está en la zona común.
may 02, 2025 1:49:38 P. M. Log info
INFO: H0132 está en la zona común.
may 02, 2025 1:49:38 P. M. Log info
INFO: H0757 está en la zona común.
may 02, 2025 1:49:38 P. M. Log info
INFO: H0904 está en la zona común.
may 02, 2025 1:49:38 P. M. Log info
INFO: H0408 está en la zona común.
may 02, 2025 1:49:38 P. M. Log info
INFO: H0373 está en la zona común.
may 02, 2025 1:49:38 P. M. Log info
INFO: H0787 está en la zona común.
may 02, 2025 1:49:38 P. M. Log info
INFO: H0277 está en la zona común.
may 02, 2025 1:49:38 P. M. Log info
INFO: H0642 está en la zona común.
may 02, 2025 1:49:38 P. M. Log info
INFO: H0347 está en la zona común.
may 02, 2025 1:49:38 P. M. Log info
INFO: H0228 está en la zona común.
may 02, 2025 1:49:38 P. M. Log info
INFO: H0636 está en la zona común.
may 02, 2025 1:49:38 P. M. Log info
INFO: H0641 está en la zona común.
may 02, 2025 1:49:38 P. M. Log info
INFO: H0338 está en la zona común.
may 02, 2025 1:49:38 P. M. Log info
INFO: H0348 está en la zona común.
may 02, 2025 1:49:38 P. M. Log info
INFO: H0979 está en la zona común.
may 02, 2025 1:49:38 P. M. Log info
INFO: H0944 está en la zona común.
may 02, 2025 1:49:38 P. M. Log info
INFO: H0846 está en la zona común.
may 02, 2025 1:49:38 P. M. Log info
INFO: H0163 está en la zona común.
may 02, 2025 1:49:38 P. M. Log info
INFO: H0303 está en la zona común.
may 02, 2025 1:49:38 P. M. Log info
INFO: H0200 está en la zona común.
may 02, 2025 1:49:38 P. M. Log info
INFO: H0778 está en la zona común.
may 02, 2025 1:49:38 P. M. Log info
INFO: H0721 está en la zona común.
may 02, 2025 1:49:38 P. M. Log info
INFO: H0199 está en la zona común.
may 02, 2025 1:49:38 P. M. Log info
INFO: H0794 está en la zona común.
may 02, 2025 1:49:38 P. M. Log info
INFO: H0220 está en la zona común.
may 02, 2025 1:49:38 P. M. Log info
INFO: H0544 está en la zona común.
may 02, 2025 1:49:38 P. M. Log info
INFO: H0758 está en la zona común.
may 02, 2025 1:49:38 P. M. Log info
INFO: H0004 está en la zona común.
may 02, 2025 1:49:38 P. M. Log info
INFO: H0723 está en la zona común.
may 02, 2025 1:49:38 P. M. Log info
INFO: H0968 está en la zona común.
may 02, 2025 1:49:38 P. M. Log info
INFO: H0049 está en la zona común.
may 02, 2025 1:49:38 P. M. Log info
INFO: H0167 está en la zona común.
may 02, 2025 1:49:38 P. M. Log info
INFO: H0509 está en la zona común.
may 02, 2025 1:49:38 P. M. Log info
INFO: H0452 está en la zona común.
may 02, 2025 1:49:38 P. M. Log info
INFO: H0817 está en la zona común.
may 02, 2025 1:49:38 P. M. Log info
INFO: H0677 está en la zona común.
may 02, 2025 1:49:38 P. M. Log info
INFO: H0117 está en la zona común.
may 02, 2025 1:49:38 P. M. Log info
INFO: H0610 está en la zona común.
may 02, 2025 1:49:38 P. M. Log info
INFO: H0960 está en la zona común.
may 02, 2025 1:49:38 P. M. Log info
INFO: H0259 está en la zona común.
may 02, 2025 1:49:38 P. M. Log info
INFO: H0996 está en la zona común.
may 02, 2025 1:49:38 P. M. Log info
INFO: H0093 está en la zona común.
may 02, 2025 1:49:38 P. M. Log info
INFO: H0014 está en la zona común.
may 02, 2025 1:49:38 P. M. Log info
INFO: H0690 está en la zona común.
may 02, 2025 1:49:38 P. M. Log info
INFO: H0981 está en la zona común.
may 02, 2025 1:49:38 P. M. Log info
INFO: H0139 está en la zona común.
may 02, 2025 1:49:38 P. M. Log info
INFO: H0191 está en la zona común.
may 02, 2025 1:49:38 P. M. Log info
INFO: H0519 está en la zona común.
may 02, 2025 1:49:38 P. M. Log info
INFO: H0476 está en la zona común.
may 02, 2025 1:49:38 P. M. Log info
INFO: H0732 está en la zona común.
may 02, 2025 1:49:38 P. M. Log info
INFO: H0227 está en la zona común.
may 02, 2025 1:49:38 P. M. Log info
INFO: H0893 está en la zona común.
may 02, 2025 1:49:38 P. M. Log info
INFO: H0043 está en la zona común.
may 02, 2025 1:49:38 P. M. Log info
INFO: H0106 está en la zona común.
may 02, 2025 1:49:38 P. M. Log info
INFO: H0448 está en la zona común.
may 02, 2025 1:49:38 P. M. Log info
INFO: H0802 está en la zona común.
may 02, 2025 1:49:38 P. M. Log info
INFO: H0453 está en la zona común.
may 02, 2025 1:49:38 P. M. Log info
INFO: H0025 está en la zona común.
may 02, 2025 1:49:38 P. M. Log info
INFO: H0870 está en la zona común.
may 02, 2025 1:49:38 P. M. Log info
INFO: H0403 está en la zona común.
may 02, 2025 1:49:38 P. M. Log info
INFO: H0664 está en la zona común.
may 02, 2025 1:49:38 P. M. Log info
INFO: H0475 está en la zona común.
may 02, 2025 1:49:38 P. M. Log info
INFO: H0094 está en la zona común.
may 02, 2025 1:49:38 P. M. Log info
INFO: H0554 está en la zona común.
may 02, 2025 1:49:38 P. M. Log info
INFO: H0582 está en la zona común.
may 02, 2025 1:49:38 P. M. Log info
INFO: H0320 está en la zona común.
may 02, 2025 1:49:38 P. M. Log info
INFO: H0555 está en la zona común.
may 02, 2025 1:49:38 P. M. Log info
INFO: H0711 está en la zona común.
may 02, 2025 1:49:38 P. M. Log info
INFO: H0692 está en la zona común.
may 02, 2025 1:49:38 P. M. Log info
INFO: H0951 está en la zona común.
may 02, 2025 1:49:38 P. M. Log info
INFO: H0841 está en la zona común.
may 02, 2025 1:49:38 P. M. Log info
INFO: H0852 está en la zona común.
may 02, 2025 1:49:38 P. M. Log info
INFO: H0155 está en la zona común.
may 02, 2025 1:49:38 P. M. Log info
INFO: H0182 está en la zona común.
may 02, 2025 1:49:38 P. M. Log info
INFO: H0966 está en la zona común.
may 02, 2025 1:49:38 P. M. Log info
INFO: H0579 está en la zona común.
may 02, 2025 1:49:38 P. M. Log info
INFO: H0698 está en la zona común.
may 02, 2025 1:49:38 P. M. Log info
INFO: H0401 está en la zona común.
may 02, 2025 1:49:38 P. M. Log info
INFO: H0097 está en la zona común.
may 02, 2025 1:49:38 P. M. Log info
INFO: H0310 está en la zona común.
may 02, 2025 1:49:38 P. M. Log info
INFO: H0516 está en la zona común.
may 02, 2025 1:49:38 P. M. Log info
INFO: H0454 está en la zona común.
may 02, 2025 1:49:38 P. M. Log info
INFO: H0298 está en la zona común.
may 02, 2025 1:49:38 P. M. Log info
INFO: H0503 está en la zona común.
may 02, 2025 1:49:38 P. M. Log info
INFO: H0089 está en la zona común.
may 02, 2025 1:49:38 P. M. Log info
INFO: H0431 está en la zona común.
may 02, 2025 1:49:38 P. M. Log info
INFO: H0518 está en la zona común.
may 02, 2025 1:49:38 P. M. Log info
INFO: H0869 está en la zona común.
may 02, 2025 1:49:38 P. M. Log info
INFO: H0337 está en la zona común.
may 02, 2025 1:49:38 P. M. Log info
INFO: H0395 está en la zona común.
may 02, 2025 1:49:38 P. M. Log info
INFO: H0861 está en la zona común.
may 02, 2025 1:49:38 P. M. Log info
INFO: H0920 está en la zona común.
may 02, 2025 1:49:38 P. M. Log info
INFO: H0683 está en la zona común.
may 02, 2025 1:49:38 P. M. Log info
INFO: H0865 está en la zona común.
may 02, 2025 1:49:38 P. M. Log info
INFO: H0280 está esperando para salir en el túnel 2
may 02, 2025 1:50:19 P. M. Log info
INFO: H0007 está en la zona común.
may 02, 2025 1:50:19 P. M. Log info
INFO: H0005 está en la zona común.
may 02, 2025 1:50:19 P. M. Log info
INFO: H0004 está en la zona común.
may 02, 2025 1:50:19 P. M. Log info
INFO: H0008 está en la zona común.
may 02, 2025 1:50:19 P. M. Log info
INFO: H0003 está en la zona común.
may 02, 2025 1:50:19 P. M. Log info
INFO: H0002 está en la zona común.
may 02, 2025 1:50:19 P. M. Log info
INFO: H0000 está en la zona común.
may 02, 2025 1:50:19 P. M. Log info
INFO: H0006 está en la zona común.
may 02, 2025 1:50:19 P. M. Log info
INFO: H0009 está en la zona común.
may 02, 2025 1:50:19 P. M. Log info
INFO: H0001 está en la zona común.
may 02, 2025 1:50:20 P. M. Log info
INFO: H0007 está esperando para salir en el túnel 1
may 02, 2025 1:56:33 P. M. Log info
INFO: H0000 está en la zona común.
may 02, 2025 1:56:33 P. M. Log info
INFO: H0003 está en la zona común.
may 02, 2025 1:56:33 P. M. Log info
INFO: H0006 está en la zona común.
may 02, 2025 1:56:33 P. M. Log info
INFO: H0002 está en la zona común.
may 02, 2025 1:56:33 P. M. Log info
INFO: H0007 está en la zona común.
may 02, 2025 1:56:34 P. M. Log info
INFO: H0005 está en la zona común.
may 02, 2025 1:56:34 P. M. Log info
INFO: H0009 está en la zona común.
may 02, 2025 1:56:34 P. M. Log info
INFO: H0001 está en la zona común.
may 02, 2025 1:56:34 P. M. Log info
INFO: H0004 está en la zona común.
may 02, 2025 1:56:34 P. M. Log info
INFO: H0008 está en la zona común.
may 02, 2025 1:56:34 P. M. Log info
INFO: H0000 está esperando para salir en el túnel 0
may 02, 2025 1:59:22 P. M. Log info
INFO: H0002 está en la zona común.
may 02, 2025 1:59:22 P. M. Log info
INFO: H0000 está en la zona común.
may 02, 2025 1:59:22 P. M. Log info
INFO: H0001 está en la zona común.
may 02, 2025 1:59:22 P. M. Log info
INFO: H0006 está en la zona común.
may 02, 2025 1:59:22 P. M. Log info
INFO: H0003 está en la zona común.
may 02, 2025 1:59:23 P. M. Log info
INFO: H0009 está en la zona común.
may 02, 2025 1:59:23 P. M. Log info
INFO: H0004 está en la zona común.
may 02, 2025 1:59:23 P. M. Log info
INFO: H0007 está en la zona común.
may 02, 2025 1:59:23 P. M. Log info
INFO: H0008 está en la zona común.
may 02, 2025 1:59:23 P. M. Log info
INFO: H0005 está en la zona común.
may 02, 2025 1:59:23 P. M. Log info
INFO: H0001 está esperando para salir en el túnel 3
may 02, 2025 2:00:06 P. M. Log info
INFO: H0007 está en la zona común.
may 02, 2025 2:00:06 P. M. Log info
INFO: H0001 está en la zona común.
may 02, 2025 2:00:06 P. M. Log info
INFO: H0000 está en la zona común.
may 02, 2025 2:00:06 P. M. Log info
INFO: H0004 está en la zona común.
may 02, 2025 2:00:07 P. M. Log info
INFO: H0009 está en la zona común.
may 02, 2025 2:00:07 P. M. Log info
INFO: H0008 está en la zona común.
may 02, 2025 2:00:07 P. M. Log info
INFO: H0003 está en la zona común.
may 02, 2025 2:00:07 P. M. Log info
INFO: H0005 está en la zona común.
may 02, 2025 2:00:07 P. M. Log info
INFO: H0006 está en la zona común.
may 02, 2025 2:00:07 P. M. Log info
INFO: H0002 está en la zona común.
may 02, 2025 2:01:51 P. M. Log info
INFO: H0009 está en la zona común.
may 02, 2025 2:01:51 P. M. Log info
INFO: H0006 está en la zona común.
may 02, 2025 2:01:51 P. M. Log info
INFO: H0004 está en la zona común.
may 02, 2025 2:01:51 P. M. Log info
INFO: H0003 está en la zona común.
may 02, 2025 2:01:51 P. M. Log info
INFO: H0007 está en la zona común.
may 02, 2025 2:01:51 P. M. Log info
INFO: H0002 está en la zona común.
may 02, 2025 2:01:52 P. M. Log info
INFO: H0001 está en la zona común.
may 02, 2025 2:01:52 P. M. Log info
INFO: H0000 está en la zona común.
may 02, 2025 2:01:52 P. M. Log info
INFO: H0005 está en la zona común.
may 02, 2025 2:01:52 P. M. Log info
INFO: H0008 está en la zona común.
may 02, 2025 2:01:52 P. M. Log info
INFO: H0003 está esperando para salir en el túnel 0
may 02, 2025 2:03:03 P. M. Log info
INFO: H0005 está en la zona común.
may 02, 2025 2:03:03 P. M. Log info
INFO: H0000 está en la zona común.
may 02, 2025 2:03:03 P. M. Log info
INFO: H0002 está en la zona común.
may 02, 2025 2:03:03 P. M. Log info
INFO: H0009 está en la zona común.
may 02, 2025 2:03:03 P. M. Log info
INFO: H0004 está en la zona común.
may 02, 2025 2:03:03 P. M. Log info
INFO: H0006 está en la zona común.
may 02, 2025 2:03:04 P. M. Log info
INFO: H0003 está en la zona común.
may 02, 2025 2:03:04 P. M. Log info
INFO: H0007 está en la zona común.
may 02, 2025 2:03:04 P. M. Log info
INFO: H0008 está en la zona común.
may 02, 2025 2:03:04 P. M. Log info
INFO: H0005 está esperando para salir en el túnel 3
may 02, 2025 2:03:44 P. M. Log info
INFO: H0008 está en la zona común.
may 02, 2025 2:03:44 P. M. Log info
INFO: H0002 está en la zona común.
may 02, 2025 2:03:44 P. M. Log info
INFO: H0006 está en la zona común.
may 02, 2025 2:03:44 P. M. Log info
INFO: H0004 está en la zona común.
may 02, 2025 2:03:45 P. M. Log info
INFO: H0009 está en la zona común.
may 02, 2025 2:03:45 P. M. Log info
INFO: H0001 está en la zona común.
may 02, 2025 2:03:45 P. M. Log info
INFO: H0000 está en la zona común.
may 02, 2025 2:03:45 P. M. Log info
INFO: H0003 está en la zona común.
may 02, 2025 2:03:45 P. M. Log info
INFO: H0007 está en la zona común.
may 02, 2025 2:03:46 P. M. Log info
INFO: H0005 está en la zona común.
may 02, 2025 2:03:46 P. M. Log info
INFO: H0006 está esperando para salir en el túnel 1
